--
-- PostgreSQL database dump
--

\restrict UI36QOoI5ftzF5Xh0yKQSBayXdxF3QCE9dEoSgMZ4oHMBtUm2Awwx5n0GfF7B8d

-- Dumped from database version 18.3
-- Dumped by pg_dump version 18.3

SET statement_timeout = 0;
SET lock_timeout = 0;
SET idle_in_transaction_session_timeout = 0;
SET transaction_timeout = 0;
SET client_encoding = 'UTF8';
SET standard_conforming_strings = on;
SELECT pg_catalog.set_config('search_path', '', false);
SET check_function_bodies = false;
SET xmloption = content;
SET client_min_messages = warning;
SET row_security = off;

SET default_tablespace = '';

SET default_table_access_method = heap;

--
-- Name: auth_group; Type: TABLE; Schema: public; Owner: shop_user
--

CREATE TABLE public.auth_group (
    id integer NOT NULL,
    name character varying(150) NOT NULL
);


ALTER TABLE public.auth_group OWNER TO shop_user;

--
-- Name: auth_group_id_seq; Type: SEQUENCE; Schema: public; Owner: shop_user
--

ALTER TABLE public.auth_group ALTER COLUMN id ADD GENERATED BY DEFAULT AS IDENTITY (
    SEQUENCE NAME public.auth_group_id_seq
    START WITH 1
    INCREMENT BY 1
    NO MINVALUE
    NO MAXVALUE
    CACHE 1
);


--
-- Name: auth_group_permissions; Type: TABLE; Schema: public; Owner: shop_user
--

CREATE TABLE public.auth_group_permissions (
    id bigint NOT NULL,
    group_id integer NOT NULL,
    permission_id integer NOT NULL
);


ALTER TABLE public.auth_group_permissions OWNER TO shop_user;

--
-- Name: auth_group_permissions_id_seq; Type: SEQUENCE; Schema: public; Owner: shop_user
--

ALTER TABLE public.auth_group_permissions ALTER COLUMN id ADD GENERATED BY DEFAULT AS IDENTITY (
    SEQUENCE NAME public.auth_group_permissions_id_seq
    START WITH 1
    INCREMENT BY 1
    NO MINVALUE
    NO MAXVALUE
    CACHE 1
);


--
-- Name: auth_permission; Type: TABLE; Schema: public; Owner: shop_user
--

CREATE TABLE public.auth_permission (
    id integer NOT NULL,
    name character varying(255) NOT NULL,
    content_type_id integer NOT NULL,
    codename character varying(100) NOT NULL
);


ALTER TABLE public.auth_permission OWNER TO shop_user;

--
-- Name: auth_permission_id_seq; Type: SEQUENCE; Schema: public; Owner: shop_user
--

ALTER TABLE public.auth_permission ALTER COLUMN id ADD GENERATED BY DEFAULT AS IDENTITY (
    SEQUENCE NAME public.auth_permission_id_seq
    START WITH 1
    INCREMENT BY 1
    NO MINVALUE
    NO MAXVALUE
    CACHE 1
);


--
-- Name: auth_user; Type: TABLE; Schema: public; Owner: shop_user
--

CREATE TABLE public.auth_user (
    id integer NOT NULL,
    password character varying(128) NOT NULL,
    last_login timestamp with time zone,
    is_superuser boolean NOT NULL,
    username character varying(150) NOT NULL,
    first_name character varying(150) NOT NULL,
    last_name character varying(150) NOT NULL,
    email character varying(254) NOT NULL,
    is_staff boolean NOT NULL,
    is_active boolean NOT NULL,
    date_joined timestamp with time zone NOT NULL
);


ALTER TABLE public.auth_user OWNER TO shop_user;

--
-- Name: auth_user_groups; Type: TABLE; Schema: public; Owner: shop_user
--

CREATE TABLE public.auth_user_groups (
    id bigint NOT NULL,
    user_id integer NOT NULL,
    group_id integer NOT NULL
);


ALTER TABLE public.auth_user_groups OWNER TO shop_user;

--
-- Name: auth_user_groups_id_seq; Type: SEQUENCE; Schema: public; Owner: shop_user
--

ALTER TABLE public.auth_user_groups ALTER COLUMN id ADD GENERATED BY DEFAULT AS IDENTITY (
    SEQUENCE NAME public.auth_user_groups_id_seq
    START WITH 1
    INCREMENT BY 1
    NO MINVALUE
    NO MAXVALUE
    CACHE 1
);


--
-- Name: auth_user_id_seq; Type: SEQUENCE; Schema: public; Owner: shop_user
--

ALTER TABLE public.auth_user ALTER COLUMN id ADD GENERATED BY DEFAULT AS IDENTITY (
    SEQUENCE NAME public.auth_user_id_seq
    START WITH 1
    INCREMENT BY 1
    NO MINVALUE
    NO MAXVALUE
    CACHE 1
);


--
-- Name: auth_user_user_permissions; Type: TABLE; Schema: public; Owner: shop_user
--

CREATE TABLE public.auth_user_user_permissions (
    id bigint NOT NULL,
    user_id integer NOT NULL,
    permission_id integer NOT NULL
);


ALTER TABLE public.auth_user_user_permissions OWNER TO shop_user;

--
-- Name: auth_user_user_permissions_id_seq; Type: SEQUENCE; Schema: public; Owner: shop_user
--

ALTER TABLE public.auth_user_user_permissions ALTER COLUMN id ADD GENERATED BY DEFAULT AS IDENTITY (
    SEQUENCE NAME public.auth_user_user_permissions_id_seq
    START WITH 1
    INCREMENT BY 1
    NO MINVALUE
    NO MAXVALUE
    CACHE 1
);


--
-- Name: django_admin_log; Type: TABLE; Schema: public; Owner: shop_user
--

CREATE TABLE public.django_admin_log (
    id integer NOT NULL,
    action_time timestamp with time zone NOT NULL,
    object_id text,
    object_repr character varying(200) NOT NULL,
    action_flag smallint NOT NULL,
    change_message text NOT NULL,
    content_type_id integer,
    user_id integer NOT NULL,
    CONSTRAINT django_admin_log_action_flag_check CHECK ((action_flag >= 0))
);


ALTER TABLE public.django_admin_log OWNER TO shop_user;

--
-- Name: django_admin_log_id_seq; Type: SEQUENCE; Schema: public; Owner: shop_user
--

ALTER TABLE public.django_admin_log ALTER COLUMN id ADD GENERATED BY DEFAULT AS IDENTITY (
    SEQUENCE NAME public.django_admin_log_id_seq
    START WITH 1
    INCREMENT BY 1
    NO MINVALUE
    NO MAXVALUE
    CACHE 1
);


--
-- Name: django_content_type; Type: TABLE; Schema: public; Owner: shop_user
--

CREATE TABLE public.django_content_type (
    id integer NOT NULL,
    app_label character varying(100) NOT NULL,
    model character varying(100) NOT NULL
);


ALTER TABLE public.django_content_type OWNER TO shop_user;

--
-- Name: django_content_type_id_seq; Type: SEQUENCE; Schema: public; Owner: shop_user
--

ALTER TABLE public.django_content_type ALTER COLUMN id ADD GENERATED BY DEFAULT AS IDENTITY (
    SEQUENCE NAME public.django_content_type_id_seq
    START WITH 1
    INCREMENT BY 1
    NO MINVALUE
    NO MAXVALUE
    CACHE 1
);


--
-- Name: django_migrations; Type: TABLE; Schema: public; Owner: shop_user
--

CREATE TABLE public.django_migrations (
    id bigint NOT NULL,
    app character varying(255) NOT NULL,
    name character varying(255) NOT NULL,
    applied timestamp with time zone NOT NULL
);


ALTER TABLE public.django_migrations OWNER TO shop_user;

--
-- Name: django_migrations_id_seq; Type: SEQUENCE; Schema: public; Owner: shop_user
--

ALTER TABLE public.django_migrations ALTER COLUMN id ADD GENERATED BY DEFAULT AS IDENTITY (
    SEQUENCE NAME public.django_migrations_id_seq
    START WITH 1
    INCREMENT BY 1
    NO MINVALUE
    NO MAXVALUE
    CACHE 1
);


--
-- Name: django_session; Type: TABLE; Schema: public; Owner: shop_user
--

CREATE TABLE public.django_session (
    session_key character varying(40) NOT NULL,
    session_data text NOT NULL,
    expire_date timestamp with time zone NOT NULL
);


ALTER TABLE public.django_session OWNER TO shop_user;

--
-- Name: shop_attribute; Type: TABLE; Schema: public; Owner: shop_user
--

CREATE TABLE public.shop_attribute (
    id bigint NOT NULL,
    name character varying(100) NOT NULL,
    slug character varying(100) NOT NULL,
    type character varying(20) NOT NULL,
    unit character varying(20) NOT NULL,
    is_filterable boolean NOT NULL,
    is_visible boolean NOT NULL,
    sort_order integer NOT NULL
);


ALTER TABLE public.shop_attribute OWNER TO shop_user;

--
-- Name: shop_attribute_categories; Type: TABLE; Schema: public; Owner: shop_user
--

CREATE TABLE public.shop_attribute_categories (
    id bigint NOT NULL,
    attribute_id bigint NOT NULL,
    category_id bigint NOT NULL
);


ALTER TABLE public.shop_attribute_categories OWNER TO shop_user;

--
-- Name: shop_attribute_categories_id_seq; Type: SEQUENCE; Schema: public; Owner: shop_user
--

ALTER TABLE public.shop_attribute_categories ALTER COLUMN id ADD GENERATED BY DEFAULT AS IDENTITY (
    SEQUENCE NAME public.shop_attribute_categories_id_seq
    START WITH 1
    INCREMENT BY 1
    NO MINVALUE
    NO MAXVALUE
    CACHE 1
);


--
-- Name: shop_attribute_id_seq; Type: SEQUENCE; Schema: public; Owner: shop_user
--

ALTER TABLE public.shop_attribute ALTER COLUMN id ADD GENERATED BY DEFAULT AS IDENTITY (
    SEQUENCE NAME public.shop_attribute_id_seq
    START WITH 1
    INCREMENT BY 1
    NO MINVALUE
    NO MAXVALUE
    CACHE 1
);


--
-- Name: shop_attributevalue; Type: TABLE; Schema: public; Owner: shop_user
--

CREATE TABLE public.shop_attributevalue (
    id bigint NOT NULL,
    value_text character varying(255) NOT NULL,
    value_number numeric(10,2),
    value_boolean boolean NOT NULL,
    value_color character varying(7) NOT NULL,
    attribute_id bigint NOT NULL
);


ALTER TABLE public.shop_attributevalue OWNER TO shop_user;

--
-- Name: shop_attributevalue_id_seq; Type: SEQUENCE; Schema: public; Owner: shop_user
--

ALTER TABLE public.shop_attributevalue ALTER COLUMN id ADD GENERATED BY DEFAULT AS IDENTITY (
    SEQUENCE NAME public.shop_attributevalue_id_seq
    START WITH 1
    INCREMENT BY 1
    NO MINVALUE
    NO MAXVALUE
    CACHE 1
);


--
-- Name: shop_cart; Type: TABLE; Schema: public; Owner: shop_user
--

CREATE TABLE public.shop_cart (
    id bigint NOT NULL,
    session_key character varying(40) NOT NULL,
    items jsonb NOT NULL,
    created_at timestamp with time zone NOT NULL,
    updated_at timestamp with time zone NOT NULL
);


ALTER TABLE public.shop_cart OWNER TO shop_user;

--
-- Name: shop_cart_id_seq; Type: SEQUENCE; Schema: public; Owner: shop_user
--

ALTER TABLE public.shop_cart ALTER COLUMN id ADD GENERATED BY DEFAULT AS IDENTITY (
    SEQUENCE NAME public.shop_cart_id_seq
    START WITH 1
    INCREMENT BY 1
    NO MINVALUE
    NO MAXVALUE
    CACHE 1
);


--
-- Name: shop_category; Type: TABLE; Schema: public; Owner: shop_user
--

CREATE TABLE public.shop_category (
    id bigint NOT NULL,
    name character varying(100) NOT NULL,
    slug character varying(100) NOT NULL,
    description text NOT NULL,
    image character varying(100) NOT NULL,
    created_at timestamp with time zone NOT NULL,
    full_slug character varying(500) NOT NULL,
    parent_id bigint
);


ALTER TABLE public.shop_category OWNER TO shop_user;

--
-- Name: shop_category_id_seq; Type: SEQUENCE; Schema: public; Owner: shop_user
--

ALTER TABLE public.shop_category ALTER COLUMN id ADD GENERATED BY DEFAULT AS IDENTITY (
    SEQUENCE NAME public.shop_category_id_seq
    START WITH 1
    INCREMENT BY 1
    NO MINVALUE
    NO MAXVALUE
    CACHE 1
);


--
-- Name: shop_order; Type: TABLE; Schema: public; Owner: shop_user
--

CREATE TABLE public.shop_order (
    id bigint NOT NULL,
    full_name character varying(200) NOT NULL,
    phone character varying(20) NOT NULL,
    email character varying(254) NOT NULL,
    address text NOT NULL,
    city character varying(100) NOT NULL,
    nova_post_office character varying(50) NOT NULL,
    delivery_method character varying(20) NOT NULL,
    comment text NOT NULL,
    products jsonb NOT NULL,
    total_amount numeric(10,2) NOT NULL,
    status character varying(20) NOT NULL,
    payment_id character varying(100) NOT NULL,
    is_paid boolean NOT NULL,
    payment_method character varying(50) NOT NULL,
    created_at timestamp with time zone NOT NULL,
    updated_at timestamp with time zone NOT NULL
);


ALTER TABLE public.shop_order OWNER TO shop_user;

--
-- Name: shop_order_id_seq; Type: SEQUENCE; Schema: public; Owner: shop_user
--

ALTER TABLE public.shop_order ALTER COLUMN id ADD GENERATED BY DEFAULT AS IDENTITY (
    SEQUENCE NAME public.shop_order_id_seq
    START WITH 1
    INCREMENT BY 1
    NO MINVALUE
    NO MAXVALUE
    CACHE 1
);


--
-- Name: shop_product; Type: TABLE; Schema: public; Owner: shop_user
--

CREATE TABLE public.shop_product (
    id bigint NOT NULL,
    name character varying(200) NOT NULL,
    slug character varying(200) NOT NULL,
    description text NOT NULL,
    price numeric(10,2) NOT NULL,
    old_price numeric(10,2),
    stock integer NOT NULL,
    image character varying(100) NOT NULL,
    gallery_images jsonb NOT NULL,
    is_active boolean NOT NULL,
    is_new boolean NOT NULL,
    is_bestseller boolean NOT NULL,
    meta_title character varying(200) NOT NULL,
    meta_description text NOT NULL,
    created_at timestamp with time zone NOT NULL,
    updated_at timestamp with time zone NOT NULL,
    category_id bigint NOT NULL,
    rating numeric(3,2) NOT NULL,
    reviews_count integer NOT NULL,
    CONSTRAINT shop_product_reviews_count_check CHECK ((reviews_count >= 0)),
    CONSTRAINT shop_product_stock_check CHECK ((stock >= 0))
);


ALTER TABLE public.shop_product OWNER TO shop_user;

--
-- Name: shop_product_id_seq; Type: SEQUENCE; Schema: public; Owner: shop_user
--

ALTER TABLE public.shop_product ALTER COLUMN id ADD GENERATED BY DEFAULT AS IDENTITY (
    SEQUENCE NAME public.shop_product_id_seq
    START WITH 1
    INCREMENT BY 1
    NO MINVALUE
    NO MAXVALUE
    CACHE 1
);


--
-- Name: shop_productattributevalue; Type: TABLE; Schema: public; Owner: shop_user
--

CREATE TABLE public.shop_productattributevalue (
    id bigint NOT NULL,
    extra_price numeric(10,2) NOT NULL,
    attribute_value_id bigint NOT NULL,
    product_id bigint NOT NULL
);


ALTER TABLE public.shop_productattributevalue OWNER TO shop_user;

--
-- Name: shop_productattributevalue_id_seq; Type: SEQUENCE; Schema: public; Owner: shop_user
--

ALTER TABLE public.shop_productattributevalue ALTER COLUMN id ADD GENERATED BY DEFAULT AS IDENTITY (
    SEQUENCE NAME public.shop_productattributevalue_id_seq
    START WITH 1
    INCREMENT BY 1
    NO MINVALUE
    NO MAXVALUE
    CACHE 1
);


--
-- Name: shop_review; Type: TABLE; Schema: public; Owner: shop_user
--

CREATE TABLE public.shop_review (
    id bigint NOT NULL,
    user_name character varying(100) NOT NULL,
    email character varying(254) NOT NULL,
    rating smallint NOT NULL,
    comment text NOT NULL,
    is_approved boolean NOT NULL,
    created_at timestamp with time zone NOT NULL,
    product_id bigint NOT NULL,
    CONSTRAINT shop_review_rating_check CHECK ((rating >= 0))
);


ALTER TABLE public.shop_review OWNER TO shop_user;

--
-- Name: shop_review_id_seq; Type: SEQUENCE; Schema: public; Owner: shop_user
--

ALTER TABLE public.shop_review ALTER COLUMN id ADD GENERATED BY DEFAULT AS IDENTITY (
    SEQUENCE NAME public.shop_review_id_seq
    START WITH 1
    INCREMENT BY 1
    NO MINVALUE
    NO MAXVALUE
    CACHE 1
);


--
-- Data for Name: auth_group; Type: TABLE DATA; Schema: public; Owner: shop_user
--

COPY public.auth_group (id, name) FROM stdin;
\.


--
-- Data for Name: auth_group_permissions; Type: TABLE DATA; Schema: public; Owner: shop_user
--

COPY public.auth_group_permissions (id, group_id, permission_id) FROM stdin;
\.


--
-- Data for Name: auth_permission; Type: TABLE DATA; Schema: public; Owner: shop_user
--

COPY public.auth_permission (id, name, content_type_id, codename) FROM stdin;
1	Can add log entry	1	add_logentry
2	Can change log entry	1	change_logentry
3	Can delete log entry	1	delete_logentry
4	Can view log entry	1	view_logentry
5	Can add permission	3	add_permission
6	Can change permission	3	change_permission
7	Can delete permission	3	delete_permission
8	Can view permission	3	view_permission
9	Can add group	2	add_group
10	Can change group	2	change_group
11	Can delete group	2	delete_group
12	Can view group	2	view_group
13	Can add user	4	add_user
14	Can change user	4	change_user
15	Can delete user	4	delete_user
16	Can view user	4	view_user
17	Can add content type	5	add_contenttype
18	Can change content type	5	change_contenttype
19	Can delete content type	5	delete_contenttype
20	Can view content type	5	view_contenttype
21	Can add session	6	add_session
22	Can change session	6	change_session
23	Can delete session	6	delete_session
24	Can view session	6	view_session
25	Can add Атрибут	7	add_attribute
26	Can change Атрибут	7	change_attribute
27	Can delete Атрибут	7	delete_attribute
28	Can view Атрибут	7	view_attribute
29	Can add Кошик	9	add_cart
30	Can change Кошик	9	change_cart
31	Can delete Кошик	9	delete_cart
32	Can view Кошик	9	view_cart
33	Can add Значення атрибута	8	add_attributevalue
34	Can change Значення атрибута	8	change_attributevalue
35	Can delete Значення атрибута	8	delete_attributevalue
36	Can view Значення атрибута	8	view_attributevalue
37	Can add Категорія	10	add_category
38	Can change Категорія	10	change_category
39	Can delete Категорія	10	delete_category
40	Can view Категорія	10	view_category
41	Can add Замовлення	11	add_order
42	Can change Замовлення	11	change_order
43	Can delete Замовлення	11	delete_order
44	Can view Замовлення	11	view_order
45	Can add Товар	12	add_product
46	Can change Товар	12	change_product
47	Can delete Товар	12	delete_product
48	Can view Товар	12	view_product
49	Can add Значення характеристики товару	13	add_productattributevalue
50	Can change Значення характеристики товару	13	change_productattributevalue
51	Can delete Значення характеристики товару	13	delete_productattributevalue
52	Can view Значення характеристики товару	13	view_productattributevalue
53	Can add Відгук	14	add_review
54	Can change Відгук	14	change_review
55	Can delete Відгук	14	delete_review
56	Can view Відгук	14	view_review
\.


--
-- Data for Name: auth_user; Type: TABLE DATA; Schema: public; Owner: shop_user
--

COPY public.auth_user (id, password, last_login, is_superuser, username, first_name, last_name, email, is_staff, is_active, date_joined) FROM stdin;
1	pbkdf2_sha256$1200000$qQsoqO2N6tF3IVaXmaAMst$TJOEYHmx+a6fZXNdWb6vw4uhHRt7K4fXCr2YjvDt07k=	2026-04-14 12:32:56.13918+03	t	admin			admin@example.com	t	t	2026-04-14 12:28:15.997987+03
\.


--
-- Data for Name: auth_user_groups; Type: TABLE DATA; Schema: public; Owner: shop_user
--

COPY public.auth_user_groups (id, user_id, group_id) FROM stdin;
\.


--
-- Data for Name: auth_user_user_permissions; Type: TABLE DATA; Schema: public; Owner: shop_user
--

COPY public.auth_user_user_permissions (id, user_id, permission_id) FROM stdin;
\.


--
-- Data for Name: django_admin_log; Type: TABLE DATA; Schema: public; Owner: shop_user
--

COPY public.django_admin_log (id, action_time, object_id, object_repr, action_flag, change_message, content_type_id, user_id) FROM stdin;
1	2026-04-14 12:37:32.835935+03	4	Мишка A4Tech Bloody V7M	2	[{"changed": {"fields": ["\\u0413\\u043e\\u043b\\u043e\\u0432\\u043d\\u0435 \\u0437\\u043e\\u0431\\u0440\\u0430\\u0436\\u0435\\u043d\\u043d\\u044f"]}}]	12	1
\.


--
-- Data for Name: django_content_type; Type: TABLE DATA; Schema: public; Owner: shop_user
--

COPY public.django_content_type (id, app_label, model) FROM stdin;
1	admin	logentry
2	auth	group
3	auth	permission
4	auth	user
5	contenttypes	contenttype
6	sessions	session
7	shop	attribute
8	shop	attributevalue
9	shop	cart
10	shop	category
11	shop	order
12	shop	product
13	shop	productattributevalue
14	shop	review
\.


--
-- Data for Name: django_migrations; Type: TABLE DATA; Schema: public; Owner: shop_user
--

COPY public.django_migrations (id, app, name, applied) FROM stdin;
1	contenttypes	0001_initial	2026-04-14 12:21:11.350986+03
2	auth	0001_initial	2026-04-14 12:21:11.447784+03
3	admin	0001_initial	2026-04-14 12:21:11.502259+03
4	admin	0002_logentry_remove_auto_add	2026-04-14 12:21:11.532852+03
5	admin	0003_logentry_add_action_flag_choices	2026-04-14 12:21:11.556901+03
6	contenttypes	0002_remove_content_type_name	2026-04-14 12:21:11.609539+03
7	auth	0002_alter_permission_name_max_length	2026-04-14 12:21:11.638326+03
8	auth	0003_alter_user_email_max_length	2026-04-14 12:21:11.66927+03
9	auth	0004_alter_user_username_opts	2026-04-14 12:21:11.694004+03
10	auth	0005_alter_user_last_login_null	2026-04-14 12:21:11.715285+03
11	auth	0006_require_contenttypes_0002	2026-04-14 12:21:11.720885+03
12	auth	0007_alter_validators_add_error_messages	2026-04-14 12:21:11.739952+03
13	auth	0008_alter_user_username_max_length	2026-04-14 12:21:11.790968+03
14	auth	0009_alter_user_last_name_max_length	2026-04-14 12:21:11.808493+03
15	auth	0010_alter_group_name_max_length	2026-04-14 12:21:11.827057+03
16	auth	0011_update_proxy_permissions	2026-04-14 12:21:11.843508+03
17	auth	0012_alter_user_first_name_max_length	2026-04-14 12:21:11.860834+03
18	sessions	0001_initial	2026-04-14 12:21:11.877713+03
19	shop	0001_initial	2026-04-14 12:21:12.031394+03
20	shop	0002_product_rating_product_reviews_count_review	2026-04-14 12:21:12.081034+03
\.


--
-- Data for Name: django_session; Type: TABLE DATA; Schema: public; Owner: shop_user
--

COPY public.django_session (session_key, session_data, expire_date) FROM stdin;
14yojcytpk4cxon679hcz9hq57gvk76u	.eJxVjMEOgyAQRP9lz4YAiqLH3vsNZmGXattgi3hojP_ekHjxMod5b2YHjynDsENT4rthzHP-waAq-KTZMwxg-15ICcdRwYhbnsZt5TTOBAMouHQO_YtjAfTE-FiEX2JOsxNFESddxX0hft9O93Iw4TqVNdahV41uSRpnVIu9kY47rLULXSCr0XjurGVrWOqmbbmmQDoo1OSZHRx_IcFGHg:1wCaEI:I8Co__zniCACadmFqFa-ZGAB7ewohIg3OItTVgTCEhk	2026-04-28 12:38:46.932434+03
\.


--
-- Data for Name: shop_attribute; Type: TABLE DATA; Schema: public; Owner: shop_user
--

COPY public.shop_attribute (id, name, slug, type, unit, is_filterable, is_visible, sort_order) FROM stdin;
1	Бренд	brand	text		t	t	1
2	Колір	color	color		t	t	2
3	Матеріал	material	text		t	t	3
4	Оперативна пам'ять	ram	number	GB	t	t	4
5	Накопичувач	storage	text		t	t	5
6	Процесор	cpu	text		t	t	6
7	Діагональ екрану	screen-size	number	"	t	t	7
8	Гарантія	warranty	text	місяців	t	t	8
9	Країна виробник	country	text		t	t	9
10	Тип підключення	connection	text		t	t	10
\.


--
-- Data for Name: shop_attribute_categories; Type: TABLE DATA; Schema: public; Owner: shop_user
--

COPY public.shop_attribute_categories (id, attribute_id, category_id) FROM stdin;
\.


--
-- Data for Name: shop_attributevalue; Type: TABLE DATA; Schema: public; Owner: shop_user
--

COPY public.shop_attributevalue (id, value_text, value_number, value_boolean, value_color, attribute_id) FROM stdin;
1	ASUS	\N	f		1
2	Dell	\N	f		1
3	HP	\N	f		1
4	Lenovo	\N	f		1
5	Apple	\N	f		1
6	A4Tech	\N	f		1
7	Logitech	\N	f		1
8	Чорний	\N	f	#000000	2
9	Білий	\N	f	#FFFFFF	2
10	Сірий	\N	f	#808080	2
11	Сріблястий	\N	f	#C0C0C0	2
12	Пластик	\N	f		3
13	Алюміній	\N	f		3
14		8.00	f		4
17	256GB SSD	\N	f		5
18	512GB SSD	\N	f		5
19	1TB SSD	\N	f		5
20	Intel Core i5	\N	f		6
21	Intel Core i7	\N	f		6
22	AMD Ryzen 5	\N	f		6
23		14.00	f		7
26	12	\N	f		8
27	24	\N	f		8
28	Китай	\N	f		9
29	Тайвань	\N	f		9
30	USB	\N	f		10
31	Бездротовий	\N	f		10
32	Bluetooth	\N	f		10
\.


--
-- Data for Name: shop_cart; Type: TABLE DATA; Schema: public; Owner: shop_user
--

COPY public.shop_cart (id, session_key, items, created_at, updated_at) FROM stdin;
\.


--
-- Data for Name: shop_category; Type: TABLE DATA; Schema: public; Owner: shop_user
--

COPY public.shop_category (id, name, slug, description, image, created_at, full_slug, parent_id) FROM stdin;
1	Ноутбуки та комп'ютери	notebooks	Ноутбуки, комп'ютери, моноблоки		2026-04-14 12:28:15.364001+03	notebooks/	\N
2	Периферія	peripherals	Монітори, мишки, клавіатури, навушники		2026-04-14 12:28:15.371555+03	peripherals/	\N
3	Мережеве обладнання	networking	Роутери, комутатори, мережеві карти		2026-04-14 12:28:15.39289+03	networking/	\N
4	Офісне приладдя	office	Папір, ручки, канцтовари		2026-04-14 12:28:15.397797+03	office/	\N
5	Ноутбуки	laptops	Всі види ноутбуків		2026-04-14 12:28:15.402519+03	notebooks/laptops/	1
6	Ігрові ноутбуки	gaming-laptops	Потужні ноутбуки для ігор		2026-04-14 12:28:15.407538+03	notebooks/laptops/gaming-laptops/	5
7	Офісні ноутбуки	office-laptops	Ноутбуки для роботи та навчання		2026-04-14 12:28:15.412617+03	notebooks/laptops/office-laptops/	5
8	Моноблоки	all-in-one	Комп'ютер-все-в-одному		2026-04-14 12:28:15.41751+03	notebooks/all-in-one/	1
9	Системні блоки	pcs	Стаціонарні комп'ютери		2026-04-14 12:28:15.422248+03	notebooks/pcs/	1
10	Мишки	mice	Комп'ютерні миші		2026-04-14 12:28:15.426957+03	peripherals/mice/	2
11	Клавіатури	keyboards	Клавіатури		2026-04-14 12:28:15.431652+03	peripherals/keyboards/	2
12	Монітори	monitors	Монітори та дисплеї		2026-04-14 12:28:15.436379+03	peripherals/monitors/	2
13	Навушники	headphones	Навушники та гарнітури		2026-04-14 12:28:15.441264+03	peripherals/headphones/	2
\.


--
-- Data for Name: shop_order; Type: TABLE DATA; Schema: public; Owner: shop_user
--

COPY public.shop_order (id, full_name, phone, email, address, city, nova_post_office, delivery_method, comment, products, total_amount, status, payment_id, is_paid, payment_method, created_at, updated_at) FROM stdin;
\.


--
-- Data for Name: shop_product; Type: TABLE DATA; Schema: public; Owner: shop_user
--

COPY public.shop_product (id, name, slug, description, price, old_price, stock, image, gallery_images, is_active, is_new, is_bestseller, meta_title, meta_description, created_at, updated_at, category_id, rating, reviews_count) FROM stdin;
1	Ноутбук ASUS VivoBook 15	asus-vivobook-15	Потужний ноутбук для роботи та навчання. Intel Core i5, 16GB RAM, 512GB SSD.	18999.00	15999.00	25		[]	t	t	f	ASUS VivoBook 15 купити в Україні	Ноутбук ASUS VivoBook 15 за найкращою ціною. Характеристики, відгуки, доставка.	2026-04-14 12:28:15.691093+03	2026-04-14 12:28:15.691113+03	7	0.00	0
2	Ноутбук Dell XPS 13	dell-xps-13	Преміальний ультрабук з безрамковим дисплеєм.	45999.00	\N	10		[]	t	f	t	Dell XPS 13 - преміальний ноутбук		2026-04-14 12:28:15.736119+03	2026-04-14 12:28:15.73614+03	5	0.00	0
3	Ігровий ноутбук ASUS ROG Strix	asus-rog-strix	Потужний ігровий ноутбук з RGB підсвіткою.	52999.00	49999.00	5		[]	t	t	f			2026-04-14 12:28:15.76612+03	2026-04-14 12:28:15.76614+03	6	0.00	0
5	Мишка Logitech MX Master 3	logitech-mx-master-3	Бездротова мишка для професіоналів.	3999.00	3499.00	30		[]	t	t	f			2026-04-14 12:28:15.870825+03	2026-04-14 12:28:15.870889+03	10	0.00	0
6	Монітор Dell 27" S2721H	dell-s2721h	27-дюймовий IPS монітор для роботи та розваг.	8999.00	\N	15		[]	t	f	f			2026-04-14 12:28:15.92868+03	2026-04-14 12:28:15.928719+03	12	0.00	0
7	Клавіатура Logitech K380	logitech-k380	Компактна бездротова клавіатура.	1299.00	\N	40		[]	t	f	f			2026-04-14 12:28:15.958355+03	2026-04-14 12:28:15.958395+03	11	0.00	0
4	Мишка A4Tech Bloody V7M	a4tech-bloody-v7m	Ігрова мишка з підсвіткою та додатковими кнопками.	899.00	\N	50	products/A4Tech_Bloody_V7M.jpg	[]	t	f	t			2026-04-14 12:28:15.803442+03	2026-04-14 12:37:32.833831+03	10	0.00	0
\.


--
-- Data for Name: shop_productattributevalue; Type: TABLE DATA; Schema: public; Owner: shop_user
--

COPY public.shop_productattributevalue (id, extra_price, attribute_value_id, product_id) FROM stdin;
1	0.00	1	1
2	0.00	11	1
3	0.00	18	1
4	0.00	20	1
5	0.00	27	1
6	0.00	28	1
7	0.00	2	2
8	0.00	11	2
9	0.00	18	2
10	0.00	21	2
11	0.00	23	2
12	0.00	1	3
13	0.00	8	3
14	0.00	19	3
15	0.00	21	3
16	0.00	6	4
17	0.00	8	4
18	0.00	12	4
19	0.00	30	4
20	0.00	26	4
21	0.00	28	4
22	0.00	7	5
23	0.00	10	5
24	0.00	13	5
25	0.00	32	5
26	0.00	27	5
27	0.00	2	6
28	0.00	8	6
29	0.00	7	7
30	0.00	9	7
31	0.00	32	7
\.


--
-- Data for Name: shop_review; Type: TABLE DATA; Schema: public; Owner: shop_user
--

COPY public.shop_review (id, user_name, email, rating, comment, is_approved, created_at, product_id) FROM stdin;
\.


--
-- Name: auth_group_id_seq; Type: SEQUENCE SET; Schema: public; Owner: shop_user
--

SELECT pg_catalog.setval('public.auth_group_id_seq', 1, false);


--
-- Name: auth_group_permissions_id_seq; Type: SEQUENCE SET; Schema: public; Owner: shop_user
--

SELECT pg_catalog.setval('public.auth_group_permissions_id_seq', 1, false);


--
-- Name: auth_permission_id_seq; Type: SEQUENCE SET; Schema: public; Owner: shop_user
--

SELECT pg_catalog.setval('public.auth_permission_id_seq', 56, true);


--
-- Name: auth_user_groups_id_seq; Type: SEQUENCE SET; Schema: public; Owner: shop_user
--

SELECT pg_catalog.setval('public.auth_user_groups_id_seq', 1, false);


--
-- Name: auth_user_id_seq; Type: SEQUENCE SET; Schema: public; Owner: shop_user
--

SELECT pg_catalog.setval('public.auth_user_id_seq', 1, true);


--
-- Name: auth_user_user_permissions_id_seq; Type: SEQUENCE SET; Schema: public; Owner: shop_user
--

SELECT pg_catalog.setval('public.auth_user_user_permissions_id_seq', 1, false);


--
-- Name: django_admin_log_id_seq; Type: SEQUENCE SET; Schema: public; Owner: shop_user
--

SELECT pg_catalog.setval('public.django_admin_log_id_seq', 1, true);


--
-- Name: django_content_type_id_seq; Type: SEQUENCE SET; Schema: public; Owner: shop_user
--

SELECT pg_catalog.setval('public.django_content_type_id_seq', 14, true);


--
-- Name: django_migrations_id_seq; Type: SEQUENCE SET; Schema: public; Owner: shop_user
--

SELECT pg_catalog.setval('public.django_migrations_id_seq', 20, true);


--
-- Name: shop_attribute_categories_id_seq; Type: SEQUENCE SET; Schema: public; Owner: shop_user
--

SELECT pg_catalog.setval('public.shop_attribute_categories_id_seq', 1, false);


--
-- Name: shop_attribute_id_seq; Type: SEQUENCE SET; Schema: public; Owner: shop_user
--

SELECT pg_catalog.setval('public.shop_attribute_id_seq', 10, true);


--
-- Name: shop_attributevalue_id_seq; Type: SEQUENCE SET; Schema: public; Owner: shop_user
--

SELECT pg_catalog.setval('public.shop_attributevalue_id_seq', 32, true);


--
-- Name: shop_cart_id_seq; Type: SEQUENCE SET; Schema: public; Owner: shop_user
--

SELECT pg_catalog.setval('public.shop_cart_id_seq', 1, false);


--
-- Name: shop_category_id_seq; Type: SEQUENCE SET; Schema: public; Owner: shop_user
--

SELECT pg_catalog.setval('public.shop_category_id_seq', 13, true);


--
-- Name: shop_order_id_seq; Type: SEQUENCE SET; Schema: public; Owner: shop_user
--

SELECT pg_catalog.setval('public.shop_order_id_seq', 1, false);


--
-- Name: shop_product_id_seq; Type: SEQUENCE SET; Schema: public; Owner: shop_user
--

SELECT pg_catalog.setval('public.shop_product_id_seq', 7, true);


--
-- Name: shop_productattributevalue_id_seq; Type: SEQUENCE SET; Schema: public; Owner: shop_user
--

SELECT pg_catalog.setval('public.shop_productattributevalue_id_seq', 31, true);


--
-- Name: shop_review_id_seq; Type: SEQUENCE SET; Schema: public; Owner: shop_user
--

SELECT pg_catalog.setval('public.shop_review_id_seq', 1, false);


--
-- Name: auth_group auth_group_name_key; Type: CONSTRAINT; Schema: public; Owner: shop_user
--

ALTER TABLE ONLY public.auth_group
    ADD CONSTRAINT auth_group_name_key UNIQUE (name);


--
-- Name: auth_group_permissions auth_group_permissions_group_id_permission_id_0cd325b0_uniq; Type: CONSTRAINT; Schema: public; Owner: shop_user
--

ALTER TABLE ONLY public.auth_group_permissions
    ADD CONSTRAINT auth_group_permissions_group_id_permission_id_0cd325b0_uniq UNIQUE (group_id, permission_id);


--
-- Name: auth_group_permissions auth_group_permissions_pkey; Type: CONSTRAINT; Schema: public; Owner: shop_user
--

ALTER TABLE ONLY public.auth_group_permissions
    ADD CONSTRAINT auth_group_permissions_pkey PRIMARY KEY (id);


--
-- Name: auth_group auth_group_pkey; Type: CONSTRAINT; Schema: public; Owner: shop_user
--

ALTER TABLE ONLY public.auth_group
    ADD CONSTRAINT auth_group_pkey PRIMARY KEY (id);


--
-- Name: auth_permission auth_permission_content_type_id_codename_01ab375a_uniq; Type: CONSTRAINT; Schema: public; Owner: shop_user
--

ALTER TABLE ONLY public.auth_permission
    ADD CONSTRAINT auth_permission_content_type_id_codename_01ab375a_uniq UNIQUE (content_type_id, codename);


--
-- Name: auth_permission auth_permission_pkey; Type: CONSTRAINT; Schema: public; Owner: shop_user
--

ALTER TABLE ONLY public.auth_permission
    ADD CONSTRAINT auth_permission_pkey PRIMARY KEY (id);


--
-- Name: auth_user_groups auth_user_groups_pkey; Type: CONSTRAINT; Schema: public; Owner: shop_user
--

ALTER TABLE ONLY public.auth_user_groups
    ADD CONSTRAINT auth_user_groups_pkey PRIMARY KEY (id);


--
-- Name: auth_user_groups auth_user_groups_user_id_group_id_94350c0c_uniq; Type: CONSTRAINT; Schema: public; Owner: shop_user
--

ALTER TABLE ONLY public.auth_user_groups
    ADD CONSTRAINT auth_user_groups_user_id_group_id_94350c0c_uniq UNIQUE (user_id, group_id);


--
-- Name: auth_user auth_user_pkey; Type: CONSTRAINT; Schema: public; Owner: shop_user
--

ALTER TABLE ONLY public.auth_user
    ADD CONSTRAINT auth_user_pkey PRIMARY KEY (id);


--
-- Name: auth_user_user_permissions auth_user_user_permissions_pkey; Type: CONSTRAINT; Schema: public; Owner: shop_user
--

ALTER TABLE ONLY public.auth_user_user_permissions
    ADD CONSTRAINT auth_user_user_permissions_pkey PRIMARY KEY (id);


--
-- Name: auth_user_user_permissions auth_user_user_permissions_user_id_permission_id_14a6b632_uniq; Type: CONSTRAINT; Schema: public; Owner: shop_user
--

ALTER TABLE ONLY public.auth_user_user_permissions
    ADD CONSTRAINT auth_user_user_permissions_user_id_permission_id_14a6b632_uniq UNIQUE (user_id, permission_id);


--
-- Name: auth_user auth_user_username_key; Type: CONSTRAINT; Schema: public; Owner: shop_user
--

ALTER TABLE ONLY public.auth_user
    ADD CONSTRAINT auth_user_username_key UNIQUE (username);


--
-- Name: django_admin_log django_admin_log_pkey; Type: CONSTRAINT; Schema: public; Owner: shop_user
--

ALTER TABLE ONLY public.django_admin_log
    ADD CONSTRAINT django_admin_log_pkey PRIMARY KEY (id);


--
-- Name: django_content_type django_content_type_app_label_model_76bd3d3b_uniq; Type: CONSTRAINT; Schema: public; Owner: shop_user
--

ALTER TABLE ONLY public.django_content_type
    ADD CONSTRAINT django_content_type_app_label_model_76bd3d3b_uniq UNIQUE (app_label, model);


--
-- Name: django_content_type django_content_type_pkey; Type: CONSTRAINT; Schema: public; Owner: shop_user
--

ALTER TABLE ONLY public.django_content_type
    ADD CONSTRAINT django_content_type_pkey PRIMARY KEY (id);


--
-- Name: django_migrations django_migrations_pkey; Type: CONSTRAINT; Schema: public; Owner: shop_user
--

ALTER TABLE ONLY public.django_migrations
    ADD CONSTRAINT django_migrations_pkey PRIMARY KEY (id);


--
-- Name: django_session django_session_pkey; Type: CONSTRAINT; Schema: public; Owner: shop_user
--

ALTER TABLE ONLY public.django_session
    ADD CONSTRAINT django_session_pkey PRIMARY KEY (session_key);


--
-- Name: shop_attribute_categories shop_attribute_categorie_attribute_id_category_id_89ecf169_uniq; Type: CONSTRAINT; Schema: public; Owner: shop_user
--

ALTER TABLE ONLY public.shop_attribute_categories
    ADD CONSTRAINT shop_attribute_categorie_attribute_id_category_id_89ecf169_uniq UNIQUE (attribute_id, category_id);


--
-- Name: shop_attribute_categories shop_attribute_categories_pkey; Type: CONSTRAINT; Schema: public; Owner: shop_user
--

ALTER TABLE ONLY public.shop_attribute_categories
    ADD CONSTRAINT shop_attribute_categories_pkey PRIMARY KEY (id);


--
-- Name: shop_attribute shop_attribute_pkey; Type: CONSTRAINT; Schema: public; Owner: shop_user
--

ALTER TABLE ONLY public.shop_attribute
    ADD CONSTRAINT shop_attribute_pkey PRIMARY KEY (id);


--
-- Name: shop_attribute shop_attribute_slug_key; Type: CONSTRAINT; Schema: public; Owner: shop_user
--

ALTER TABLE ONLY public.shop_attribute
    ADD CONSTRAINT shop_attribute_slug_key UNIQUE (slug);


--
-- Name: shop_attributevalue shop_attributevalue_attribute_id_value_text_de5c1c1b_uniq; Type: CONSTRAINT; Schema: public; Owner: shop_user
--

ALTER TABLE ONLY public.shop_attributevalue
    ADD CONSTRAINT shop_attributevalue_attribute_id_value_text_de5c1c1b_uniq UNIQUE (attribute_id, value_text);


--
-- Name: shop_attributevalue shop_attributevalue_pkey; Type: CONSTRAINT; Schema: public; Owner: shop_user
--

ALTER TABLE ONLY public.shop_attributevalue
    ADD CONSTRAINT shop_attributevalue_pkey PRIMARY KEY (id);


--
-- Name: shop_cart shop_cart_pkey; Type: CONSTRAINT; Schema: public; Owner: shop_user
--

ALTER TABLE ONLY public.shop_cart
    ADD CONSTRAINT shop_cart_pkey PRIMARY KEY (id);


--
-- Name: shop_cart shop_cart_session_key_key; Type: CONSTRAINT; Schema: public; Owner: shop_user
--

ALTER TABLE ONLY public.shop_cart
    ADD CONSTRAINT shop_cart_session_key_key UNIQUE (session_key);


--
-- Name: shop_category shop_category_full_slug_key; Type: CONSTRAINT; Schema: public; Owner: shop_user
--

ALTER TABLE ONLY public.shop_category
    ADD CONSTRAINT shop_category_full_slug_key UNIQUE (full_slug);


--
-- Name: shop_category shop_category_pkey; Type: CONSTRAINT; Schema: public; Owner: shop_user
--

ALTER TABLE ONLY public.shop_category
    ADD CONSTRAINT shop_category_pkey PRIMARY KEY (id);


--
-- Name: shop_order shop_order_pkey; Type: CONSTRAINT; Schema: public; Owner: shop_user
--

ALTER TABLE ONLY public.shop_order
    ADD CONSTRAINT shop_order_pkey PRIMARY KEY (id);


--
-- Name: shop_product shop_product_pkey; Type: CONSTRAINT; Schema: public; Owner: shop_user
--

ALTER TABLE ONLY public.shop_product
    ADD CONSTRAINT shop_product_pkey PRIMARY KEY (id);


--
-- Name: shop_product shop_product_slug_key; Type: CONSTRAINT; Schema: public; Owner: shop_user
--

ALTER TABLE ONLY public.shop_product
    ADD CONSTRAINT shop_product_slug_key UNIQUE (slug);


--
-- Name: shop_productattributevalue shop_productattributeval_product_id_attribute_val_555d7924_uniq; Type: CONSTRAINT; Schema: public; Owner: shop_user
--

ALTER TABLE ONLY public.shop_productattributevalue
    ADD CONSTRAINT shop_productattributeval_product_id_attribute_val_555d7924_uniq UNIQUE (product_id, attribute_value_id);


--
-- Name: shop_productattributevalue shop_productattributevalue_pkey; Type: CONSTRAINT; Schema: public; Owner: shop_user
--

ALTER TABLE ONLY public.shop_productattributevalue
    ADD CONSTRAINT shop_productattributevalue_pkey PRIMARY KEY (id);


--
-- Name: shop_review shop_review_pkey; Type: CONSTRAINT; Schema: public; Owner: shop_user
--

ALTER TABLE ONLY public.shop_review
    ADD CONSTRAINT shop_review_pkey PRIMARY KEY (id);


--
-- Name: auth_group_name_a6ea08ec_like; Type: INDEX; Schema: public; Owner: shop_user
--

CREATE INDEX auth_group_name_a6ea08ec_like ON public.auth_group USING btree (name varchar_pattern_ops);


--
-- Name: auth_group_permissions_group_id_b120cbf9; Type: INDEX; Schema: public; Owner: shop_user
--

CREATE INDEX auth_group_permissions_group_id_b120cbf9 ON public.auth_group_permissions USING btree (group_id);


--
-- Name: auth_group_permissions_permission_id_84c5c92e; Type: INDEX; Schema: public; Owner: shop_user
--

CREATE INDEX auth_group_permissions_permission_id_84c5c92e ON public.auth_group_permissions USING btree (permission_id);


--
-- Name: auth_permission_content_type_id_2f476e4b; Type: INDEX; Schema: public; Owner: shop_user
--

CREATE INDEX auth_permission_content_type_id_2f476e4b ON public.auth_permission USING btree (content_type_id);


--
-- Name: auth_user_groups_group_id_97559544; Type: INDEX; Schema: public; Owner: shop_user
--

CREATE INDEX auth_user_groups_group_id_97559544 ON public.auth_user_groups USING btree (group_id);


--
-- Name: auth_user_groups_user_id_6a12ed8b; Type: INDEX; Schema: public; Owner: shop_user
--

CREATE INDEX auth_user_groups_user_id_6a12ed8b ON public.auth_user_groups USING btree (user_id);


--
-- Name: auth_user_user_permissions_permission_id_1fbb5f2c; Type: INDEX; Schema: public; Owner: shop_user
--

CREATE INDEX auth_user_user_permissions_permission_id_1fbb5f2c ON public.auth_user_user_permissions USING btree (permission_id);


--
-- Name: auth_user_user_permissions_user_id_a95ead1b; Type: INDEX; Schema: public; Owner: shop_user
--

CREATE INDEX auth_user_user_permissions_user_id_a95ead1b ON public.auth_user_user_permissions USING btree (user_id);


--
-- Name: auth_user_username_6821ab7c_like; Type: INDEX; Schema: public; Owner: shop_user
--

CREATE INDEX auth_user_username_6821ab7c_like ON public.auth_user USING btree (username varchar_pattern_ops);


--
-- Name: django_admin_log_content_type_id_c4bce8eb; Type: INDEX; Schema: public; Owner: shop_user
--

CREATE INDEX django_admin_log_content_type_id_c4bce8eb ON public.django_admin_log USING btree (content_type_id);


--
-- Name: django_admin_log_user_id_c564eba6; Type: INDEX; Schema: public; Owner: shop_user
--

CREATE INDEX django_admin_log_user_id_c564eba6 ON public.django_admin_log USING btree (user_id);


--
-- Name: django_session_expire_date_a5c62663; Type: INDEX; Schema: public; Owner: shop_user
--

CREATE INDEX django_session_expire_date_a5c62663 ON public.django_session USING btree (expire_date);


--
-- Name: django_session_session_key_c0390e0f_like; Type: INDEX; Schema: public; Owner: shop_user
--

CREATE INDEX django_session_session_key_c0390e0f_like ON public.django_session USING btree (session_key varchar_pattern_ops);


--
-- Name: shop_attribute_categories_attribute_id_0471f16b; Type: INDEX; Schema: public; Owner: shop_user
--

CREATE INDEX shop_attribute_categories_attribute_id_0471f16b ON public.shop_attribute_categories USING btree (attribute_id);


--
-- Name: shop_attribute_categories_category_id_bd4a8b0d; Type: INDEX; Schema: public; Owner: shop_user
--

CREATE INDEX shop_attribute_categories_category_id_bd4a8b0d ON public.shop_attribute_categories USING btree (category_id);


--
-- Name: shop_attribute_slug_3dc798d0_like; Type: INDEX; Schema: public; Owner: shop_user
--

CREATE INDEX shop_attribute_slug_3dc798d0_like ON public.shop_attribute USING btree (slug varchar_pattern_ops);


--
-- Name: shop_attributevalue_attribute_id_1311e3b9; Type: INDEX; Schema: public; Owner: shop_user
--

CREATE INDEX shop_attributevalue_attribute_id_1311e3b9 ON public.shop_attributevalue USING btree (attribute_id);


--
-- Name: shop_cart_session_key_71d15f67_like; Type: INDEX; Schema: public; Owner: shop_user
--

CREATE INDEX shop_cart_session_key_71d15f67_like ON public.shop_cart USING btree (session_key varchar_pattern_ops);


--
-- Name: shop_category_full_slug_fe0145ef_like; Type: INDEX; Schema: public; Owner: shop_user
--

CREATE INDEX shop_category_full_slug_fe0145ef_like ON public.shop_category USING btree (full_slug varchar_pattern_ops);


--
-- Name: shop_category_parent_id_901626c9; Type: INDEX; Schema: public; Owner: shop_user
--

CREATE INDEX shop_category_parent_id_901626c9 ON public.shop_category USING btree (parent_id);


--
-- Name: shop_category_slug_4508178e; Type: INDEX; Schema: public; Owner: shop_user
--

CREATE INDEX shop_category_slug_4508178e ON public.shop_category USING btree (slug);


--
-- Name: shop_category_slug_4508178e_like; Type: INDEX; Schema: public; Owner: shop_user
--

CREATE INDEX shop_category_slug_4508178e_like ON public.shop_category USING btree (slug varchar_pattern_ops);


--
-- Name: shop_order_created_86b012_idx; Type: INDEX; Schema: public; Owner: shop_user
--

CREATE INDEX shop_order_created_86b012_idx ON public.shop_order USING btree (created_at);


--
-- Name: shop_order_is_paid_462761_idx; Type: INDEX; Schema: public; Owner: shop_user
--

CREATE INDEX shop_order_is_paid_462761_idx ON public.shop_order USING btree (is_paid);


--
-- Name: shop_order_status_63c2c0_idx; Type: INDEX; Schema: public; Owner: shop_user
--

CREATE INDEX shop_order_status_63c2c0_idx ON public.shop_order USING btree (status);


--
-- Name: shop_produc_categor_6c2d8c_idx; Type: INDEX; Schema: public; Owner: shop_user
--

CREATE INDEX shop_produc_categor_6c2d8c_idx ON public.shop_product USING btree (category_id, is_active);


--
-- Name: shop_produc_is_best_ef4372_idx; Type: INDEX; Schema: public; Owner: shop_user
--

CREATE INDEX shop_produc_is_best_ef4372_idx ON public.shop_product USING btree (is_bestseller);


--
-- Name: shop_produc_is_new_008da4_idx; Type: INDEX; Schema: public; Owner: shop_user
--

CREATE INDEX shop_produc_is_new_008da4_idx ON public.shop_product USING btree (is_new);


--
-- Name: shop_produc_slug_76971b_idx; Type: INDEX; Schema: public; Owner: shop_user
--

CREATE INDEX shop_produc_slug_76971b_idx ON public.shop_product USING btree (slug);


--
-- Name: shop_product_category_id_14d7eea8; Type: INDEX; Schema: public; Owner: shop_user
--

CREATE INDEX shop_product_category_id_14d7eea8 ON public.shop_product USING btree (category_id);


--
-- Name: shop_product_slug_30bd2d5d_like; Type: INDEX; Schema: public; Owner: shop_user
--

CREATE INDEX shop_product_slug_30bd2d5d_like ON public.shop_product USING btree (slug varchar_pattern_ops);


--
-- Name: shop_productattributevalue_attribute_value_id_f357ae70; Type: INDEX; Schema: public; Owner: shop_user
--

CREATE INDEX shop_productattributevalue_attribute_value_id_f357ae70 ON public.shop_productattributevalue USING btree (attribute_value_id);


--
-- Name: shop_productattributevalue_product_id_6eb14a41; Type: INDEX; Schema: public; Owner: shop_user
--

CREATE INDEX shop_productattributevalue_product_id_6eb14a41 ON public.shop_productattributevalue USING btree (product_id);


--
-- Name: shop_review_product_id_f74dddfd; Type: INDEX; Schema: public; Owner: shop_user
--

CREATE INDEX shop_review_product_id_f74dddfd ON public.shop_review USING btree (product_id);


--
-- Name: auth_group_permissions auth_group_permissio_permission_id_84c5c92e_fk_auth_perm; Type: FK CONSTRAINT; Schema: public; Owner: shop_user
--

ALTER TABLE ONLY public.auth_group_permissions
    ADD CONSTRAINT auth_group_permissio_permission_id_84c5c92e_fk_auth_perm FOREIGN KEY (permission_id) REFERENCES public.auth_permission(id) DEFERRABLE INITIALLY DEFERRED;


--
-- Name: auth_group_permissions auth_group_permissions_group_id_b120cbf9_fk_auth_group_id; Type: FK CONSTRAINT; Schema: public; Owner: shop_user
--

ALTER TABLE ONLY public.auth_group_permissions
    ADD CONSTRAINT auth_group_permissions_group_id_b120cbf9_fk_auth_group_id FOREIGN KEY (group_id) REFERENCES public.auth_group(id) DEFERRABLE INITIALLY DEFERRED;


--
-- Name: auth_permission auth_permission_content_type_id_2f476e4b_fk_django_co; Type: FK CONSTRAINT; Schema: public; Owner: shop_user
--

ALTER TABLE ONLY public.auth_permission
    ADD CONSTRAINT auth_permission_content_type_id_2f476e4b_fk_django_co FOREIGN KEY (content_type_id) REFERENCES public.django_content_type(id) DEFERRABLE INITIALLY DEFERRED;


--
-- Name: auth_user_groups auth_user_groups_group_id_97559544_fk_auth_group_id; Type: FK CONSTRAINT; Schema: public; Owner: shop_user
--

ALTER TABLE ONLY public.auth_user_groups
    ADD CONSTRAINT auth_user_groups_group_id_97559544_fk_auth_group_id FOREIGN KEY (group_id) REFERENCES public.auth_group(id) DEFERRABLE INITIALLY DEFERRED;


--
-- Name: auth_user_groups auth_user_groups_user_id_6a12ed8b_fk_auth_user_id; Type: FK CONSTRAINT; Schema: public; Owner: shop_user
--

ALTER TABLE ONLY public.auth_user_groups
    ADD CONSTRAINT auth_user_groups_user_id_6a12ed8b_fk_auth_user_id FOREIGN KEY (user_id) REFERENCES public.auth_user(id) DEFERRABLE INITIALLY DEFERRED;


--
-- Name: auth_user_user_permissions auth_user_user_permi_permission_id_1fbb5f2c_fk_auth_perm; Type: FK CONSTRAINT; Schema: public; Owner: shop_user
--

ALTER TABLE ONLY public.auth_user_user_permissions
    ADD CONSTRAINT auth_user_user_permi_permission_id_1fbb5f2c_fk_auth_perm FOREIGN KEY (permission_id) REFERENCES public.auth_permission(id) DEFERRABLE INITIALLY DEFERRED;


--
-- Name: auth_user_user_permissions auth_user_user_permissions_user_id_a95ead1b_fk_auth_user_id; Type: FK CONSTRAINT; Schema: public; Owner: shop_user
--

ALTER TABLE ONLY public.auth_user_user_permissions
    ADD CONSTRAINT auth_user_user_permissions_user_id_a95ead1b_fk_auth_user_id FOREIGN KEY (user_id) REFERENCES public.auth_user(id) DEFERRABLE INITIALLY DEFERRED;


--
-- Name: django_admin_log django_admin_log_content_type_id_c4bce8eb_fk_django_co; Type: FK CONSTRAINT; Schema: public; Owner: shop_user
--

ALTER TABLE ONLY public.django_admin_log
    ADD CONSTRAINT django_admin_log_content_type_id_c4bce8eb_fk_django_co FOREIGN KEY (content_type_id) REFERENCES public.django_content_type(id) DEFERRABLE INITIALLY DEFERRED;


--
-- Name: django_admin_log django_admin_log_user_id_c564eba6_fk_auth_user_id; Type: FK CONSTRAINT; Schema: public; Owner: shop_user
--

ALTER TABLE ONLY public.django_admin_log
    ADD CONSTRAINT django_admin_log_user_id_c564eba6_fk_auth_user_id FOREIGN KEY (user_id) REFERENCES public.auth_user(id) DEFERRABLE INITIALLY DEFERRED;


--
-- Name: shop_attribute_categories shop_attribute_categ_attribute_id_0471f16b_fk_shop_attr; Type: FK CONSTRAINT; Schema: public; Owner: shop_user
--

ALTER TABLE ONLY public.shop_attribute_categories
    ADD CONSTRAINT shop_attribute_categ_attribute_id_0471f16b_fk_shop_attr FOREIGN KEY (attribute_id) REFERENCES public.shop_attribute(id) DEFERRABLE INITIALLY DEFERRED;


--
-- Name: shop_attribute_categories shop_attribute_categ_category_id_bd4a8b0d_fk_shop_cate; Type: FK CONSTRAINT; Schema: public; Owner: shop_user
--

ALTER TABLE ONLY public.shop_attribute_categories
    ADD CONSTRAINT shop_attribute_categ_category_id_bd4a8b0d_fk_shop_cate FOREIGN KEY (category_id) REFERENCES public.shop_category(id) DEFERRABLE INITIALLY DEFERRED;


--
-- Name: shop_attributevalue shop_attributevalue_attribute_id_1311e3b9_fk_shop_attribute_id; Type: FK CONSTRAINT; Schema: public; Owner: shop_user
--

ALTER TABLE ONLY public.shop_attributevalue
    ADD CONSTRAINT shop_attributevalue_attribute_id_1311e3b9_fk_shop_attribute_id FOREIGN KEY (attribute_id) REFERENCES public.shop_attribute(id) DEFERRABLE INITIALLY DEFERRED;


--
-- Name: shop_category shop_category_parent_id_901626c9_fk_shop_category_id; Type: FK CONSTRAINT; Schema: public; Owner: shop_user
--

ALTER TABLE ONLY public.shop_category
    ADD CONSTRAINT shop_category_parent_id_901626c9_fk_shop_category_id FOREIGN KEY (parent_id) REFERENCES public.shop_category(id) DEFERRABLE INITIALLY DEFERRED;


--
-- Name: shop_product shop_product_category_id_14d7eea8_fk_shop_category_id; Type: FK CONSTRAINT; Schema: public; Owner: shop_user
--

ALTER TABLE ONLY public.shop_product
    ADD CONSTRAINT shop_product_category_id_14d7eea8_fk_shop_category_id FOREIGN KEY (category_id) REFERENCES public.shop_category(id) DEFERRABLE INITIALLY DEFERRED;


--
-- Name: shop_productattributevalue shop_productattribut_attribute_value_id_f357ae70_fk_shop_attr; Type: FK CONSTRAINT; Schema: public; Owner: shop_user
--

ALTER TABLE ONLY public.shop_productattributevalue
    ADD CONSTRAINT shop_productattribut_attribute_value_id_f357ae70_fk_shop_attr FOREIGN KEY (attribute_value_id) REFERENCES public.shop_attributevalue(id) DEFERRABLE INITIALLY DEFERRED;


--
-- Name: shop_productattributevalue shop_productattribut_product_id_6eb14a41_fk_shop_prod; Type: FK CONSTRAINT; Schema: public; Owner: shop_user
--

ALTER TABLE ONLY public.shop_productattributevalue
    ADD CONSTRAINT shop_productattribut_product_id_6eb14a41_fk_shop_prod FOREIGN KEY (product_id) REFERENCES public.shop_product(id) DEFERRABLE INITIALLY DEFERRED;


--
-- Name: shop_review shop_review_product_id_f74dddfd_fk_shop_product_id; Type: FK CONSTRAINT; Schema: public; Owner: shop_user
--

ALTER TABLE ONLY public.shop_review
    ADD CONSTRAINT shop_review_product_id_f74dddfd_fk_shop_product_id FOREIGN KEY (product_id) REFERENCES public.shop_product(id) DEFERRABLE INITIALLY DEFERRED;


--
-- Name: SCHEMA public; Type: ACL; Schema: -; Owner: pg_database_owner
--

GRANT ALL ON SCHEMA public TO shop_user;


--
-- Name: DEFAULT PRIVILEGES FOR TABLES; Type: DEFAULT ACL; Schema: public; Owner: postgres
--

ALTER DEFAULT PRIVILEGES FOR ROLE postgres IN SCHEMA public GRANT ALL ON TABLES TO shop_user;


--
-- PostgreSQL database dump complete
--

\unrestrict UI36QOoI5ftzF5Xh0yKQSBayXdxF3QCE9dEoSgMZ4oHMBtUm2Awwx5n0GfF7B8d

