--
-- PostgreSQL database dump
--

\restrict 0UJ5hZw0bP8gyjuMKSF1Yt75b1BoGQfpEnPCcXmWM2c14htkZOoexNdiOYmm0nn

-- Dumped from database version 18.3
-- Dumped by pg_dump version 18.3

SET statement_timeout = 0;
SET lock_timeout = 0;
SET idle_in_transaction_session_timeout = 0;
SET transaction_timeout = 0;
SET client_encoding = 'UTF8';
SET standard_conforming_strings = on;
SELECT pg_catalog.set_config('search_path', '', false);
SET check_function_bodies = false;
SET xmloption = content;
SET client_min_messages = warning;
SET row_security = off;

SET default_tablespace = '';

SET default_table_access_method = heap;

--
-- Name: accounts_user; Type: TABLE; Schema: public; Owner: shop_user
--

CREATE TABLE public.accounts_user (
    id bigint NOT NULL,
    password character varying(128) NOT NULL,
    last_login timestamp with time zone,
    is_superuser boolean NOT NULL,
    username character varying(150) NOT NULL,
    first_name character varying(150) NOT NULL,
    last_name character varying(150) NOT NULL,
    email character varying(254) NOT NULL,
    is_staff boolean NOT NULL,
    is_active boolean NOT NULL,
    date_joined timestamp with time zone NOT NULL,
    phone character varying(20) NOT NULL,
    avatar character varying(100),
    address text NOT NULL,
    city character varying(100) NOT NULL,
    is_email_verified boolean NOT NULL,
    email_verification_token character varying(100) NOT NULL,
    created_at timestamp with time zone NOT NULL,
    updated_at timestamp with time zone NOT NULL
);


ALTER TABLE public.accounts_user OWNER TO shop_user;

--
-- Name: accounts_user_groups; Type: TABLE; Schema: public; Owner: shop_user
--

CREATE TABLE public.accounts_user_groups (
    id bigint NOT NULL,
    user_id bigint NOT NULL,
    group_id integer NOT NULL
);


ALTER TABLE public.accounts_user_groups OWNER TO shop_user;

--
-- Name: accounts_user_groups_id_seq; Type: SEQUENCE; Schema: public; Owner: shop_user
--

ALTER TABLE public.accounts_user_groups ALTER COLUMN id ADD GENERATED BY DEFAULT AS IDENTITY (
    SEQUENCE NAME public.accounts_user_groups_id_seq
    START WITH 1
    INCREMENT BY 1
    NO MINVALUE
    NO MAXVALUE
    CACHE 1
);


--
-- Name: accounts_user_id_seq; Type: SEQUENCE; Schema: public; Owner: shop_user
--

ALTER TABLE public.accounts_user ALTER COLUMN id ADD GENERATED BY DEFAULT AS IDENTITY (
    SEQUENCE NAME public.accounts_user_id_seq
    START WITH 1
    INCREMENT BY 1
    NO MINVALUE
    NO MAXVALUE
    CACHE 1
);


--
-- Name: accounts_user_user_permissions; Type: TABLE; Schema: public; Owner: shop_user
--

CREATE TABLE public.accounts_user_user_permissions (
    id bigint NOT NULL,
    user_id bigint NOT NULL,
    permission_id integer NOT NULL
);


ALTER TABLE public.accounts_user_user_permissions OWNER TO shop_user;

--
-- Name: accounts_user_user_permissions_id_seq; Type: SEQUENCE; Schema: public; Owner: shop_user
--

ALTER TABLE public.accounts_user_user_permissions ALTER COLUMN id ADD GENERATED BY DEFAULT AS IDENTITY (
    SEQUENCE NAME public.accounts_user_user_permissions_id_seq
    START WITH 1
    INCREMENT BY 1
    NO MINVALUE
    NO MAXVALUE
    CACHE 1
);


--
-- Name: auth_group; Type: TABLE; Schema: public; Owner: shop_user
--

CREATE TABLE public.auth_group (
    id integer NOT NULL,
    name character varying(150) NOT NULL
);


ALTER TABLE public.auth_group OWNER TO shop_user;

--
-- Name: auth_group_id_seq; Type: SEQUENCE; Schema: public; Owner: shop_user
--

ALTER TABLE public.auth_group ALTER COLUMN id ADD GENERATED BY DEFAULT AS IDENTITY (
    SEQUENCE NAME public.auth_group_id_seq
    START WITH 1
    INCREMENT BY 1
    NO MINVALUE
    NO MAXVALUE
    CACHE 1
);


--
-- Name: auth_group_permissions; Type: TABLE; Schema: public; Owner: shop_user
--

CREATE TABLE public.auth_group_permissions (
    id bigint NOT NULL,
    group_id integer NOT NULL,
    permission_id integer NOT NULL
);


ALTER TABLE public.auth_group_permissions OWNER TO shop_user;

--
-- Name: auth_group_permissions_id_seq; Type: SEQUENCE; Schema: public; Owner: shop_user
--

ALTER TABLE public.auth_group_permissions ALTER COLUMN id ADD GENERATED BY DEFAULT AS IDENTITY (
    SEQUENCE NAME public.auth_group_permissions_id_seq
    START WITH 1
    INCREMENT BY 1
    NO MINVALUE
    NO MAXVALUE
    CACHE 1
);


--
-- Name: auth_permission; Type: TABLE; Schema: public; Owner: shop_user
--

CREATE TABLE public.auth_permission (
    id integer NOT NULL,
    name character varying(255) NOT NULL,
    content_type_id integer NOT NULL,
    codename character varying(100) NOT NULL
);


ALTER TABLE public.auth_permission OWNER TO shop_user;

--
-- Name: auth_permission_id_seq; Type: SEQUENCE; Schema: public; Owner: shop_user
--

ALTER TABLE public.auth_permission ALTER COLUMN id ADD GENERATED BY DEFAULT AS IDENTITY (
    SEQUENCE NAME public.auth_permission_id_seq
    START WITH 1
    INCREMENT BY 1
    NO MINVALUE
    NO MAXVALUE
    CACHE 1
);


--
-- Name: django_admin_log; Type: TABLE; Schema: public; Owner: shop_user
--

CREATE TABLE public.django_admin_log (
    id integer NOT NULL,
    action_time timestamp with time zone NOT NULL,
    object_id text,
    object_repr character varying(200) NOT NULL,
    action_flag smallint NOT NULL,
    change_message text NOT NULL,
    content_type_id integer,
    user_id bigint NOT NULL,
    CONSTRAINT django_admin_log_action_flag_check CHECK ((action_flag >= 0))
);


ALTER TABLE public.django_admin_log OWNER TO shop_user;

--
-- Name: django_admin_log_id_seq; Type: SEQUENCE; Schema: public; Owner: shop_user
--

ALTER TABLE public.django_admin_log ALTER COLUMN id ADD GENERATED BY DEFAULT AS IDENTITY (
    SEQUENCE NAME public.django_admin_log_id_seq
    START WITH 1
    INCREMENT BY 1
    NO MINVALUE
    NO MAXVALUE
    CACHE 1
);


--
-- Name: django_content_type; Type: TABLE; Schema: public; Owner: shop_user
--

CREATE TABLE public.django_content_type (
    id integer NOT NULL,
    app_label character varying(100) NOT NULL,
    model character varying(100) NOT NULL
);


ALTER TABLE public.django_content_type OWNER TO shop_user;

--
-- Name: django_content_type_id_seq; Type: SEQUENCE; Schema: public; Owner: shop_user
--

ALTER TABLE public.django_content_type ALTER COLUMN id ADD GENERATED BY DEFAULT AS IDENTITY (
    SEQUENCE NAME public.django_content_type_id_seq
    START WITH 1
    INCREMENT BY 1
    NO MINVALUE
    NO MAXVALUE
    CACHE 1
);


--
-- Name: django_migrations; Type: TABLE; Schema: public; Owner: shop_user
--

CREATE TABLE public.django_migrations (
    id bigint NOT NULL,
    app character varying(255) NOT NULL,
    name character varying(255) NOT NULL,
    applied timestamp with time zone NOT NULL
);


ALTER TABLE public.django_migrations OWNER TO shop_user;

--
-- Name: django_migrations_id_seq; Type: SEQUENCE; Schema: public; Owner: shop_user
--

ALTER TABLE public.django_migrations ALTER COLUMN id ADD GENERATED BY DEFAULT AS IDENTITY (
    SEQUENCE NAME public.django_migrations_id_seq
    START WITH 1
    INCREMENT BY 1
    NO MINVALUE
    NO MAXVALUE
    CACHE 1
);


--
-- Name: django_session; Type: TABLE; Schema: public; Owner: shop_user
--

CREATE TABLE public.django_session (
    session_key character varying(40) NOT NULL,
    session_data text NOT NULL,
    expire_date timestamp with time zone NOT NULL
);


ALTER TABLE public.django_session OWNER TO shop_user;

--
-- Name: shop_brand; Type: TABLE; Schema: public; Owner: shop_user
--

CREATE TABLE public.shop_brand (
    id bigint NOT NULL,
    name character varying(100) NOT NULL,
    slug character varying(50) NOT NULL,
    logo character varying(100)
);


ALTER TABLE public.shop_brand OWNER TO shop_user;

--
-- Name: shop_brand_id_seq; Type: SEQUENCE; Schema: public; Owner: shop_user
--

ALTER TABLE public.shop_brand ALTER COLUMN id ADD GENERATED BY DEFAULT AS IDENTITY (
    SEQUENCE NAME public.shop_brand_id_seq
    START WITH 1
    INCREMENT BY 1
    NO MINVALUE
    NO MAXVALUE
    CACHE 1
);


--
-- Name: shop_cart; Type: TABLE; Schema: public; Owner: shop_user
--

CREATE TABLE public.shop_cart (
    id bigint NOT NULL,
    session_key character varying(40) NOT NULL,
    items jsonb NOT NULL,
    created_at timestamp with time zone NOT NULL,
    updated_at timestamp with time zone NOT NULL
);


ALTER TABLE public.shop_cart OWNER TO shop_user;

--
-- Name: shop_cart_id_seq; Type: SEQUENCE; Schema: public; Owner: shop_user
--

ALTER TABLE public.shop_cart ALTER COLUMN id ADD GENERATED BY DEFAULT AS IDENTITY (
    SEQUENCE NAME public.shop_cart_id_seq
    START WITH 1
    INCREMENT BY 1
    NO MINVALUE
    NO MAXVALUE
    CACHE 1
);


--
-- Name: shop_category; Type: TABLE; Schema: public; Owner: shop_user
--

CREATE TABLE public.shop_category (
    id bigint NOT NULL,
    name character varying(100) NOT NULL,
    slug character varying(100) NOT NULL,
    image character varying(100),
    description text NOT NULL,
    lft integer NOT NULL,
    rght integer NOT NULL,
    tree_id integer NOT NULL,
    level integer NOT NULL,
    parent_id bigint,
    CONSTRAINT shop_category_level_check CHECK ((level >= 0)),
    CONSTRAINT shop_category_lft_check CHECK ((lft >= 0)),
    CONSTRAINT shop_category_rght_check CHECK ((rght >= 0)),
    CONSTRAINT shop_category_tree_id_check CHECK ((tree_id >= 0))
);


ALTER TABLE public.shop_category OWNER TO shop_user;

--
-- Name: shop_category_id_seq; Type: SEQUENCE; Schema: public; Owner: shop_user
--

ALTER TABLE public.shop_category ALTER COLUMN id ADD GENERATED BY DEFAULT AS IDENTITY (
    SEQUENCE NAME public.shop_category_id_seq
    START WITH 1
    INCREMENT BY 1
    NO MINVALUE
    NO MAXVALUE
    CACHE 1
);


--
-- Name: shop_order; Type: TABLE; Schema: public; Owner: shop_user
--

CREATE TABLE public.shop_order (
    id bigint NOT NULL,
    full_name character varying(200) NOT NULL,
    phone character varying(20) NOT NULL,
    email character varying(254) NOT NULL,
    address text NOT NULL,
    city character varying(100) NOT NULL,
    nova_post_office character varying(50) NOT NULL,
    delivery_method character varying(20) NOT NULL,
    comment text NOT NULL,
    products jsonb NOT NULL,
    total_amount numeric(10,2) NOT NULL,
    status character varying(20) NOT NULL,
    payment_id character varying(100) NOT NULL,
    is_paid boolean NOT NULL,
    payment_method character varying(50) NOT NULL,
    created_at timestamp with time zone NOT NULL,
    updated_at timestamp with time zone NOT NULL
);


ALTER TABLE public.shop_order OWNER TO shop_user;

--
-- Name: shop_order_id_seq; Type: SEQUENCE; Schema: public; Owner: shop_user
--

ALTER TABLE public.shop_order ALTER COLUMN id ADD GENERATED BY DEFAULT AS IDENTITY (
    SEQUENCE NAME public.shop_order_id_seq
    START WITH 1
    INCREMENT BY 1
    NO MINVALUE
    NO MAXVALUE
    CACHE 1
);


--
-- Name: shop_product; Type: TABLE; Schema: public; Owner: shop_user
--

CREATE TABLE public.shop_product (
    id bigint NOT NULL,
    title character varying(250) NOT NULL,
    slug character varying(250) NOT NULL,
    article character varying(50),
    code character varying(50),
    description text NOT NULL,
    full_description text NOT NULL,
    price numeric(12,2) NOT NULL,
    old_price numeric(12,2),
    discount integer NOT NULL,
    quantity integer NOT NULL,
    available boolean NOT NULL,
    warranty integer NOT NULL,
    country character varying(50),
    main_image character varying(100),
    attributes jsonb,
    created_at timestamp with time zone NOT NULL,
    updated_at timestamp with time zone NOT NULL,
    rating numeric(3,2) NOT NULL,
    reviews_count integer NOT NULL,
    brand_id bigint NOT NULL,
    category_id bigint NOT NULL,
    CONSTRAINT shop_product_discount_check CHECK ((discount >= 0)),
    CONSTRAINT shop_product_quantity_check CHECK ((quantity >= 0)),
    CONSTRAINT shop_product_reviews_count_check CHECK ((reviews_count >= 0)),
    CONSTRAINT shop_product_warranty_check CHECK ((warranty >= 0))
);


ALTER TABLE public.shop_product OWNER TO shop_user;

--
-- Name: shop_product_id_seq; Type: SEQUENCE; Schema: public; Owner: shop_user
--

ALTER TABLE public.shop_product ALTER COLUMN id ADD GENERATED BY DEFAULT AS IDENTITY (
    SEQUENCE NAME public.shop_product_id_seq
    START WITH 1
    INCREMENT BY 1
    NO MINVALUE
    NO MAXVALUE
    CACHE 1
);


--
-- Name: shop_product_promotions; Type: TABLE; Schema: public; Owner: shop_user
--

CREATE TABLE public.shop_product_promotions (
    id bigint NOT NULL,
    product_id bigint NOT NULL,
    promotion_id bigint NOT NULL
);


ALTER TABLE public.shop_product_promotions OWNER TO shop_user;

--
-- Name: shop_product_promotions_id_seq; Type: SEQUENCE; Schema: public; Owner: shop_user
--

ALTER TABLE public.shop_product_promotions ALTER COLUMN id ADD GENERATED BY DEFAULT AS IDENTITY (
    SEQUENCE NAME public.shop_product_promotions_id_seq
    START WITH 1
    INCREMENT BY 1
    NO MINVALUE
    NO MAXVALUE
    CACHE 1
);


--
-- Name: shop_product_property_values; Type: TABLE; Schema: public; Owner: shop_user
--

CREATE TABLE public.shop_product_property_values (
    id bigint NOT NULL,
    product_id bigint NOT NULL,
    propertyvalue_id bigint NOT NULL
);


ALTER TABLE public.shop_product_property_values OWNER TO shop_user;

--
-- Name: shop_product_property_values_id_seq; Type: SEQUENCE; Schema: public; Owner: shop_user
--

ALTER TABLE public.shop_product_property_values ALTER COLUMN id ADD GENERATED BY DEFAULT AS IDENTITY (
    SEQUENCE NAME public.shop_product_property_values_id_seq
    START WITH 1
    INCREMENT BY 1
    NO MINVALUE
    NO MAXVALUE
    CACHE 1
);


--
-- Name: shop_productimage; Type: TABLE; Schema: public; Owner: shop_user
--

CREATE TABLE public.shop_productimage (
    id bigint NOT NULL,
    image character varying(100) NOT NULL,
    alt_text character varying(200) NOT NULL,
    "order" integer NOT NULL,
    created_at timestamp with time zone NOT NULL,
    product_id bigint NOT NULL,
    CONSTRAINT shop_productimage_order_check CHECK (("order" >= 0))
);


ALTER TABLE public.shop_productimage OWNER TO shop_user;

--
-- Name: shop_productimage_id_seq; Type: SEQUENCE; Schema: public; Owner: shop_user
--

ALTER TABLE public.shop_productimage ALTER COLUMN id ADD GENERATED BY DEFAULT AS IDENTITY (
    SEQUENCE NAME public.shop_productimage_id_seq
    START WITH 1
    INCREMENT BY 1
    NO MINVALUE
    NO MAXVALUE
    CACHE 1
);


--
-- Name: shop_promotion; Type: TABLE; Schema: public; Owner: shop_user
--

CREATE TABLE public.shop_promotion (
    id bigint NOT NULL,
    name character varying(100) NOT NULL,
    slug character varying(50) NOT NULL,
    promotion_type character varying(20) NOT NULL,
    discount_percent integer NOT NULL,
    is_active boolean NOT NULL,
    start_date timestamp with time zone NOT NULL,
    end_date timestamp with time zone NOT NULL,
    description text NOT NULL,
    CONSTRAINT shop_promotion_discount_percent_check CHECK ((discount_percent >= 0))
);


ALTER TABLE public.shop_promotion OWNER TO shop_user;

--
-- Name: shop_promotion_id_seq; Type: SEQUENCE; Schema: public; Owner: shop_user
--

ALTER TABLE public.shop_promotion ALTER COLUMN id ADD GENERATED BY DEFAULT AS IDENTITY (
    SEQUENCE NAME public.shop_promotion_id_seq
    START WITH 1
    INCREMENT BY 1
    NO MINVALUE
    NO MAXVALUE
    CACHE 1
);


--
-- Name: shop_property; Type: TABLE; Schema: public; Owner: shop_user
--

CREATE TABLE public.shop_property (
    id bigint NOT NULL,
    name character varying(100) NOT NULL,
    slug character varying(50) NOT NULL
);


ALTER TABLE public.shop_property OWNER TO shop_user;

--
-- Name: shop_property_categories; Type: TABLE; Schema: public; Owner: shop_user
--

CREATE TABLE public.shop_property_categories (
    id bigint NOT NULL,
    property_id bigint NOT NULL,
    category_id bigint NOT NULL
);


ALTER TABLE public.shop_property_categories OWNER TO shop_user;

--
-- Name: shop_property_categories_id_seq; Type: SEQUENCE; Schema: public; Owner: shop_user
--

ALTER TABLE public.shop_property_categories ALTER COLUMN id ADD GENERATED BY DEFAULT AS IDENTITY (
    SEQUENCE NAME public.shop_property_categories_id_seq
    START WITH 1
    INCREMENT BY 1
    NO MINVALUE
    NO MAXVALUE
    CACHE 1
);


--
-- Name: shop_property_id_seq; Type: SEQUENCE; Schema: public; Owner: shop_user
--

ALTER TABLE public.shop_property ALTER COLUMN id ADD GENERATED BY DEFAULT AS IDENTITY (
    SEQUENCE NAME public.shop_property_id_seq
    START WITH 1
    INCREMENT BY 1
    NO MINVALUE
    NO MAXVALUE
    CACHE 1
);


--
-- Name: shop_propertyvalue; Type: TABLE; Schema: public; Owner: shop_user
--

CREATE TABLE public.shop_propertyvalue (
    id bigint NOT NULL,
    value character varying(255) NOT NULL,
    property_id bigint NOT NULL
);


ALTER TABLE public.shop_propertyvalue OWNER TO shop_user;

--
-- Name: shop_propertyvalue_id_seq; Type: SEQUENCE; Schema: public; Owner: shop_user
--

ALTER TABLE public.shop_propertyvalue ALTER COLUMN id ADD GENERATED BY DEFAULT AS IDENTITY (
    SEQUENCE NAME public.shop_propertyvalue_id_seq
    START WITH 1
    INCREMENT BY 1
    NO MINVALUE
    NO MAXVALUE
    CACHE 1
);


--
-- Name: shop_review; Type: TABLE; Schema: public; Owner: shop_user
--

CREATE TABLE public.shop_review (
    id bigint NOT NULL,
    user_name character varying(100) NOT NULL,
    email character varying(254) NOT NULL,
    rating smallint NOT NULL,
    comment text NOT NULL,
    is_approved boolean NOT NULL,
    created_at timestamp with time zone NOT NULL,
    product_id bigint NOT NULL,
    CONSTRAINT shop_review_rating_check CHECK ((rating >= 0))
);


ALTER TABLE public.shop_review OWNER TO shop_user;

--
-- Name: shop_review_id_seq; Type: SEQUENCE; Schema: public; Owner: shop_user
--

ALTER TABLE public.shop_review ALTER COLUMN id ADD GENERATED BY DEFAULT AS IDENTITY (
    SEQUENCE NAME public.shop_review_id_seq
    START WITH 1
    INCREMENT BY 1
    NO MINVALUE
    NO MAXVALUE
    CACHE 1
);


--
-- Name: shop_visitlog; Type: TABLE; Schema: public; Owner: shop_user
--

CREATE TABLE public.shop_visitlog (
    id bigint NOT NULL,
    date timestamp with time zone NOT NULL,
    page character varying(200) NOT NULL,
    ip_address inet,
    user_id bigint
);


ALTER TABLE public.shop_visitlog OWNER TO shop_user;

--
-- Name: shop_visitlog_id_seq; Type: SEQUENCE; Schema: public; Owner: shop_user
--

ALTER TABLE public.shop_visitlog ALTER COLUMN id ADD GENERATED BY DEFAULT AS IDENTITY (
    SEQUENCE NAME public.shop_visitlog_id_seq
    START WITH 1
    INCREMENT BY 1
    NO MINVALUE
    NO MAXVALUE
    CACHE 1
);


--
-- Data for Name: accounts_user; Type: TABLE DATA; Schema: public; Owner: shop_user
--

COPY public.accounts_user (id, password, last_login, is_superuser, username, first_name, last_name, email, is_staff, is_active, date_joined, phone, avatar, address, city, is_email_verified, email_verification_token, created_at, updated_at) FROM stdin;
1	pbkdf2_sha256$1200000$O2sX3X6ww8uAYUH5Hz4ag2$blgE/EtPrkswwZcE0nHPjkk877eCLHopxw7E2iELNoM=	2026-04-15 09:48:56.052098+03	t	admin			admin@example.com	t	t	2026-04-15 01:37:51.762814+03	+380994561236	avatars/default.jpg		київ	f		2026-04-15 01:37:51.934378+03	2026-04-15 09:48:07.981522+03
\.


--
-- Data for Name: accounts_user_groups; Type: TABLE DATA; Schema: public; Owner: shop_user
--

COPY public.accounts_user_groups (id, user_id, group_id) FROM stdin;
\.


--
-- Data for Name: accounts_user_user_permissions; Type: TABLE DATA; Schema: public; Owner: shop_user
--

COPY public.accounts_user_user_permissions (id, user_id, permission_id) FROM stdin;
\.


--
-- Data for Name: auth_group; Type: TABLE DATA; Schema: public; Owner: shop_user
--

COPY public.auth_group (id, name) FROM stdin;
\.


--
-- Data for Name: auth_group_permissions; Type: TABLE DATA; Schema: public; Owner: shop_user
--

COPY public.auth_group_permissions (id, group_id, permission_id) FROM stdin;
\.


--
-- Data for Name: auth_permission; Type: TABLE DATA; Schema: public; Owner: shop_user
--

COPY public.auth_permission (id, name, content_type_id, codename) FROM stdin;
1	Can add log entry	1	add_logentry
2	Can change log entry	1	change_logentry
3	Can delete log entry	1	delete_logentry
4	Can view log entry	1	view_logentry
5	Can add permission	3	add_permission
6	Can change permission	3	change_permission
7	Can delete permission	3	delete_permission
8	Can view permission	3	view_permission
9	Can add group	2	add_group
10	Can change group	2	change_group
11	Can delete group	2	delete_group
12	Can view group	2	view_group
13	Can add content type	4	add_contenttype
14	Can change content type	4	change_contenttype
15	Can delete content type	4	delete_contenttype
16	Can view content type	4	view_contenttype
17	Can add session	5	add_session
18	Can change session	5	change_session
19	Can delete session	5	delete_session
20	Can view session	5	view_session
21	Can add Бренд	6	add_brand
22	Can change Бренд	6	change_brand
23	Can delete Бренд	6	delete_brand
24	Can view Бренд	6	view_brand
25	Can add Кошик	7	add_cart
26	Can change Кошик	7	change_cart
27	Can delete Кошик	7	delete_cart
28	Can view Кошик	7	view_cart
29	Can add Акція	12	add_promotion
30	Can change Акція	12	change_promotion
31	Can delete Акція	12	delete_promotion
32	Can view Акція	12	view_promotion
33	Can add Категорія	8	add_category
34	Can change Категорія	8	change_category
35	Can delete Категорія	8	delete_category
36	Can view Категорія	8	view_category
37	Can add Замовлення	9	add_order
38	Can change Замовлення	9	change_order
39	Can delete Замовлення	9	delete_order
40	Can view Замовлення	9	view_order
41	Can add Товар	10	add_product
42	Can change Товар	10	change_product
43	Can delete Товар	10	delete_product
44	Can view Товар	10	view_product
45	Can add Додаткове зображення	11	add_productimage
46	Can change Додаткове зображення	11	change_productimage
47	Can delete Додаткове зображення	11	delete_productimage
48	Can view Додаткове зображення	11	view_productimage
49	Can add Властивість	13	add_property
50	Can change Властивість	13	change_property
51	Can delete Властивість	13	delete_property
52	Can view Властивість	13	view_property
53	Can add Значення властивості	14	add_propertyvalue
54	Can change Значення властивості	14	change_propertyvalue
55	Can delete Значення властивості	14	delete_propertyvalue
56	Can view Значення властивості	14	view_propertyvalue
57	Can add Відгук	15	add_review
58	Can change Відгук	15	change_review
59	Can delete Відгук	15	delete_review
60	Can view Відгук	15	view_review
61	Can add visit log	16	add_visitlog
62	Can change visit log	16	change_visitlog
63	Can delete visit log	16	delete_visitlog
64	Can view visit log	16	view_visitlog
65	Can add Користувач	17	add_user
66	Can change Користувач	17	change_user
67	Can delete Користувач	17	delete_user
68	Can view Користувач	17	view_user
\.


--
-- Data for Name: django_admin_log; Type: TABLE DATA; Schema: public; Owner: shop_user
--

COPY public.django_admin_log (id, action_time, object_id, object_repr, action_flag, change_message, content_type_id, user_id) FROM stdin;
1	2026-04-15 10:33:07.413095+03	203	Мобільний телефон Xiaomi Poco C85 8/256Gb Purple (1163438)	3		10	1
2	2026-04-15 10:33:07.413169+03	202	Мобільний телефон Xiaomi Poco C85 8/256Gb Green (1163437)	3		10	1
3	2026-04-15 10:33:07.413199+03	201	Мобільний телефон Xiaomi Poco C85 6/128Gb Purple (1163435)	3		10	1
4	2026-04-15 10:33:07.413225+03	200	Мобільний телефон Xiaomi Poco C85 6/128Gb Green (1163434)	3		10	1
5	2026-04-15 10:33:07.413252+03	199	Мобільний телефон 2E E280 2025 Black (694743656220)	3		10	1
6	2026-04-15 10:33:07.413275+03	198	Мобільний телефон Oppo Reno14 F 5G 8/256GB Luminous Green (OFCPH2743 _GREEN _8/256)	3		10	1
7	2026-04-15 10:33:07.413297+03	197	Мобільний телефон Oppo Reno14 F 5G 8/256GB Opal Blue (OFCPH2743 _BLUE_8/256)	3		10	1
8	2026-04-15 10:33:07.413318+03	196	Мобільний телефон OUKITEL WP100 12/512GB Black (6931940792769)	3		10	1
9	2026-04-15 10:33:07.413341+03	195	Мобільний телефон Tecno Spark 40 8/256Gb Ink Black (4894947091551)	3		10	1
10	2026-04-15 10:33:07.413363+03	194	Мобільний телефон Xiaomi Redmi 15C 4/128GB Mint Green (1163426)	3		10	1
11	2026-04-15 10:33:07.413385+03	193	Мобільний телефон Xiaomi Redmi 15C 4/128GB Moonlight Blue (1163427)	3		10	1
12	2026-04-15 10:33:07.413407+03	192	Мобільний телефон Xiaomi Redmi 15C 4/128GB Midnight Black (1163425)	3		10	1
13	2026-04-15 10:33:07.413427+03	191	Мобільний телефон Xiaomi Redmi 15C 8/256GB Mint Green (1163430)	3		10	1
14	2026-04-15 10:33:07.413449+03	190	Мобільний телефон Xiaomi Redmi 15C 8/256GB Moonlight Blue (1163431)	3		10	1
15	2026-04-15 10:33:07.413471+03	189	Мобільний телефон Xiaomi Redmi 15C 8/256GB Midnight Black (1163429)	3		10	1
16	2026-04-15 10:33:07.413491+03	188	Мобільний телефон OUKITEL WP53 8/128GB Black (6941749820686)	3		10	1
17	2026-04-15 10:33:07.413511+03	187	Мобільний телефон OUKITEL WP56 12/512GB Black (6941749811516)	3		10	1
18	2026-04-15 10:33:07.413532+03	186	Мобільний телефон OUKITEL WP35 Pro 12/512GB Gray (6931940795289)	3		10	1
19	2026-04-15 10:33:07.413553+03	185	Мобільний телефон OUKITEL WP100 TITAN 12/512GB Black (6931940792752)	3		10	1
20	2026-04-15 10:33:07.413575+03	184	Мобільний телефон realme Note 70 4/128GB Obsidian Black	3		10	1
21	2026-04-15 10:33:07.413597+03	183	Мобільний телефон realme Note 70 4/128GB Beach Gold	3		10	1
22	2026-04-15 10:33:07.413639+03	182	Мобільний телефон Infinix Hot 60i 4/128Gb Sleek Black (4894947093562)	3		10	1
23	2026-04-15 10:33:07.413661+03	181	Мобільний телефон Infinix Smart 10 4/128Gb Titanium Silver (4894947084461)	3		10	1
24	2026-04-15 10:33:07.413681+03	180	Мобільний телефон Infinix Smart 10 4/128Gb Sleek Black (4894947084423)	3		10	1
25	2026-04-15 10:33:07.413702+03	179	Мобільний телефон Samsung Galaxy S25 FE 8/128Gb Jetblack (SM-S731BZKDEUC)	3		10	1
26	2026-04-15 10:33:07.413724+03	178	Мобільний телефон Samsung Galaxy S25 FE 8/256Gb White (SM-S731BZWGEUC)	3		10	1
27	2026-04-15 10:33:07.413746+03	177	Мобільний телефон Samsung Galaxy S25 FE 8/256Gb Navy (SM-S731BDBGEUC)	3		10	1
28	2026-04-15 10:33:07.413766+03	176	Мобільний телефон Samsung Galaxy S25 FE 8/256Gb Icyblue (SM-S731BLBGEUC)	3		10	1
29	2026-04-15 10:33:07.413786+03	175	Мобільний телефон Samsung Galaxy S25 FE 8/256Gb Jetblack (SM-S731BZKGEUC)	3		10	1
30	2026-04-15 10:33:07.413806+03	174	Мобільний телефон Samsung Galaxy S25 FE 8/512Gb White (SM-S731BZWIEUC)	3		10	1
31	2026-04-15 10:33:07.413827+03	173	Мобільний телефон Samsung Galaxy S25 FE 8/512Gb Icyblue (SM-S731BLBIEUC)	3		10	1
32	2026-04-15 10:33:07.413846+03	172	Мобільний телефон Samsung Galaxy S25 FE 8/512Gb Jetblack (SM-S731BZKIEUC)	3		10	1
33	2026-04-15 10:33:07.413866+03	171	Мобільний телефон Samsung Galaxy S25 Edge 12/256Gb Titanium Icyblue (SM-S937BLBDEUC)	3		10	1
34	2026-04-15 10:33:07.413887+03	170	Мобільний телефон Oppo A5 6/128GB Mist White (OFCPH2727_WHITE _6/128)	3		10	1
35	2026-04-15 10:33:07.413908+03	169	Мобільний телефон Oppo A5 6/128GB Aurora Green (OFCPH2727_GREEN _6/128)	3		10	1
36	2026-04-15 10:33:07.413929+03	168	Мобільний телефон Infinix Smart 10 Plus 4/128Gb Iris Blue (4894947091193)	3		10	1
37	2026-04-15 10:33:07.41395+03	167	Мобільний телефон Infinix Smart 10 Plus 4/128Gb Titanium Silver (4894947091186)	3		10	1
38	2026-04-15 10:33:07.41397+03	166	Мобільний телефон Infinix Smart 10 Plus 4/128Gb Sleek Black (4894947091179)	3		10	1
39	2026-04-15 10:33:07.413991+03	165	Мобільний телефон realme C71 6/128GB White Swan	3		10	1
40	2026-04-15 10:33:07.414012+03	164	Мобільний телефон realme C71 6/128GB Forest Owl	3		10	1
41	2026-04-15 10:33:07.414032+03	163	Мобільний телефон Samsung Galaxy Flip7 FE 8/128Gb Black (SM-F761BZKGSEK)	3		10	1
42	2026-04-15 10:33:07.414047+03	162	Мобільний телефон Samsung Galaxy Flip7 12/256Gb Blue Shadow (SM-F766BDBGSEK)	3		10	1
43	2026-04-15 10:33:07.414056+03	161	Мобільний телефон Samsung Galaxy Flip7 12/512Gb Jetblack (SM-F766BZKHSEK)	3		10	1
44	2026-04-15 10:33:07.414064+03	160	Мобільний телефон Samsung Galaxy Fold7 12/256Gb Silver Shadow (SM-F966BZSBSEK)	3		10	1
45	2026-04-15 10:33:07.414073+03	159	Мобільний телефон Samsung Galaxy Fold7 12/256Gb Jetblack (SM-F966BZKBSEK)	3		10	1
46	2026-04-15 10:33:07.414081+03	158	Мобільний телефон Samsung Galaxy Fold7 12/256Gb Blue Shadow (SM-F966BDBBSEK)	3		10	1
47	2026-04-15 10:33:07.414089+03	157	Мобільний телефон Samsung Galaxy Fold7 12/512Gb Silver Shadow (SM-F966BZSCSEK)	3		10	1
48	2026-04-15 10:33:07.414098+03	156	Мобільний телефон Samsung Galaxy Fold7 12/512Gb Jetblack (SM-F966BZKCSEK)	3		10	1
49	2026-04-15 10:33:07.414107+03	155	Мобільний телефон Samsung Galaxy Fold7 12/512Gb Blue Shadow (SM-F966BDBCSEK)	3		10	1
50	2026-04-15 10:33:07.414115+03	154	Мобільний телефон Samsung Galaxy Fold7 16/1Tb Jetblack (SM-F966BZKNSEK)	3		10	1
51	2026-04-15 10:33:07.414123+03	153	Мобільний телефон Samsung Galaxy Fold7 16/1Tb Blue Shadow (SM-F966BDBNSEK)	3		10	1
52	2026-04-15 10:33:07.414131+03	152	Мобільний телефон Samsung Galaxy A17 LTE 8/256Gb Light Blue (SM-A175FLBEEUC)	3		10	1
53	2026-04-15 10:33:07.41414+03	151	Мобільний телефон Samsung Galaxy A17 LTE 8/256Gb Gray (SM-A175FZAEEUC)	3		10	1
54	2026-04-15 10:33:07.414149+03	150	Мобільний телефон Samsung Galaxy A17 LTE 8/256Gb Black (SM-A175FZKEEUC)	3		10	1
55	2026-04-15 10:33:07.414163+03	149	Мобільний телефон Samsung Galaxy A17 LTE 4/128Gb Light Blue (SM-A175FLBBEUC)	3		10	1
56	2026-04-15 10:33:07.414172+03	148	Мобільний телефон Samsung Galaxy A17 LTE 4/128Gb Gray (SM-A175FZABEUC)	3		10	1
57	2026-04-15 10:33:07.414181+03	147	Мобільний телефон Samsung Galaxy A17 LTE 4/128Gb Black (SM-A175FZKBEUC)	3		10	1
58	2026-04-15 10:33:07.41419+03	146	Мобільний телефон Samsung Galaxy A07 4/128Gb Light Violet (SM-A075FLVGSEK)	3		10	1
59	2026-04-15 10:33:07.414198+03	145	Мобільний телефон Samsung Galaxy A07 4/128Gb Green (SM-A075FZGGSEK)	3		10	1
60	2026-04-15 10:33:07.414207+03	144	Мобільний телефон Samsung Galaxy A07 4/128Gb Black (SM-A075FZKGSEK)	3		10	1
61	2026-04-15 10:33:07.414215+03	143	Мобільний телефон Samsung Galaxy S25 12/256Gb Blueblack (SM-S931BZKGEUC)	3		10	1
62	2026-04-15 10:33:07.414223+03	142	Мобільний телефон Samsung Galaxy S25 12/512Gb Blueblack (SM-S931BZKHEUC)	3		10	1
63	2026-04-15 10:33:07.414232+03	141	Мобільний телефон Motorola G86 8/256GB Golden Cypress (PB7L0115RS)	3		10	1
64	2026-04-15 10:33:07.41424+03	140	Мобільний телефон Motorola G86 8/256GB Chrysanthemum (PB7L0109RS)	3		10	1
65	2026-04-15 10:33:07.414248+03	139	Мобільний телефон Motorola G86 8/256GB Spellbound (PB7L0101RS)	3		10	1
66	2026-04-15 10:33:07.414258+03	138	Мобільний телефон Motorola G86 8/256GB Cosmic Sky (PB7L0090RS)	3		10	1
67	2026-04-15 10:33:07.414269+03	137	Мобільний телефон HMD 130 Music Dark Grey	3		10	1
68	2026-04-15 10:33:07.414278+03	136	Мобільний телефон Motorola Edge 60 Pro 12/512GB Dazzling Blue (PB7X0069RS)	3		10	1
69	2026-04-15 10:33:07.414286+03	135	Мобільний телефон Motorola Edge 60 Pro 12/512GB Shadow (PB7X0068RS)	3		10	1
70	2026-04-15 10:33:07.414294+03	134	Мобільний телефон Motorola Edge 60 Fusion 8/256GB Slipstream (PB7E0039RS)	3		10	1
71	2026-04-15 10:33:07.414302+03	133	Мобільний телефон Motorola Edge 60 Fusion 8/256GB Amazonite (PB7E0036RS)	3		10	1
72	2026-04-15 10:33:07.414311+03	132	Мобільний телефон Oppo A5 PRO 5G 8/256GB Black Brown (OFCPH2695_BROWN)	3		10	1
73	2026-04-15 10:33:07.414319+03	131	Мобільний телефон OUKITEL WP28E 4/64GB Green (6931940757690)	3		10	1
74	2026-04-15 10:33:07.414327+03	130	Мобільний телефон OUKITEL WP32 PRO 6/256GB Green (6931940757805)	3		10	1
75	2026-04-15 10:33:07.414335+03	129	Мобільний телефон OUKITEL WP32 4/128GB Green (6931940733045)	3		10	1
76	2026-04-15 10:33:07.414343+03	128	Мобільний телефон OUKITEL G2 4/64GB Green (6931940757768)	3		10	1
77	2026-04-15 10:33:07.414352+03	127	Мобільний телефон OUKITEL G1 6/256GB Green (6931940757867)	3		10	1
78	2026-04-15 10:33:07.414361+03	126	Мобільний телефон ZTE Nubia V70 Design 8/256GB Gray (1143714)	3		10	1
79	2026-04-15 10:33:07.414369+03	125	Мобільний телефон ZTE Nubia V70 8/256GB Gold (1143717)	3		10	1
80	2026-04-15 10:33:07.414378+03	124	Мобільний телефон ZTE Nubia V70 8/256GB Gray (1143716)	3		10	1
81	2026-04-15 10:33:07.414386+03	123	Мобільний телефон Ulefone Armor X32 6/128Gb Black (6975326662383)	3		10	1
82	2026-04-15 10:33:07.414394+03	122	Мобільний телефон Nomi i2420 Black Grey	3		10	1
83	2026-04-15 10:33:07.414402+03	121	Мобільний телефон Xiaomi Redmi A5 4/128GB Ocean Blue (1146835)	3		10	1
84	2026-04-15 10:33:07.41441+03	120	Мобільний телефон Xiaomi Redmi A5 4/128GB Midnight Black (1146834)	3		10	1
85	2026-04-15 10:33:07.414418+03	119	Мобільний телефон Xiaomi Redmi A5 3/64GB Sandy Gold (1146833)	3		10	1
86	2026-04-15 10:33:07.414426+03	118	Мобільний телефон Xiaomi Redmi A5 3/64GB Ocean Blue (1146832)	3		10	1
87	2026-04-15 10:33:07.414434+03	117	Мобільний телефон Xiaomi Redmi A5 3/64GB Midnight Black (1146831)	3		10	1
88	2026-04-15 10:33:07.414442+03	116	Мобільний телефон Oppo A5 PRO 4G 8/128GB Mocha Brown (OFCPH2711_BROWN _128)	3		10	1
89	2026-04-15 10:33:07.414451+03	115	Мобільний телефон Oppo A5 PRO 4G 8/128GB Olive Green (OFCPH2711_GREEN _128)	3		10	1
90	2026-04-15 10:33:07.414459+03	114	Мобільний телефон OUKITEL G1 6/256GB Orange (6931940757881)	3		10	1
91	2026-04-15 10:33:07.414467+03	113	Мобільний телефон HMD 2660 4G Flip DS Red	3		10	1
92	2026-04-15 10:33:07.414475+03	112	Мобільний телефон Infinix Note 50 Pro+ 12/256Gb NFC Enchanted Purple (4894947070075)	3		10	1
93	2026-04-15 10:33:07.414483+03	111	Мобільний телефон Nokia 110 DS 2024 Black	3		10	1
94	2026-04-15 10:33:07.414492+03	110	Мобільний телефон Sigma X-treme PV68 Black (4827798738214)	3		10	1
95	2026-04-15 10:33:07.4145+03	109	Мобільний телефон Sigma X-style 353 TREND Mint (4827798626221)	3		10	1
96	2026-04-15 10:33:07.414508+03	108	Мобільний телефон Sigma X-style 353 TREND Black (4827798626214)	3		10	1
97	2026-04-15 10:33:07.414516+03	107	Мобільний телефон Nomi i2841 Black	3		10	1
98	2026-04-15 10:33:07.414526+03	106	Мобільний телефон Panasonic KX-TU446 Black (KX-TU446EXB)	3		10	1
99	2026-04-15 10:33:07.414534+03	105	Мобільний телефон Panasonic KX-TU250 Black (KX-TU250EXB)	3		10	1
100	2026-04-15 10:33:07.414543+03	104	Мобільний телефон Panasonic KX-TU160 Black (KX-TU160EXB)	3		10	1
101	2026-04-15 10:34:26.923185+03	403	Мобільний телефон HMD 102 DS Grey	3		10	1
102	2026-04-15 10:34:26.92326+03	402	Мобільний телефон HMD 102 DS Blue	3		10	1
103	2026-04-15 10:34:26.923293+03	401	Мобільний телефон HMD 100 DS Grey	3		10	1
104	2026-04-15 10:34:26.923321+03	400	Мобільний телефон HMD 100 DS Teal	3		10	1
105	2026-04-15 10:34:26.92335+03	399	Мобільний телефон Nokia 110 DS Power Purple	3		10	1
106	2026-04-15 10:34:26.923379+03	398	Мобільний телефон Nokia 110 DS Power Grey	3		10	1
107	2026-04-15 10:34:26.923408+03	397	Мобільний телефон Xiaomi Redmi A7 Pro 4/64GB Palm Green (1195179)	3		10	1
108	2026-04-15 10:34:26.923436+03	396	Мобільний телефон Xiaomi Redmi A7 Pro 4/64GB Black (1195178)	3		10	1
109	2026-04-15 10:34:26.923462+03	395	Мобільний телефон Xiaomi Redmi A7 Pro 4/128GB Black (1195181)	3		10	1
110	2026-04-15 10:34:26.923489+03	394	Мобільний телефон Motorola G06 4/128GB Tendril (PBA20021RS)	3		10	1
111	2026-04-15 10:34:26.923516+03	393	Мобільний телефон Motorola G06 4/128GB Tapestry (PBA20018RS)	3		10	1
112	2026-04-15 10:34:26.923542+03	392	Мобільний телефон Motorola G06 4/128GB Arabesque (PBA20019RS)	3		10	1
113	2026-04-15 10:34:26.923567+03	391	Мобільний телефон Apple iPhone 15 Pro 256Gb Black Titanium (REF B) BREEZY (2BMTV13)	3		10	1
114	2026-04-15 10:34:26.923602+03	390	Мобільний телефон Motorola Edge 70 Fusion 8/256GB Silhouette (PBBD0022RS)	3		10	1
115	2026-04-15 10:34:26.923644+03	389	Мобільний телефон Oppo A6k 4/256GB Crystal Blue (OFCPH2891_BLUE)	3		10	1
116	2026-04-15 10:34:26.923671+03	388	Мобільний телефон Motorola Edge 70 Fusion 12/256GB Silhouette (PBBE0042UA)	3		10	1
117	2026-04-15 10:34:26.923697+03	387	Мобільний телефон Xiaomi Poco X8 Pro Max 12/256GB White (1191431)	3		10	1
118	2026-04-15 10:34:26.923722+03	386	Мобільний телефон Xiaomi Poco X8 Pro Max 12/256GB Blue (1191430)	3		10	1
119	2026-04-15 10:34:26.923747+03	385	Мобільний телефон Xiaomi Poco X8 Pro Max 12/256GB Black (1191429)	3		10	1
120	2026-04-15 10:34:26.923774+03	384	Мобільний телефон Xiaomi Poco X8 Pro 8/256GB White (1191425)	3		10	1
121	2026-04-15 10:34:26.923803+03	383	Мобільний телефон Xiaomi Poco X8 Pro 8/256GB Green (1191424)	3		10	1
122	2026-04-15 10:34:26.923829+03	382	Мобільний телефон Xiaomi Poco X8 Pro 8/256GB Black (1191423)	3		10	1
123	2026-04-15 10:34:26.923854+03	381	Мобільний телефон Xiaomi Poco X8 Pro 12/512GB White (1191428)	3		10	1
124	2026-04-15 10:34:26.923879+03	380	Мобільний телефон Xiaomi Poco X8 Pro 12/512GB Green (1191427)	3		10	1
125	2026-04-15 10:34:26.923904+03	379	Мобільний телефон Xiaomi Poco X8 Pro 12/512GB Black (1191426)	3		10	1
126	2026-04-15 10:34:26.923929+03	378	Мобільний телефон Apple iPhone 14 Pro 128Gb Space Black (REF A) BREEZY (2AMPXV3)	3		10	1
127	2026-04-15 10:34:26.923954+03	377	Мобільний телефон Apple iPhone 15 Pro Max 256Gb Blue Titanium (REF B) BREEZY (2BMU7A3)	3		10	1
128	2026-04-15 10:34:26.923979+03	376	Мобільний телефон Apple iPhone 14 Pro Max 128Gb Space Black (REF B) BREEZY (2BMQ9P3)	3		10	1
129	2026-04-15 10:34:26.924003+03	375	Мобільний телефон Apple iPhone 14 Pro Max 128Gb Space Black (REF A) BREEZY (2AMQ9P3)	3		10	1
130	2026-04-15 10:34:26.924029+03	374	Мобільний телефон Apple iPhone 14 Pro 128Gb Space Black (REF B) BREEZY (2BMPXV3)	3		10	1
131	2026-04-15 10:34:26.924054+03	373	Мобільний телефон Apple iPhone 13 Pro Max 256Gb Graphite (REF A) BREEZY (2AMLLA3)	3		10	1
132	2026-04-15 10:34:26.92408+03	372	Мобільний телефон Apple iPhone 13 Pro Max 128Gb Graphite (REF B) BREEZY (2BMLL63)	3		10	1
133	2026-04-15 10:34:26.924104+03	371	Мобільний телефон Xiaomi 17 Ultra 16/512GB Black (1186350)	3		10	1
134	2026-04-15 10:34:26.924129+03	370	Мобільний телефон Xiaomi 17 12/256GB Black (1186343)	3		10	1
135	2026-04-15 10:34:26.924154+03	369	Мобільний телефон Samsung Galaxy A37 5G 6/128Gb White (SM-A376BZWBEUC)	3		10	1
136	2026-04-15 10:34:26.924178+03	368	Мобільний телефон Samsung Galaxy A37 5G 6/128Gb Light Violet (SM-A376BLVBEUC)	3		10	1
137	2026-04-15 10:34:26.924203+03	367	Мобільний телефон Samsung Galaxy A37 5G 6/128Gb Gray (SM-A376BZABEUC)	3		10	1
138	2026-04-15 10:34:26.924228+03	366	Мобільний телефон Samsung Galaxy A37 5G 8/256Gb White (SM-A376BZWGEUC)	3		10	1
139	2026-04-15 10:34:26.924253+03	365	Мобільний телефон Samsung Galaxy A37 5G 8/256Gb Light Violet (SM-A376BLVGEUC)	3		10	1
140	2026-04-15 10:34:26.924284+03	364	Мобільний телефон Samsung Galaxy A37 5G 8/256Gb Gray (SM-A376BZAGEUC)	3		10	1
141	2026-04-15 10:34:26.92431+03	363	Мобільний телефон Samsung Galaxy A37 5G 8/256Gb Dark Green (SM-A376BDGGEUC)	3		10	1
142	2026-04-15 10:34:26.924336+03	362	Мобільний телефон Samsung Galaxy A57 5G 8/128Gb Violet (SM-A576BZVBEUC)	3		10	1
143	2026-04-15 10:34:26.924361+03	361	Мобільний телефон Samsung Galaxy A57 5G 8/128Gb Light Blue (SM-A576BLBBEUC)	3		10	1
144	2026-04-15 10:34:26.924388+03	360	Мобільний телефон Samsung Galaxy A57 5G 8/128Gb Gray (SM-A576BZABEUC)	3		10	1
145	2026-04-15 10:34:26.924414+03	359	Мобільний телефон Samsung Galaxy A57 5G 8/256Gb Violet (SM-A576BZVDEUC)	3		10	1
146	2026-04-15 10:34:26.92444+03	358	Мобільний телефон Samsung Galaxy A57 5G 8/256Gb Light Blue (SM-A576BLBDEUC)	3		10	1
147	2026-04-15 10:34:26.924465+03	357	Мобільний телефон Samsung Galaxy A57 5G 8/256Gb Gray (SM-A576BZADEUC)	3		10	1
148	2026-04-15 10:34:26.92449+03	356	Мобільний телефон Samsung Galaxy A57 5G 8/256Gb Dark Blue (SM-A576BDBDEUC)	3		10	1
149	2026-04-15 10:34:26.924515+03	355	Мобільний телефон Samsung Galaxy A57 5G 12/512Gb Violet (SM-A576BZVHEUC)	3		10	1
150	2026-04-15 10:34:26.924541+03	354	Мобільний телефон Samsung Galaxy A57 5G 12/512Gb Light Blue (SM-A576BLBHEUC)	3		10	1
151	2026-04-15 10:34:26.924566+03	353	Мобільний телефон Samsung Galaxy A57 5G 12/512Gb Gray (SM-A576BZAHEUC)	3		10	1
152	2026-04-15 10:34:26.924592+03	352	Мобільний телефон Samsung Galaxy A57 5G 12/512Gb Dark Blue (SM-A576BDBHEUC)	3		10	1
153	2026-04-15 10:34:26.924627+03	351	Мобільний телефон Xiaomi 17 Ultra 16/512GB White (1186352)	3		10	1
154	2026-04-15 10:34:26.924655+03	350	Мобільний телефон Xiaomi 17 Ultra 16/512GB Starlit Green (1186351)	3		10	1
155	2026-04-15 10:34:26.924681+03	349	Мобільний телефон Xiaomi 17 12/512GB Venture Green (1186348)	3		10	1
156	2026-04-15 10:34:26.924706+03	348	Мобільний телефон Xiaomi 17 12/512GB Ice Blue (1186347)	3		10	1
157	2026-04-15 10:34:26.924732+03	347	Мобільний телефон Xiaomi 17 12/512GB Black (1186346)	3		10	1
158	2026-04-15 10:34:26.924758+03	346	Мобільний телефон Xiaomi 17 12/512GB Alpine Pink (1186349)	3		10	1
159	2026-04-15 10:34:26.924783+03	345	Мобільний телефон Xiaomi 17 12/256GB Ice Blue (1186344)	3		10	1
160	2026-04-15 10:34:26.924809+03	344	Мобільний телефон Ergo E182 Black	3		10	1
161	2026-04-15 10:34:26.924834+03	343	Мобільний телефон Tecno Camon 50 12/256Gb Moonshadow Black (4894947116216)	3		10	1
162	2026-04-15 10:34:26.924859+03	342	Мобільний телефон Motorola G17 Power 8/256GB Alaskan Blue (PBBM0004RS)	3		10	1
163	2026-04-15 10:34:26.924883+03	341	Мобільний телефон Motorola G17 Power 8/256GB Evening Blue (PBBM0005RS)	3		10	1
164	2026-04-15 10:34:26.924908+03	340	Мобільний телефон Motorola G77 8/256GB Shaded Spruce (Green) (PBAW0027RS)	3		10	1
165	2026-04-15 10:34:26.924933+03	339	Мобільний телефон Motorola G77 8/256GB Black Olive (Black) (PBAW0026RS)	3		10	1
166	2026-04-15 10:34:26.924964+03	338	Мобільний телефон Xiaomi Redmi Note 15 Pro 5G 8/512GB Glacier Blue (1186956)	3		10	1
167	2026-04-15 10:34:26.92499+03	337	Мобільний телефон Xiaomi Redmi Note 15 Pro 5G 8/512GB Titanium Color (1186957)	3		10	1
168	2026-04-15 10:34:26.925015+03	336	Мобільний телефон Xiaomi Redmi Note 15 Pro 5G 8/512GB Black (1186955)	3		10	1
169	2026-04-15 10:34:26.92504+03	335	Мобільний телефон Ergo R202 Black	3		10	1
170	2026-04-15 10:34:26.925065+03	334	Мобільний телефон OnePlus Nord CE 5 5G 8/256GB Black	3		10	1
171	2026-04-15 10:34:26.92509+03	333	Мобільний телефон Nomi i2320 Red	3		10	1
172	2026-04-15 10:34:26.925116+03	332	Мобільний телефон Oppo A6X NFC 4/128GB Ice Blue (OFCPH2819_BLUE)	3		10	1
173	2026-04-15 10:34:26.925141+03	331	Мобільний телефон Oppo A6X NFC 4/128GB Plum Purple (OFCPH2819_PURPLE)	3		10	1
174	2026-04-15 10:34:26.925166+03	330	Мобільний телефон Oppo A6 6/256GB Aurora Gold (OFCPH2817_GOLD)	3		10	1
175	2026-04-15 10:34:26.925191+03	329	Мобільний телефон Oppo A6 6/256GB Sapphire Blue (OFCPH2817_BLUE)	3		10	1
176	2026-04-15 10:34:26.925216+03	328	Мобільний телефон Samsung Galaxy S26 12/256Gb White (SM-S942BZWGEUC)	3		10	1
177	2026-04-15 10:34:26.925241+03	327	Мобільний телефон Samsung Galaxy S26 12/256Gb Cobalt Violet (SM-S942BZVGEUC)	3		10	1
178	2026-04-15 10:34:26.925268+03	326	Мобільний телефон Samsung Galaxy S26 12/256Gb Sky Blue (SM-S942BLBGEUC)	3		10	1
179	2026-04-15 10:34:26.925292+03	325	Мобільний телефон Samsung Galaxy S26 12/256Gb Black (SM-S942BZKGEUC)	3		10	1
180	2026-04-15 10:34:26.925317+03	324	Мобільний телефон Samsung Galaxy S26 12/512Gb White (SM-S942BZWHEUC)	3		10	1
181	2026-04-15 10:34:26.925341+03	323	Мобільний телефон Samsung Galaxy S26 12/512Gb Cobalt Violet (SM-S942BZVHEUC)	3		10	1
182	2026-04-15 10:34:26.925366+03	322	Мобільний телефон Samsung Galaxy S26 12/512Gb Sky Blue (SM-S942BLBHEUC)	3		10	1
183	2026-04-15 10:34:26.925391+03	321	Мобільний телефон Samsung Galaxy S26 12/512Gb Black (SM-S942BZKHEUC)	3		10	1
184	2026-04-15 10:34:26.925416+03	320	Мобільний телефон Samsung Galaxy S26+ 12/256Gb White (SM-S947BZWDEUC)	3		10	1
185	2026-04-15 10:34:26.92544+03	319	Мобільний телефон Samsung Galaxy S26+ 12/256Gb Sky Blue (SM-S947BLBDEUC)	3		10	1
186	2026-04-15 10:34:26.92547+03	318	Мобільний телефон Samsung Galaxy S26+ 12/256Gb Black (SM-S947BZKDEUC)	3		10	1
187	2026-04-15 10:34:26.925494+03	317	Мобільний телефон Samsung Galaxy S26+ 12/512Gb White (SM-S947BZWGEUC)	3		10	1
188	2026-04-15 10:34:26.925518+03	316	Мобільний телефон Samsung Galaxy S26+ 12/512Gb Cobalt Violet (SM-S947BZVGEUC)	3		10	1
189	2026-04-15 10:34:26.925543+03	315	Мобільний телефон Samsung Galaxy S26+ 12/512Gb Sky Blue (SM-S947BLBGEUC)	3		10	1
190	2026-04-15 10:34:26.925568+03	314	Мобільний телефон Samsung Galaxy S26+ 12/512Gb Black (SM-S947BZKGEUC)	3		10	1
191	2026-04-15 10:34:26.925597+03	313	Мобільний телефон Samsung Galaxy S26 Ultra 12/256Gb Cobalt Violet (SM-S948BZVDEUC)	3		10	1
192	2026-04-15 10:34:26.925635+03	312	Мобільний телефон Samsung Galaxy S26 Ultra 12/256Gb Sky Blue (SM-S948BLBDEUC)	3		10	1
193	2026-04-15 10:34:26.925661+03	311	Мобільний телефон Samsung Galaxy S26 Ultra 12/256Gb Black (SM-S948BZKDEUC)	3		10	1
194	2026-04-15 10:34:26.925687+03	310	Мобільний телефон Samsung Galaxy S26 Ultra 12/256Gb White (SM-S948BZWDEUC)	3		10	1
195	2026-04-15 10:34:26.925712+03	309	Мобільний телефон Samsung Galaxy S26 Ultra 12/512Gb White (SM-S948BZWGEUC)	3		10	1
196	2026-04-15 10:34:26.925736+03	308	Мобільний телефон Samsung Galaxy S26 Ultra 12/512Gb Cobalt Violet (SM-S948BZVGEUC)	3		10	1
197	2026-04-15 10:34:26.925761+03	307	Мобільний телефон Samsung Galaxy S26 Ultra 12/512Gb Sky Blue (SM-S948BLBGEUC)	3		10	1
198	2026-04-15 10:34:26.925786+03	306	Мобільний телефон Samsung Galaxy S26 Ultra 12/512Gb Black (SM-S948BZKGEUC)	3		10	1
199	2026-04-15 10:34:26.92581+03	305	Мобільний телефон Samsung Galaxy S26 Ultra 16/1Tb White (SM-S948BZWHEUC)	3		10	1
200	2026-04-15 10:34:26.925835+03	304	Мобільний телефон Samsung Galaxy S26 Ultra 16/1Tb Cobalt Violet (SM-S948BZVHEUC)	3		10	1
201	2026-04-15 10:34:34.959806+03	303	Мобільний телефон Samsung Galaxy S26 Ultra 16/1Tb Sky Blue (SM-S948BLBHEUC)	3		10	1
202	2026-04-15 10:34:34.959839+03	302	Мобільний телефон Samsung Galaxy S26 Ultra 16/1Tb Black (SM-S948BZKHEUC)	3		10	1
203	2026-04-15 10:34:34.95985+03	301	Мобільний телефон Oppo Reno15 F 5G 8/256GB Twilight Black (OFCPH2801_BLACK_256)	3		10	1
204	2026-04-15 10:34:34.95986+03	300	Мобільний телефон Oppo Reno15 FS 5G 8/512GB Aurora Blue (OFCPH2801_BLUE_512)	3		10	1
205	2026-04-15 10:34:34.95987+03	299	Мобільний телефон Oppo Reno15 FS 5G 8/512GB Twilight Black (OFCPH2801_BLACK_512)	3		10	1
206	2026-04-15 10:34:34.959879+03	298	Мобільний телефон Oppo Reno15 5G 8/512GB Twilight Black (OFCPH2825_BLACK)	3		10	1
207	2026-04-15 10:34:34.959888+03	297	Мобільний телефон Oppo Reno15 Pro 5G 12/512GB Dusk Black (OFCPH2813_BLACK)	3		10	1
208	2026-04-15 10:34:34.959898+03	296	Мобільний телефон Oppo Reno15 Pro 5G 12/512GB Aurora Blue (OFCPH2813_BLUE)	3		10	1
209	2026-04-15 10:34:34.959907+03	295	Мобільний телефон OUKITEL WP210 12/512GB Black (6941749819949)	3		10	1
210	2026-04-15 10:34:34.959916+03	294	Мобільний телефон OUKITEL WP60 12/512GB Silver (6941749843555)	3		10	1
211	2026-04-15 10:34:34.959925+03	293	Мобільний телефон OUKITEL WP60 12/512GB Black (6941749843531)	3		10	1
212	2026-04-15 10:34:34.959934+03	292	Мобільний телефон OUKITEL WP62 8/256GB Silver (6941749824684)	3		10	1
213	2026-04-15 10:34:34.959942+03	291	Мобільний телефон OUKITEL WP62 8/256GB Black (6941749825476)	3		10	1
214	2026-04-15 10:34:34.959951+03	290	Мобільний телефон Sigma X-style 323 RAIN Black-Orange (4827798885727)	3		10	1
215	2026-04-15 10:34:34.95996+03	289	Мобільний телефон Sigma X-style 323 RAIN Black (4827798885710)	3		10	1
216	2026-04-15 10:34:34.959969+03	288	Мобільний телефон Xiaomi Redmi Note 15 Pro+ 5G 12/512GB Mocha Brown (1183696)	3		10	1
217	2026-04-15 10:34:34.959977+03	287	Мобільний телефон Xiaomi Redmi Note 15 Pro+ 5G 12/512GB Glacier Blue (1183695)	3		10	1
218	2026-04-15 10:34:34.959986+03	286	Мобільний телефон Xiaomi Redmi Note 15 Pro+ 5G 12/512GB Black (1183694)	3		10	1
219	2026-04-15 10:34:34.959995+03	285	Мобільний телефон Xiaomi Redmi Note 15 Pro+ 5G 8/256GB Mocha Brown (1183693)	3		10	1
220	2026-04-15 10:34:34.960004+03	284	Мобільний телефон Xiaomi Redmi Note 15 Pro+ 5G 8/256GB Glacier Blue (1183692)	3		10	1
221	2026-04-15 10:34:34.960012+03	283	Мобільний телефон Xiaomi Redmi Note 15 Pro+ 5G 8/256GB Black (1183691)	3		10	1
222	2026-04-15 10:34:34.960021+03	282	Мобільний телефон Xiaomi Redmi Note 15 Pro 5G 8/256GB Glacier Blue (1183688)	3		10	1
223	2026-04-15 10:34:34.960029+03	281	Мобільний телефон Xiaomi Redmi Note 15 Pro 5G 8/256GB Black (1183687)	3		10	1
224	2026-04-15 10:34:34.960038+03	280	Мобільний телефон Xiaomi Redmi Note 15 Pro 8/256GB Titanium Color (1183686)	3		10	1
225	2026-04-15 10:34:34.960047+03	279	Мобільний телефон Xiaomi Redmi Note 15 Pro 8/256GB Glacier Blue (1183685)	3		10	1
226	2026-04-15 10:34:34.960055+03	278	Мобільний телефон Xiaomi Redmi Note 15 Pro 8/256GB Black (1183684)	3		10	1
227	2026-04-15 10:34:34.960064+03	277	Мобільний телефон Xiaomi Redmi Note 15 5G 8/256GB Purple (1183683)	3		10	1
228	2026-04-15 10:34:34.960073+03	276	Мобільний телефон Xiaomi Redmi Note 15 5G 8/256GB Black (1183681)	3		10	1
229	2026-04-15 10:34:34.960082+03	275	Мобільний телефон Xiaomi Redmi Note 15 5G 6/128GB Purple (1183680)	3		10	1
230	2026-04-15 10:34:34.96009+03	274	Мобільний телефон Xiaomi Redmi Note 15 5G 6/128GB Glacier Blue (1183679)	3		10	1
231	2026-04-15 10:34:34.960099+03	273	Мобільний телефон Xiaomi Redmi Note 15 5G 6/128GB Black (1183678)	3		10	1
232	2026-04-15 10:34:34.960108+03	272	Мобільний телефон Xiaomi Redmi Note 15 8/256GB Purple (1183677)	3		10	1
233	2026-04-15 10:34:34.960117+03	271	Мобільний телефон Xiaomi Redmi Note 15 8/256GB Glacier Blue (1183676)	3		10	1
234	2026-04-15 10:34:34.960125+03	270	Мобільний телефон Xiaomi Redmi Note 15 8/256GB Black (1183675)	3		10	1
235	2026-04-15 10:34:34.960134+03	269	Мобільний телефон Xiaomi Redmi Note 15 6/128GB Purple (1183674)	3		10	1
236	2026-04-15 10:34:34.960144+03	268	Мобільний телефон Xiaomi Redmi Note 15 6/128GB Glacier Blue (1183673)	3		10	1
237	2026-04-15 10:34:34.960153+03	267	Мобільний телефон Xiaomi Redmi Note 15 6/128GB Black (1183672)	3		10	1
238	2026-04-15 10:34:34.960162+03	266	Мобільний телефон Xiaomi Poco M8 5G 8/512GB Siver (1183665)	3		10	1
239	2026-04-15 10:34:34.960171+03	265	Мобільний телефон Xiaomi Poco M8 5G 8/512GB Green (1183664)	3		10	1
240	2026-04-15 10:34:34.960179+03	264	Мобільний телефон Xiaomi Poco M8 5G 8/512GB Black (1183663)	3		10	1
241	2026-04-15 10:34:34.960189+03	263	Мобільний телефон Xiaomi Poco M8 5G 8/256GB Siver (1183662)	3		10	1
242	2026-04-15 10:34:34.960198+03	262	Мобільний телефон Xiaomi Poco M8 5G 8/256GB Green (1183661)	3		10	1
243	2026-04-15 10:34:34.960206+03	261	Мобільний телефон Xiaomi Poco M8 5G 8/256GB Black (1183660)	3		10	1
244	2026-04-15 10:34:34.960215+03	260	Мобільний телефон Tecno Spark 40 Pro+ 8/256Gb Moon Titanium (4894947096358)	3		10	1
245	2026-04-15 10:34:34.960224+03	259	Мобільний телефон HMD 150 MUSIC DS Dark Grey	3		10	1
246	2026-04-15 10:34:34.960233+03	258	Мобільний телефон Motorola Edge 60 Pro 8/256GB Shadow (Green) (PB7X0088RS)	3		10	1
247	2026-04-15 10:34:34.960242+03	257	Мобільний телефон Motorola Edge 60 Pro 8/256GB Sparkling Grape (PB7X0089RS)	3		10	1
248	2026-04-15 10:34:34.960252+03	256	Мобільний телефон Motorola Edge 70 12/512GB Gadget Grey (PBA50006RS)	3		10	1
249	2026-04-15 10:34:34.960261+03	255	Мобільний телефон Motorola Edge 70 12/512GB Bronze Green (PBA50046RS)	3		10	1
250	2026-04-15 10:34:34.96027+03	254	Мобільний телефон realme C85 Pro 8/256GB Peacock Green	3		10	1
251	2026-04-15 10:34:34.960278+03	253	Мобільний телефон realme C85 8/256GB Kingfisher Blue	3		10	1
252	2026-04-15 10:34:34.960287+03	252	Мобільний телефон realme C85 8/256GB Swan Black	3		10	1
253	2026-04-15 10:34:34.960295+03	251	Мобільний телефон realme C85 6/128GB Swan Black	3		10	1
254	2026-04-15 10:34:34.960304+03	250	Мобільний телефон Xiaomi Poco F8 Pro 12/512GB Titanium Silver (1179966)	3		10	1
255	2026-04-15 10:34:34.960312+03	249	Мобільний телефон Xiaomi Poco F8 Pro 12/512GB Black (1179964)	3		10	1
256	2026-04-15 10:34:34.960321+03	248	Мобільний телефон Xiaomi Poco F8 Pro 12/256GB Titanium Silver (1179963)	3		10	1
257	2026-04-15 10:34:34.960329+03	247	Мобільний телефон Xiaomi Poco F8 Pro 12/256GB Blue (1179962)	3		10	1
258	2026-04-15 10:34:34.960337+03	246	Мобільний телефон Xiaomi Poco F8 Pro 12/256GB Black (1179961)	3		10	1
259	2026-04-15 10:34:34.960345+03	245	Мобільний телефон Xiaomi Poco F8 Ultra 16/512GB Black (1179969)	3		10	1
260	2026-04-15 10:34:34.960354+03	244	Мобільний телефон Xiaomi Poco F8 Ultra 12/256GB Denim Blue (1179968)	3		10	1
261	2026-04-15 10:34:34.960362+03	243	Мобільний телефон Xiaomi Poco F8 Ultra 12/256GB Black (1179967)	3		10	1
262	2026-04-15 10:34:34.960371+03	242	Мобільний телефон Ergo B185 Black	3		10	1
263	2026-04-15 10:34:34.96038+03	241	Мобільний телефон Sigma X-style 242 LUCKY Grey (4827798792926)	3		10	1
264	2026-04-15 10:34:34.960389+03	240	Мобільний телефон Sigma X-style 242 LUCKY Black (4827798792919)	3		10	1
265	2026-04-15 10:34:34.960397+03	239	Мобільний телефон 2E S180 2024 Black (694743653885)	3		10	1
266	2026-04-15 10:34:34.960406+03	238	Мобільний телефон Motorola Edge 50 Fusion 8/128GB Forest Green (PB3T0087RS)	3		10	1
267	2026-04-15 10:34:34.960415+03	237	Мобільний телефон Oppo A6 Pro 8/256GB Stellar Blue (OFCPH2799 _BLUE _8/256)	3		10	1
268	2026-04-15 10:34:34.960423+03	236	Мобільний телефон Motorola G06 Power 4/256GB Tapestry (PBA00000UA)	3		10	1
269	2026-04-15 10:34:34.960432+03	235	Мобільний телефон Motorola G06 Power 4/256GB Laurel Oak (PBA00001UA)	3		10	1
270	2026-04-15 10:34:34.960441+03	234	Мобільний телефон Tecno Spark Go 2 4/128GB Ink Black (4894947089558)	3		10	1
271	2026-04-15 10:34:34.960449+03	233	Мобільний телефон Tecno Spark 40 Pro+ 8/256Gb Aurora White (4894947096341)	3		10	1
272	2026-04-15 10:34:34.960458+03	232	Мобільний телефон Tecno Spark 40 Pro+ 8/256Gb Nebula Black (4894947096334)	3		10	1
273	2026-04-15 10:34:34.960467+03	231	Мобільний телефон Nomi i1820 Red	3		10	1
274	2026-04-15 10:34:34.960479+03	230	Мобільний телефон Nomi i1820 Black	3		10	1
275	2026-04-15 10:34:34.960488+03	229	Мобільний телефон Infinix GT 30 8/256Gb Blade White (4894947101083)	3		10	1
276	2026-04-15 10:34:34.960497+03	228	Мобільний телефон Motorola G06 4/256GB Tapestry (PBA20004UA)	3		10	1
277	2026-04-15 10:34:34.960505+03	227	Мобільний телефон Motorola G06 4/64GB Tendril (PBA20000UA)	3		10	1
278	2026-04-15 10:34:34.960514+03	226	Мобільний телефон Motorola G06 4/64GB Tapestry (PBA20002UA)	3		10	1
279	2026-04-15 10:34:34.960523+03	225	Мобільний телефон Sigma X-style 171 MINI Black-Red (4827798813744)	3		10	1
280	2026-04-15 10:34:34.960531+03	224	Мобільний телефон Sigma X-style 171 MINI Black-Orange (4827798813737)	3		10	1
281	2026-04-15 10:34:34.96054+03	223	Мобільний телефон Sigma X-style 171 MINI Black-Green (4827798813720)	3		10	1
282	2026-04-15 10:34:34.960548+03	222	Мобільний телефон Sigma X-style 171 MINI Black (4827798813713)	3		10	1
283	2026-04-15 10:34:34.960557+03	221	Мобільний телефон Sigma X-style 281 CLIK Red (4827798151426)	3		10	1
284	2026-04-15 10:34:34.960565+03	220	Мобільний телефон Sigma X-style 281 CLIK Black (4827798151419)	3		10	1
285	2026-04-15 10:34:34.960573+03	219	Мобільний телефон Ulefone Armor Mini 4 4G Black (6975326660044)	3		10	1
286	2026-04-15 10:34:34.960582+03	218	Мобільний телефон realme 15T 12/256GB Suit Titanium	3		10	1
287	2026-04-15 10:34:34.96059+03	217	Мобільний телефон realme 15T 12/256GB Flowing Silver	3		10	1
288	2026-04-15 10:34:34.960599+03	216	Мобільний телефон Apple iPhone Air 256GB Sky Blue (MG2P4)	3		10	1
289	2026-04-15 10:34:34.960613+03	215	Мобільний телефон Apple iPhone Air 256GB Light Gold (MG2N4)	3		10	1
290	2026-04-15 10:34:34.960622+03	214	Мобільний телефон Apple iPhone Air 256GB Cloud White (MG2M4)	3		10	1
291	2026-04-15 10:34:34.96063+03	213	Мобільний телефон Apple iPhone 17 Pro Max 256GB Cosmic Orange (MFYN4)	3		10	1
292	2026-04-15 10:34:34.960639+03	212	Мобільний телефон Apple iPhone 17 Pro 256GB Cosmic Orange (MG8H4)	3		10	1
293	2026-04-15 10:34:34.960648+03	211	Мобільний телефон Apple iPhone 17 256GB Sage (MG6N4)	3		10	1
294	2026-04-15 10:34:34.960657+03	210	Мобільний телефон Apple iPhone 17 256GB Mist Blue (MG6L4)	3		10	1
295	2026-04-15 10:34:34.960665+03	209	Мобільний телефон Apple iPhone 17 256GB Lavender (MG6M4)	3		10	1
296	2026-04-15 10:34:34.960673+03	208	Мобільний телефон Apple iPhone 17 256GB Black (MG6J4)	3		10	1
297	2026-04-15 10:34:34.960682+03	207	Мобільний телефон Motorola Edge 60 12/256GB Gibraltar Sea (PB7H0031RS)	3		10	1
298	2026-04-15 10:34:34.96069+03	206	Мобільний телефон ZTE Nubia Neo 3 5G 8/256GB Black (1164535)	3		10	1
299	2026-04-15 10:34:34.960698+03	205	Мобільний телефон ZTE Nubia Neo 3 GT 5G 12/256GB Yellow (1164538)	3		10	1
300	2026-04-15 10:34:34.960709+03	204	Мобільний телефон ZTE Nubia Neo 3 GT 5G 12/256GB Gray (1164537)	3		10	1
301	2026-04-15 10:34:58.16891+03	103	Мобільний телефон Oppo Reno13 5G 12/256GB Luminous Blue (OFCPH2689_BLUE)	3		10	1
302	2026-04-15 10:34:58.168985+03	102	Мобільний телефон Samsung Galaxy A56 5G 8/128Gb Light Pink (SM-A566BLIAEUC)	3		10	1
303	2026-04-15 10:34:58.169019+03	101	Мобільний телефон Samsung Galaxy A36 5G 6/128Gb Light Violet (SM-A366BLVBEUC)	3		10	1
304	2026-04-15 10:34:58.169049+03	100	Мобільний телефон Samsung Galaxy A36 5G 6/128Gb Light Green (SM-A366BLGBEUC)	3		10	1
305	2026-04-15 10:34:58.169077+03	99	Мобільний телефон Samsung Galaxy A36 5G 6/128Gb Gray (SM-A366BZABEUC)	3		10	1
306	2026-04-15 10:34:58.169103+03	98	Мобільний телефон Samsung Galaxy A36 5G 6/128Gb Black (SM-A366BZKBEUC)	3		10	1
307	2026-04-15 10:34:58.16913+03	97	Мобільний телефон Samsung Galaxy A26 5G 8/256Gb Black (SM-A266BZKCEUC)	3		10	1
308	2026-04-15 10:34:58.169156+03	96	Мобільний телефон Samsung Galaxy A26 5G 8/256Gb White (SM-A266BZWCEUC)	3		10	1
309	2026-04-15 10:34:58.169181+03	95	Мобільний телефон Samsung Galaxy A26 5G 8/256Gb Light Green (SM-A266BLGCEUC)	3		10	1
310	2026-04-15 10:34:58.169208+03	94	Мобільний телефон Samsung Galaxy A26 5G 6/128Gb Black (SM-A266BZKBEUC)	3		10	1
311	2026-04-15 10:34:58.169235+03	93	Мобільний телефон Samsung Galaxy A26 5G 6/128Gb White (SM-A266BZWBEUC)	3		10	1
312	2026-04-15 10:34:58.169261+03	92	Мобільний телефон Samsung Galaxy A26 5G 6/128Gb Light Green (SM-A266BLGBEUC)	3		10	1
313	2026-04-15 10:34:58.169288+03	91	Мобільний телефон Sigma Comfort 50 EASY TYPE-C Red (4827798585221)	3		10	1
314	2026-04-15 10:34:58.169314+03	90	Мобільний телефон Sigma Comfort 50 EASY TYPE-C Blue (4827798585238)	3		10	1
315	2026-04-15 10:34:58.16934+03	89	Мобільний телефон Sigma Comfort 50 EASY TYPE-C Black (4827798585214)	3		10	1
316	2026-04-15 10:34:58.169365+03	88	Мобільний телефон Samsung Galaxy S25 12/512Gb Icyblue (SM-S931BLBHEUC)	3		10	1
317	2026-04-15 10:34:58.16939+03	87	Мобільний телефон Samsung Galaxy S25 12/512Gb Navy (SM-S931BDBHEUC)	3		10	1
318	2026-04-15 10:34:58.169424+03	86	Мобільний телефон Samsung Galaxy S25 12/512Gb Silver Shadow (SM-S931BZSHEUC)	3		10	1
319	2026-04-15 10:34:58.169451+03	85	Мобільний телефон Samsung Galaxy S25 12/256Gb Icyblue (SM-S931BLBGEUC)	3		10	1
320	2026-04-15 10:34:58.169476+03	84	Мобільний телефон Samsung Galaxy S25 12/256Gb Navy (SM-S931BDBGEUC)	3		10	1
321	2026-04-15 10:34:58.169501+03	83	Мобільний телефон Samsung Galaxy S25 12/256Gb Silver Shadow (SM-S931BZSGEUC)	3		10	1
322	2026-04-15 10:34:58.169526+03	82	Мобільний телефон Nokia 105 DS 2024 Blue	3		10	1
323	2026-04-15 10:34:58.16955+03	81	Мобільний телефон Nokia 105 DS 2024 Black	3		10	1
324	2026-04-15 10:34:58.169575+03	80	Мобільний телефон Sigma X-treme PR68 Type-C Black (4827798122419)	3		10	1
325	2026-04-15 10:34:58.1696+03	79	Мобільний телефон OUKITEL G2 4/64GB Black (6931940757744)	3		10	1
326	2026-04-15 10:34:58.169642+03	78	Мобільний телефон Tecno Spark 30 8/256Gb Stellar Shadow (4894947047879)	3		10	1
327	2026-04-15 10:34:58.169668+03	77	Мобільний телефон OUKITEL WP32 4/128GB Orange (6931940733007)	3		10	1
328	2026-04-15 10:34:58.169694+03	76	Мобільний телефон OUKITEL G1 6/256GB Black (6931940757874)	3		10	1
329	2026-04-15 10:34:58.169719+03	75	Мобільний телефон OUKITEL WP32 PRO 6/256GB Black (6931940757812)	3		10	1
330	2026-04-15 10:34:58.169744+03	74	Мобільний телефон OUKITEL WP28S 4/128GB Orange (6931940757614)	3		10	1
331	2026-04-15 10:34:58.169769+03	73	Мобільний телефон OUKITEL WP28E 4/64GB Black (6931940757683)	3		10	1
332	2026-04-15 10:34:58.169793+03	72	Мобільний телефон Doogee S118 8/512Gb Silver (6923740207031)	3		10	1
333	2026-04-15 10:34:58.169819+03	71	Мобільний телефон Sigma X-treme PQ58 Black (4827798767115)	3		10	1
334	2026-04-15 10:34:58.169844+03	70	Мобільний телефон Sigma X-treme PQ57 Black (4827798767016)	3		10	1
335	2026-04-15 10:34:58.169869+03	69	Мобільний телефон Samsung Galaxy A16 LTE 4/128Gb Light Green (SM-A165FLGBEUC)	3		10	1
336	2026-04-15 10:34:58.169894+03	68	Мобільний телефон Samsung Galaxy A16 LTE 4/128Gb Gray (SM-A165FZABEUC)	3		10	1
337	2026-04-15 10:34:58.16992+03	67	Мобільний телефон Samsung Galaxy A16 LTE 4/128Gb Black (SM-A165FZKBEUC)	3		10	1
338	2026-04-15 10:34:58.169945+03	66	Мобільний телефон Apple iPhone 16 128GB White (MYE93)	3		10	1
339	2026-04-15 10:34:58.16997+03	65	Мобільний телефон Apple iPhone 16 128GB Ultramarine (MYEC3)	3		10	1
340	2026-04-15 10:34:58.169996+03	64	Мобільний телефон Apple iPhone 16 128GB Teal (MYED3)	3		10	1
341	2026-04-15 10:34:58.170023+03	63	Мобільний телефон Apple iPhone 16 128GB Pink (MYEA3)	3		10	1
342	2026-04-15 10:34:58.170049+03	62	Мобільний телефон Apple iPhone 16 128GB Black (MYE73)	3		10	1
343	2026-04-15 10:34:58.170075+03	61	Мобільний телефон Motorola Edge 50 Fusion 8/256GB Forest Blue (PB3T0059UA / PB3T0047RS)	3		10	1
344	2026-04-15 10:34:58.170106+03	60	Мобільний телефон 2E T180 MAX Black (688130251051)	3		10	1
345	2026-04-15 10:34:58.170131+03	59	Мобільний телефон Nokia 3210 DS 2024 Y2K Gold	3		10	1
346	2026-04-15 10:34:58.170157+03	58	Мобільний телефон Nokia 225 4G DS 2024 Dark Blue	3		10	1
347	2026-04-15 10:34:58.170182+03	57	Мобільний телефон Nokia 215 4G DS 2024 Black	3		10	1
348	2026-04-15 10:34:58.170207+03	56	Мобільний телефон Nokia 235 4G DS 2024 Black	3		10	1
349	2026-04-15 10:34:58.170236+03	55	Мобільний телефон OUKITEL WP19 Pro 8/256GB Black (6931940735711)	3		10	1
350	2026-04-15 10:34:58.170262+03	54	Мобільний телефон Sigma X-treme PA68 WAVE Black (4827798466612)	3		10	1
351	2026-04-15 10:34:58.170287+03	53	Мобільний телефон Ergo F241 Black	3		10	1
352	2026-04-15 10:34:58.170312+03	52	Мобільний телефон Samsung Galaxy Xcover7 6/128Gb Black (SM-G556BZKDEUC)	3		10	1
353	2026-04-15 10:34:58.170337+03	51	Мобільний телефон Sigma X-treme PQ56 Black (4827798338018)	3		10	1
354	2026-04-15 10:34:58.170363+03	50	Мобільний телефон Sigma X-treme PK68 Black (4827798466711)	3		10	1
355	2026-04-15 10:34:58.170388+03	49	Мобільний телефон Ulefone Armor Mini 3 Black (6937748735960)	3		10	1
356	2026-04-15 10:34:58.170412+03	48	Мобільний телефон Sigma Comfort 50 Shell Duo Type-C Red Black (4827798212516)	3		10	1
357	2026-04-15 10:34:58.170438+03	47	Мобільний телефон Sigma Comfort 50 Shell Duo Type-C Black (4827798212523)	3		10	1
358	2026-04-15 10:34:58.170463+03	46	Мобільний телефон Nomi i2403 Red	3		10	1
359	2026-04-15 10:34:58.170488+03	45	Мобільний телефон Nomi i2403 Dark Green	3		10	1
360	2026-04-15 10:34:58.170513+03	44	Мобільний телефон Sigma X-style 34 NRG Type-C Blue (4827798120521)	3		10	1
361	2026-04-15 10:34:58.170538+03	43	Мобільний телефон Sigma X-style 34 NRG Type-C Black (4827798120514)	3		10	1
362	2026-04-15 10:34:58.170563+03	42	Мобільний телефон Sigma X-style 310 Force Type-C Black Orange (4827798855126)	3		10	1
363	2026-04-15 10:34:58.170589+03	41	Мобільний телефон Sigma X-style 310 Force Type-C Black (4827798855119)	3		10	1
364	2026-04-15 10:34:58.170623+03	40	Мобільний телефон Sigma X-treme PQ55 Black (4827798337912)	3		10	1
365	2026-04-15 10:34:58.170649+03	39	Мобільний телефон Nomi i1850 Black	3		10	1
366	2026-04-15 10:34:58.170676+03	38	Мобільний телефон Apple iPhone 15 256GB Black (MTP63)	3		10	1
367	2026-04-15 10:34:58.170701+03	37	Мобільний телефон Apple iPhone 15 128GB Black (MTP03)	3		10	1
368	2026-04-15 10:34:58.170726+03	36	Мобільний телефон Nokia 150 2023 Red	3		10	1
369	2026-04-15 10:34:58.170751+03	35	Мобільний телефон Nokia 150 2023 Blue	3		10	1
370	2026-04-15 10:34:58.170777+03	34	Мобільний телефон Nokia 150 2023 Black	3		10	1
371	2026-04-15 10:34:58.170802+03	33	Мобільний телефон Nokia 130 DS 2023 Dark Blue	3		10	1
372	2026-04-15 10:34:58.170827+03	32	Мобільний телефон Nokia 106 DS 2023 Green (1GF019BPJ1C01)	3		10	1
373	2026-04-15 10:34:58.170851+03	31	Мобільний телефон Nokia 110 DS 2023 Charcoal (1GF019FPA2C01)	3		10	1
374	2026-04-15 10:34:58.170878+03	30	Мобільний телефон Nokia 106 DS 2023 Charcoal (1GF019BPA2C01)	3		10	1
375	2026-04-15 10:34:58.170904+03	29	Мобільний телефон Nokia 105 SS 2023 Charcoal	3		10	1
376	2026-04-15 10:34:58.170928+03	28	Мобільний телефон Nokia 105 DS 2023 Charcoal	3		10	1
377	2026-04-15 10:34:58.170952+03	27	Мобільний телефон Nokia 105 SS 2023 (no charger) Charcoal	3		10	1
378	2026-04-15 10:34:58.170979+03	26	Мобільний телефон Sigma Comfort 50 Optima Type-C Black (4827798122310)	3		10	1
379	2026-04-15 10:34:58.171004+03	25	Мобільний телефон Sigma Comfort 50 Optima Type-C Red (4827798122327)	3		10	1
380	2026-04-15 10:34:58.171028+03	24	Мобільний телефон Sigma X-style 31 Power Type-C Black (4827798855010)	3		10	1
381	2026-04-15 10:34:58.171053+03	23	Мобільний телефон Sigma X-style 31 Power Type-C Red (4827798855058)	3		10	1
382	2026-04-15 10:34:58.171077+03	22	Мобільний телефон Sigma X-style 31 Power Type-C Purple (4827798855041)	3		10	1
383	2026-04-15 10:34:58.171103+03	21	Мобільний телефон Sigma X-style 31 Power Type-C Grey (4827798855034)	3		10	1
384	2026-04-15 10:34:58.171128+03	20	Мобільний телефон Sigma X-style 31 Power Type-C Blue (4827798855027)	3		10	1
385	2026-04-15 10:34:58.171154+03	19	Мобільний телефон Sigma Comfort 50 Grace Type-C Red (4827798121825)	3		10	1
386	2026-04-15 10:34:58.171179+03	18	Мобільний телефон Sigma Comfort 50 Grace Type-C Black (4827798121818)	3		10	1
387	2026-04-15 10:34:58.171205+03	17	Мобільний телефон Nokia 8210 DS 4G Red	3		10	1
388	2026-04-15 10:34:58.17123+03	16	Мобільний телефон Ergo E241 Black	3		10	1
389	2026-04-15 10:34:58.17126+03	15	Мобільний телефон Sigma Comfort 50 HIT2020 Grey (4827798120927)	3		10	1
390	2026-04-15 10:34:58.171285+03	14	Мобільний телефон Sigma Comfort 50 HIT2020 Red (4827798120958)	3		10	1
391	2026-04-15 10:34:58.171319+03	13	Мобільний телефон Verico Classic A183 Black (4713095608247)	3		10	1
392	2026-04-15 10:34:58.171347+03	12	Мобільний телефон Sigma Comfort 50 HIT2020 Оrange (4827798120934)	3		10	1
393	2026-04-15 10:34:58.171371+03	11	Мобільний телефон Sigma Comfort 50 HIT2020 Green (4827798120941)	3		10	1
394	2026-04-15 10:34:58.171397+03	10	Мобільний телефон Maxcom MM35D Black	3		10	1
395	2026-04-15 10:34:58.171425+03	9	Мобільний телефон Sigma X-style 18 Track Black-Red (4827798854426)	3		10	1
396	2026-04-15 10:34:58.17145+03	8	Мобільний телефон Sigma X-style 18 Track Black-Grey (4827798854419)	3		10	1
397	2026-04-15 10:34:58.171474+03	7	Мобільний телефон Sigma X-style 18 Track Black-Green (4827798854433)	3		10	1
398	2026-04-15 10:34:58.171499+03	6	Мобільний телефон Sigma X-style 18 Track Black (4827798854440)	3		10	1
399	2026-04-15 10:34:58.171524+03	5	Мобільний телефон Sigma Comfort 50 HIT2020 Black (4827798120910)	3		10	1
400	2026-04-15 10:41:26.070267+03	14	Телефони мобільні	2	[]	8	1
401	2026-04-15 10:45:10.968692+03	14	Телефони мобільні	2	[{"changed": {"fields": ["URL"]}}]	8	1
402	2026-04-15 10:47:39.037015+03	1	sebastian - Мобільний телефон Nokia 110 DS Power Purple (5★)	2	[{"changed": {"fields": ["\\u041e\\u043f\\u0443\\u0431\\u043b\\u0456\\u043a\\u043e\\u0432\\u0430\\u043d\\u043e"]}}]	15	1
\.


--
-- Data for Name: django_content_type; Type: TABLE DATA; Schema: public; Owner: shop_user
--

COPY public.django_content_type (id, app_label, model) FROM stdin;
1	admin	logentry
2	auth	group
3	auth	permission
4	contenttypes	contenttype
5	sessions	session
6	shop	brand
7	shop	cart
8	shop	category
9	shop	order
10	shop	product
11	shop	productimage
12	shop	promotion
13	shop	property
14	shop	propertyvalue
15	shop	review
16	shop	visitlog
17	accounts	user
\.


--
-- Data for Name: django_migrations; Type: TABLE DATA; Schema: public; Owner: shop_user
--

COPY public.django_migrations (id, app, name, applied) FROM stdin;
1	contenttypes	0001_initial	2026-04-15 01:33:26.361636+03
2	contenttypes	0002_remove_content_type_name	2026-04-15 01:33:26.36713+03
3	auth	0001_initial	2026-04-15 01:33:26.387132+03
4	auth	0002_alter_permission_name_max_length	2026-04-15 01:33:26.391917+03
5	auth	0003_alter_user_email_max_length	2026-04-15 01:33:26.396023+03
6	auth	0004_alter_user_username_opts	2026-04-15 01:33:26.400707+03
7	auth	0005_alter_user_last_login_null	2026-04-15 01:33:26.405499+03
8	auth	0006_require_contenttypes_0002	2026-04-15 01:33:26.407606+03
9	auth	0007_alter_validators_add_error_messages	2026-04-15 01:33:26.412102+03
10	auth	0008_alter_user_username_max_length	2026-04-15 01:33:26.417186+03
11	auth	0009_alter_user_last_name_max_length	2026-04-15 01:33:26.422221+03
12	auth	0010_alter_group_name_max_length	2026-04-15 01:33:26.428217+03
13	auth	0011_update_proxy_permissions	2026-04-15 01:33:26.434071+03
14	auth	0012_alter_user_first_name_max_length	2026-04-15 01:33:26.439005+03
15	accounts	0001_initial	2026-04-15 01:33:26.464251+03
16	admin	0001_initial	2026-04-15 01:33:26.477754+03
17	admin	0002_logentry_remove_auto_add	2026-04-15 01:33:26.48383+03
18	admin	0003_logentry_add_action_flag_choices	2026-04-15 01:33:26.489515+03
19	sessions	0001_initial	2026-04-15 01:33:26.496481+03
20	shop	0001_initial	2026-04-15 01:33:26.668635+03
\.


--
-- Data for Name: django_session; Type: TABLE DATA; Schema: public; Owner: shop_user
--

COPY public.django_session (session_key, session_data, expire_date) FROM stdin;
csejdbpb7evkg0ushiyq7dx7cvopf760	.eJxVjEEOgyAQAP-y54bAAqIce-8bzMJisW0gET0Z_96YePE6M5kdIi0r-P14wEjbmsetpWWcGTwouLFA8ZvKKfhD5V1FrGVd5iDORFy2iVfl9Hte7W2QqWXwgG6K2qHhzkU9IRupuMcUOiuJyFrXSaP0ZFGrNAyWkg0OjY6mZ5YBFRx_FB06ew:1wCmQU:xDNEMs-2eFr8x9BwMJIAqJgrBssZ9thjjczY_G0IOyQ	2026-04-29 01:40:10.202556+03
6uj8c0rmz4n6hb7uvkvcwr3pmj8blk2a	.eJxVjEEOgyAQAP-y54bAAqIce-8bzMJisW0gET0Z_96YePE6M5kdIi0r-P14wEjbmsetpWWcGTwouLFA8ZvKKfhD5V1FrGVd5iDORFy2iVfl9Hte7W2QqWXwgG6K2qHhzkU9IRupuMcUOiuJyFrXSaP0ZFGrNAyWkg0OjY6mZ5YBFRx_FB06ew:1wD6G0:BKzC5gofWHCcK5JHTRpZtETkPnG7gJhdthQhtbb51RU	2026-04-29 22:50:40.224614+03
\.


--
-- Data for Name: shop_brand; Type: TABLE DATA; Schema: public; Owner: shop_user
--

COPY public.shop_brand (id, name, slug, logo) FROM stdin;
1	ASUS	asus	
2	Dell	dell	
3	HP	hp	
4	Lenovo	lenovo	
5	Apple	apple	
6	A4Tech	a4tech	
7	Logitech	logitech	
8	Sigma	sigma	
9	Maxcom	maxcom	
10	Verico	verico	
11	Ergo	ergo	
12	Nokia	nokia	
13	Nomi	nomi	
14	Ulefone	ulefone	
15	Samsung	samsung	
16	OUKITEL	oukitel	
17	2E	2e	
18	Motorola	motorola	
19	Doogee	doogee	
20	Tecno	tecno	
21	Oppo	oppo	
22	Panasonic	panasonic	
23	Infinix	infinix	
24	HMD	hmd	
25	Xiaomi	xiaomi	
26	ZTE	zte	
27	realme	realme	
28	OnePlus	oneplus	
29	Philips	philips	
30	AOC	aoc	
31	iiyama	iiyama	
32	GIGABYTE	gigabyte	
33	Vinga	vinga	
34	MSI	msi	
35	LG	lg	
36	ASRock	asrock	
37	ViewSonic	viewsonic	
\.


--
-- Data for Name: shop_cart; Type: TABLE DATA; Schema: public; Owner: shop_user
--

COPY public.shop_cart (id, session_key, items, created_at, updated_at) FROM stdin;
\.


--
-- Data for Name: shop_category; Type: TABLE DATA; Schema: public; Owner: shop_user
--

COPY public.shop_category (id, name, slug, image, description, lft, rght, tree_id, level, parent_id) FROM stdin;
3	Мережеве обладнання	networking			1	2	1	0	\N
4	Офісне приладдя	office			1	2	3	0	\N
5	Ноутбуки	laptops			4	9	2	1	1
6	Ігрові ноутбуки	gaming-laptops			5	6	2	2	5
7	Офісні ноутбуки	office-laptops			7	8	2	2	5
8	Моноблоки	all-in-one			2	3	2	1	1
1	Ноутбуки та комп'ютери	notebooks			1	12	2	0	\N
9	Системні блоки	pcs			10	11	2	1	1
10	Мишки	mice			4	5	4	1	2
11	Клавіатури	keyboards			2	3	4	1	2
12	Монітори	monitors			6	7	4	1	2
2	Периферія	peripherals			1	10	4	0	\N
13	Навушники	headphones			8	9	4	1	2
14	Телефони мобільні	mobile-phone			1	2	5	0	\N
\.


--
-- Data for Name: shop_order; Type: TABLE DATA; Schema: public; Owner: shop_user
--

COPY public.shop_order (id, full_name, phone, email, address, city, nova_post_office, delivery_method, comment, products, total_amount, status, payment_id, is_paid, payment_method, created_at, updated_at) FROM stdin;
\.


--
-- Data for Name: shop_product; Type: TABLE DATA; Schema: public; Owner: shop_user
--

COPY public.shop_product (id, title, slug, article, code, description, full_description, price, old_price, discount, quantity, available, warranty, country, main_image, attributes, created_at, updated_at, rating, reviews_count, brand_id, category_id) FROM stdin;
405	Мобільний телефон Sigma Comfort 50 HIT2020 Black (4827798120910)	sigma-comfort-50-hit2020-black-4827798120910	4827798120910	U0393200		Модель: Comfort 50 HIT2020 Black\nВиробник: Sigma\nГарантія: 12 міс.	657.17	15.09	0	1	t	12	Китай		{"ean": 4827798120910, "model": "Comfort 50 HIT2020 Black", "uktved": 8517140000, "classid": 76, "groupid": 1050, "classname": "Мобільний телефон", "productid": 593452}	2026-04-15 10:37:22.737763+03	2026-04-15 10:37:22.737772+03	0.00	0	8	14
406	Мобільний телефон Sigma X-style 18 Track Black (4827798854440)	sigma-x-style-18-track-black-4827798854440	4827798854440	U0404359		Модель: X-style 18 Track Black\nВиробник: Sigma\nГарантія: 12 міс.	520.86	11.96	0	1	t	12	Китай		{"ean": 4827798854440, "model": "X-style 18 Track Black", "uktved": 8517140000, "classid": 76, "groupid": 1050, "classname": "Мобільний телефон", "productid": 602216}	2026-04-15 10:37:22.746401+03	2026-04-15 10:37:22.74641+03	0.00	0	8	14
407	Мобільний телефон Sigma X-style 18 Track Black-Green (4827798854433)	sigma-x-style-18-track-black-green-4827798854433	4827798854433	U0404360		Модель: X-style 18 Track Black-Green\nВиробник: Sigma\nГарантія: 12 міс.	520.86	11.96	0	1	t	12	Китай		{"ean": 4827798854433, "model": "X-style 18 Track Black-Green", "uktved": 8517140000, "classid": 76, "groupid": 1050, "classname": "Мобільний телефон", "productid": 602217}	2026-04-15 10:37:22.751416+03	2026-04-15 10:37:22.751426+03	0.00	0	8	14
408	Мобільний телефон Sigma X-style 18 Track Black-Grey (4827798854419)	sigma-x-style-18-track-black-grey-4827798854419	4827798854419	U0404361		Модель: X-style 18 Track Black-Grey\nВиробник: Sigma\nГарантія: 12 міс.	520.86	11.96	0	1	t	12	Китай		{"ean": 4827798854419, "model": "X-style 18 Track Black-Grey", "uktved": 8517140000, "classid": 76, "groupid": 1050, "classname": "Мобільний телефон", "productid": 602218}	2026-04-15 10:37:22.756346+03	2026-04-15 10:37:22.756354+03	0.00	0	8	14
1	Ноутбук ASUS VivoBook 15	asus-vivobook-15	\N	\N	Потужний ноутбук для роботи та навчання.	Intel Core i5, 16GB RAM, 512GB SSD, Windows 11.	18999.00	15999.00	0	25	t	0	\N	products/asus_vivobook_15.jpg	\N	2026-04-15 01:33:41.554251+03	2026-04-15 01:33:41.554258+03	0.00	0	1	7
2	Мишка A4Tech Bloody V7M	a4tech-bloody-v7m	\N	\N	Ігрова мишка з підсвіткою та додатковими кнопками.		899.00	\N	0	50	t	0	\N	products/a4tech_bloody_v7m.jpg	\N	2026-04-15 01:33:41.585189+03	2026-04-15 01:33:41.585203+03	0.00	0	6	10
3	Мишка Logitech MX Master 3	logitech-mx-master-3	\N	\N	Бездротова мишка для професіоналів.		3999.00	3499.00	0	30	t	0	\N	products/logitech_mx_master_3.jpg	\N	2026-04-15 01:33:41.599055+03	2026-04-15 01:33:41.599063+03	0.00	0	7	10
4	Монітор Dell 27" S2721H	dell-s2721h	\N	\N	27-дюймовий IPS монітор для роботи та розваг.		8999.00	\N	0	15	t	0	\N	products/dell_s2721h.jpg	\N	2026-04-15 01:33:41.613052+03	2026-04-15 01:33:41.613061+03	0.00	0	2	12
409	Мобільний телефон Sigma X-style 18 Track Black-Red (4827798854426)	sigma-x-style-18-track-black-red-4827798854426	4827798854426	U0404363		Модель: X-style 18 Track Black-Red\nВиробник: Sigma\nГарантія: 12 міс.	520.86	11.96	0	1	t	12	Китай		{"ean": 4827798854426, "model": "X-style 18 Track Black-Red", "uktved": 8517140000, "classid": 76, "groupid": 1050, "classname": "Мобільний телефон", "productid": 602219}	2026-04-15 10:37:22.761265+03	2026-04-15 10:37:22.761273+03	0.00	0	8	14
410	Мобільний телефон Maxcom MM35D Black	maxcom-mm35d-black	MM35D Black	U0415416		Модель: MM35D Black\nВиробник: Maxcom\nГарантія: 24 міс.	815.26	18.72	0	1	t	24	Китай		{"ean": 5908235973999, "model": "MM35D Black", "uktved": 8517140000, "classid": 76, "groupid": 1050, "classname": "Мобільний телефон", "productid": 609349}	2026-04-15 10:37:22.766103+03	2026-04-15 10:37:22.766111+03	0.00	0	9	14
411	Мобільний телефон Sigma Comfort 50 HIT2020 Green (4827798120941)	sigma-comfort-50-hit2020-green-4827798120941	4827798120941	U0465059		Модель: Comfort 50 HIT2020 Green\nВиробник: Sigma\nГарантія: 12 міс.	657.17	15.09	0	1	t	12	Китай		{"ean": 4827798120941, "model": "Comfort 50 HIT2020 Green", "uktved": 8517140000, "classid": 76, "groupid": 1050, "classname": "Мобільний телефон", "productid": 657324}	2026-04-15 10:37:22.77166+03	2026-04-15 10:37:22.771669+03	0.00	0	8	14
412	Мобільний телефон Sigma Comfort 50 HIT2020 Оrange (4827798120934)	sigma-comfort-50-hit2020-range-4827798120934	4827798120934	U0465062		Модель: Comfort 50 HIT2020 Оrange\nВиробник: Sigma\nГарантія: 12 міс.	658.91	15.13	0	1	t	12	Китай		{"ean": 4827798120934, "model": "Comfort 50 HIT2020 Оrange", "uktved": 8517140000, "classid": 76, "groupid": 1050, "classname": "Мобільний телефон", "productid": 657325}	2026-04-15 10:37:22.775932+03	2026-04-15 10:37:22.77594+03	0.00	0	8	14
413	Мобільний телефон Verico Classic A183 Black (4713095608247)	verico-classic-a183-black-4713095608247	4713095608247	U0482661		Модель: Classic A183 Black\nВиробник: Verico\nГарантія: 12 міс.	582.70	659.00	11	1	t	12	Китай		{"ean": 4713095608247, "model": "Classic A183 Black", "uktved": 8517120000, "classid": 76, "groupid": 1050, "classname": "Мобільний телефон", "productid": 672027}	2026-04-15 10:37:22.780054+03	2026-04-15 10:37:22.780062+03	0.00	0	10	14
414	Мобільний телефон Sigma Comfort 50 HIT2020 Red (4827798120958)	sigma-comfort-50-hit2020-red-4827798120958	4827798120958	U0570302		Модель: Comfort 50 HIT2020 Red\nВиробник: Sigma\nГарантія: 12 міс.	657.17	15.09	0	1	t	12	Китай		{"ean": 4827798120958, "model": "Comfort 50 HIT2020 Red", "uktved": 8517140000, "classid": 76, "groupid": 1050, "classname": "Мобільний телефон", "productid": 751001}	2026-04-15 10:37:22.784228+03	2026-04-15 10:37:22.784235+03	0.00	0	8	14
415	Мобільний телефон Sigma Comfort 50 HIT2020 Grey (4827798120927)	sigma-comfort-50-hit2020-grey-4827798120927	4827798120927	U0574810		Модель: Comfort 50 HIT2020 Grey\nВиробник: Sigma\nГарантія: 12 міс.	657.17	15.09	0	1	t	12	Китай		{"ean": 4827798120927, "model": "Comfort 50 HIT2020 Grey", "uktved": 8517140000, "classid": 76, "groupid": 1050, "classname": "Мобільний телефон", "productid": 100002795}	2026-04-15 10:37:22.788322+03	2026-04-15 10:37:22.78833+03	0.00	0	8	14
416	Мобільний телефон Ergo E241 Black	ergo-e241-black	E241 Black	U0630831		Модель: E241 Black\nВиробник: Ergo\nГарантія: 12 міс.	747.32	17.16	0	1	t	12	Китай		{"ean": 6900067162397, "model": "E241 Black", "uktved": 8517140000, "classid": 76, "groupid": 1050, "classname": "Мобільний телефон", "productid": 100117309}	2026-04-15 10:37:22.792862+03	2026-04-15 10:37:22.79287+03	0.00	0	11	14
417	Мобільний телефон Nokia 8210 DS 4G Red	nokia-8210-ds-4g-red	8210 DS 4G Red	U0726194		Модель: 8210 DS 4G Red\nВиробник: Nokia\nГарантія: 12 міс.	2295.08	52.70	0	1	t	12	Китай		{"ean": 6438409078209, "model": "8210 DS 4G Red", "uktved": 8517140000, "classid": 76, "groupid": 1050, "classname": "Мобільний телефон", "productid": 100207469}	2026-04-15 10:37:22.796858+03	2026-04-15 10:37:22.796866+03	0.00	0	12	14
418	Мобільний телефон Sigma Comfort 50 Grace Type-C Black (4827798121818)	sigma-comfort-50-grace-type-c-black-4827798121818	4827798121818	U0752527		Модель: Comfort 50 Grace Type-C Black\nВиробник: Sigma\nГарантія: 12 міс.	1039.54	23.87	0	1	t	12	Китай		{"ean": 4827798121818, "model": "Comfort 50 Grace Type-C Black", "uktved": 8517140000, "classid": 76, "groupid": 1050, "classname": "Мобільний телефон", "productid": 100233044}	2026-04-15 10:37:22.801132+03	2026-04-15 10:37:22.80114+03	0.00	0	8	14
419	Мобільний телефон Sigma Comfort 50 Grace Type-C Red (4827798121825)	sigma-comfort-50-grace-type-c-red-4827798121825	4827798121825	U0752529		Модель: Comfort 50 Grace Type-C Red\nВиробник: Sigma\nГарантія: 12 міс.	1039.54	23.87	0	1	t	12	Китай		{"ean": 4827798121825, "model": "Comfort 50 Grace Type-C Red", "uktved": 8517140000, "classid": 76, "groupid": 1050, "classname": "Мобільний телефон", "productid": 100233045}	2026-04-15 10:37:22.805394+03	2026-04-15 10:37:22.805402+03	0.00	0	8	14
420	Мобільний телефон Sigma X-style 31 Power Type-C Blue (4827798855027)	sigma-x-style-31-power-type-c-blue-4827798855027	4827798855027	U0760878		Модель: X-style 31 Power Type-C Blue\nВиробник: Sigma\nГарантія: 12 міс.	945.91	21.72	0	1	t	12	Китай		{"ean": 4827798855027, "model": "X-style 31 Power Type-C Blue", "uktved": 8517140000, "classid": 76, "groupid": 1050, "classname": "Мобільний телефон", "productid": 100241463}	2026-04-15 10:37:22.809844+03	2026-04-15 10:37:22.809852+03	0.00	0	8	14
421	Мобільний телефон Sigma X-style 31 Power Type-C Grey (4827798855034)	sigma-x-style-31-power-type-c-grey-4827798855034	4827798855034	U0760879		Модель: X-style 31 Power Type-C Grey\nВиробник: Sigma\nГарантія: 12 міс.	945.91	21.72	0	1	t	12	Китай		{"ean": 4827798855034, "model": "X-style 31 Power Type-C Grey", "uktved": 8517140000, "classid": 76, "groupid": 1050, "classname": "Мобільний телефон", "productid": 100241464}	2026-04-15 10:37:22.813759+03	2026-04-15 10:37:22.813767+03	0.00	0	8	14
422	Мобільний телефон Sigma X-style 31 Power Type-C Purple (4827798855041)	sigma-x-style-31-power-type-c-purple-4827798855041	4827798855041	U0760880		Модель: X-style 31 Power Type-C Purple\nВиробник: Sigma\nГарантія: 12 міс.	945.91	21.72	0	1	t	12	Китай		{"ean": 4827798855041, "model": "X-style 31 Power Type-C Purple", "uktved": 8517140000, "classid": 76, "groupid": 1050, "classname": "Мобільний телефон", "productid": 100241465}	2026-04-15 10:37:22.817716+03	2026-04-15 10:37:22.817724+03	0.00	0	8	14
423	Мобільний телефон Sigma X-style 31 Power Type-C Red (4827798855058)	sigma-x-style-31-power-type-c-red-4827798855058	4827798855058	U0760881		Модель: X-style 31 Power Type-C Red\nВиробник: Sigma\nГарантія: 12 міс.	945.91	21.72	0	1	t	12	Китай		{"ean": 4827798855058, "model": "X-style 31 Power Type-C Red", "uktved": 8517140000, "classid": 76, "groupid": 1050, "classname": "Мобільний телефон", "productid": 100241466}	2026-04-15 10:37:22.821671+03	2026-04-15 10:37:22.821678+03	0.00	0	8	14
424	Мобільний телефон Sigma X-style 31 Power Type-C Black (4827798855010)	sigma-x-style-31-power-type-c-black-4827798855010	4827798855010	U0776995		Модель: X-style 31 Power Type-C Black\nВиробник: Sigma\nГарантія: 12 міс.	945.91	21.72	0	1	t	12	Китай		{"ean": 4827798855010, "model": "X-style 31 Power Type-C Black", "uktved": 8517140000, "classid": 76, "groupid": 1050, "classname": "Мобільний телефон", "productid": 100256753}	2026-04-15 10:37:22.826436+03	2026-04-15 10:37:22.826444+03	0.00	0	8	14
425	Мобільний телефон Sigma Comfort 50 Optima Type-C Red (4827798122327)	sigma-comfort-50-optima-type-c-red-4827798122327	4827798122327	U0814211		Модель: Comfort 50 Optima Type-C Red\nВиробник: Sigma\nГарантія: 12 міс.	1177.59	27.04	0	1	t	12	Китай		{"ean": 4827798122327, "model": "Comfort 50 Optima Type-C Red", "uktved": 8517140000, "classid": 76, "groupid": 1050, "classname": "Мобільний телефон", "productid": 100291365}	2026-04-15 10:37:22.831576+03	2026-04-15 10:37:22.831596+03	0.00	0	8	14
426	Мобільний телефон Sigma Comfort 50 Optima Type-C Black (4827798122310)	sigma-comfort-50-optima-type-c-black-4827798122310	4827798122310	U0814212		Модель: Comfort 50 Optima Type-C Black\nВиробник: Sigma\nГарантія: 12 міс.	1177.59	27.04	0	1	t	12	Китай		{"ean": 4827798122310, "model": "Comfort 50 Optima Type-C Black", "uktved": 8517140000, "classid": 76, "groupid": 1050, "classname": "Мобільний телефон", "productid": 100291366}	2026-04-15 10:37:22.837415+03	2026-04-15 10:37:22.837423+03	0.00	0	8	14
427	Мобільний телефон Nokia 105 SS 2023 (no charger) Charcoal	nokia-105-ss-2023-no-charger-charcoal	105 SS 2023 (no charger) Charcoal	U0814286		Модель: 105 SS 2023 (no charger) Charcoal\nВиробник: Nokia\nГарантія: 12 міс.	644.54	14.80	0	1	t	12	Китай		{"ean": 6438409087263, "model": "105 SS 2023 (no charger) Charcoal", "uktved": 8517140000, "classid": 76, "groupid": 1050, "classname": "Мобільний телефон", "productid": 100291367}	2026-04-15 10:37:22.842493+03	2026-04-15 10:37:22.842501+03	0.00	0	12	14
428	Мобільний телефон Nokia 105 DS 2023 Charcoal	nokia-105-ds-2023-charcoal	105 DS 2023 Charcoal	U0814288		Модель: 105 DS 2023 Charcoal\nВиробник: Nokia\nГарантія: 12 міс.	858.81	19.72	0	1	t	12	Китай		{"ean": 6438409085931, "model": "105 DS 2023 Charcoal", "uktved": 8517140000, "classid": 76, "groupid": 1050, "classname": "Мобільний телефон", "productid": 100291368}	2026-04-15 10:37:22.847529+03	2026-04-15 10:37:22.847537+03	0.00	0	12	14
429	Мобільний телефон Nokia 105 SS 2023 Charcoal	nokia-105-ss-2023-charcoal	105 SS 2023 Charcoal	U0817255		Модель: 105 SS 2023 Charcoal\nВиробник: Nokia\nГарантія: 12 міс.	825.71	18.96	0	1	t	12	Китай		{"ean": 6438409086983, "model": "105 SS 2023 Charcoal", "uktved": 8517140000, "classid": 76, "groupid": 1050, "classname": "Мобільний телефон", "productid": 100294067}	2026-04-15 10:37:22.852244+03	2026-04-15 10:37:22.852252+03	0.00	0	12	14
430	Мобільний телефон Nokia 106 DS 2023 Charcoal (1GF019BPA2C01)	nokia-106-ds-2023-charcoal-1gf019bpa2c01	1GF019BPA2C01	U0821392		Модель: 106 DS 2023  Charcoal\nВиробник: Nokia\nГарантія: 12 міс.	901.92	20.71	0	1	t	12	Китай		{"ean": 6438409085962, "model": "106 DS 2023  Charcoal", "uktved": 8517140000, "classid": 76, "groupid": 1050, "classname": "Мобільний телефон", "productid": 100298014}	2026-04-15 10:37:22.856537+03	2026-04-15 10:37:22.856545+03	0.00	0	12	14
431	Мобільний телефон Nokia 110 DS 2023 Charcoal (1GF019FPA2C01)	nokia-110-ds-2023-charcoal-1gf019fpa2c01	1GF019FPA2C01	U0821394		Модель: 110 DS 2023  Charcoal\nВиробник: Nokia\nГарантія: 12 міс.	1042.15	23.93	0	1	t	12	Китай		{"ean": 6438409086228, "model": "110 DS 2023  Charcoal", "uktved": 8517140000, "classid": 76, "groupid": 1050, "classname": "Мобільний телефон", "productid": 100298015}	2026-04-15 10:37:22.861067+03	2026-04-15 10:37:22.861075+03	0.00	0	12	14
432	Мобільний телефон Nokia 106 DS 2023 Green (1GF019BPJ1C01)	nokia-106-ds-2023-green-1gf019bpj1c01	1GF019BPJ1C01	U0838248		Модель: 106 DS 2023  Green\nВиробник: Nokia\nГарантія: 12 міс.	901.92	20.71	0	1	t	12	Китай		{"ean": 6438409085979, "model": "106 DS 2023  Green", "uktved": 8517140000, "classid": 76, "groupid": 1050, "classname": "Мобільний телефон", "productid": 100313613}	2026-04-15 10:37:22.864956+03	2026-04-15 10:37:22.864964+03	0.00	0	12	14
433	Мобільний телефон Nokia 130 DS 2023 Dark Blue	nokia-130-ds-2023-dark-blue	130 DS 2023 Dark Blue	U0842311		Модель: 130 DS 2023 Dark Blue\nВиробник: Nokia\nГарантія: 12 міс.	1331.76	30.58	0	1	t	12	Китай		{"ean": 6438409089151, "model": "130 DS 2023 Dark Blue", "uktved": 8517140000, "classid": 76, "groupid": 1050, "classname": "Мобільний телефон", "productid": 100316519}	2026-04-15 10:37:22.868818+03	2026-04-15 10:37:22.868826+03	0.00	0	12	14
434	Мобільний телефон Nokia 150 2023 Black	nokia-150-2023-black	150 2023 Black	U0842335		Модель: 150 2023 Black\nВиробник: Nokia\nГарантія: 12 міс.	1503.35	34.52	0	1	t	12	Китай		{"ean": 6438409089168, "model": "150 2023 Black", "uktved": 8517140000, "classid": 76, "groupid": 1050, "classname": "Мобільний телефон", "productid": 100316521}	2026-04-15 10:37:22.872522+03	2026-04-15 10:37:22.872531+03	0.00	0	12	14
435	Мобільний телефон Nokia 150 2023 Blue	nokia-150-2023-blue	150 2023 Blue	U0842345		Модель: 150 2023 Blue\nВиробник: Nokia\nГарантія: 12 міс.	1503.35	34.52	0	1	t	12	Китай		{"ean": 6438409089489, "model": "150 2023 Blue", "uktved": 8517140000, "classid": 76, "groupid": 1050, "classname": "Мобільний телефон", "productid": 100316522}	2026-04-15 10:37:22.876221+03	2026-04-15 10:37:22.876229+03	0.00	0	12	14
436	Мобільний телефон Nokia 150 2023 Red	nokia-150-2023-red	150 2023 Red	U0842351		Модель: 150 2023 Red\nВиробник: Nokia\nГарантія: 12 міс.	1520.77	34.92	0	1	t	12	Китай		{"ean": 6438409089496, "model": "150 2023 Red", "uktved": 8517140000, "classid": 76, "groupid": 1050, "classname": "Мобільний телефон", "productid": 100316523}	2026-04-15 10:37:22.87984+03	2026-04-15 10:37:22.879847+03	0.00	0	12	14
437	Мобільний телефон Apple iPhone 15 128GB Black (MTP03)	apple-iphone-15-128gb-black-mtp03	MTP03	U0854689		Модель: iPhone 15 128GB Black\nВиробник: Apple\nГарантія: 12 міс.	31966.13	734.01	0	1	t	12	Китай		{"ean": 195949036019, "model": "iPhone 15 128GB Black", "uktved": 8517130000, "classid": 76, "groupid": 1050, "classname": "Мобільний телефон", "productid": 100326654}	2026-04-15 10:37:22.884492+03	2026-04-15 10:37:22.884499+03	0.00	0	5	14
438	Мобільний телефон Apple iPhone 15 256GB Black (MTP63)	apple-iphone-15-256gb-black-mtp63	MTP63	U0854694		Модель: iPhone 15 256GB Black\nВиробник: Apple\nГарантія: 12 міс.	36766.21	844.23	0	1	t	12	Китай		{"ean": 195949036910, "model": "iPhone 15 256GB Black", "uktved": 8517130000, "classid": 76, "groupid": 1050, "classname": "Мобільний телефон", "productid": 100326659}	2026-04-15 10:37:22.889954+03	2026-04-15 10:37:22.889962+03	0.00	0	5	14
439	Мобільний телефон Nomi i1850 Black	nomi-i1850-black	i1850 Black	U0860704		Модель: i1850 Black\nВиробник: Nomi\nГарантія: 12 міс.	517.81	11.89	0	1	t	12	Китай		{"ean": 1011045264, "model": "i1850 Black", "uktved": 8517140000, "classid": 76, "groupid": 1050, "classname": "Мобільний телефон", "productid": 100332445}	2026-04-15 10:37:22.894649+03	2026-04-15 10:37:22.894657+03	0.00	0	13	14
440	Мобільний телефон Sigma X-treme PQ55 Black (4827798337912)	sigma-x-treme-pq55-black-4827798337912	4827798337912	U0866888		Модель: X-treme PQ55 Black\nВиробник: Sigma\nГарантія: 18 міс.	7136.54	163.87	0	1	t	18	Китай		{"ean": 4827798337912, "model": "X-treme PQ55 Black", "uktved": 8517130000, "classid": 76, "groupid": 1050, "classname": "Мобільний телефон", "productid": 100338072}	2026-04-15 10:37:22.898751+03	2026-04-15 10:37:22.898771+03	0.00	0	8	14
441	Мобільний телефон Sigma X-style 310 Force Type-C Black (4827798855119)	sigma-x-style-310-force-type-c-black-4827798855119	4827798855119	U0877208		Модель: X-style 310 Force Type-C Black\nВиробник: Sigma\nГарантія: 12 міс.	1017.76	23.37	0	1	t	12	Китай		{"ean": 4827798855119, "model": "X-style 310 Force Type-C Black", "uktved": 8517140000, "classid": 76, "groupid": 1050, "classname": "Мобільний телефон", "productid": 100347408}	2026-04-15 10:37:22.903537+03	2026-04-15 10:37:22.903545+03	0.00	0	8	14
442	Мобільний телефон Sigma X-style 310 Force Type-C Black Orange (4827798855126)	sigma-x-style-310-force-type-c-black-orange-4827798855126	4827798855126	U0877210		Модель: X-style 310 Force Type-C Black Orange\nВиробник: Sigma\nГарантія: 12 міс.	1017.76	23.37	0	1	t	12	Китай		{"ean": 4827798855126, "model": "X-style 310 Force Type-C Black Orange", "uktved": 8517140000, "classid": 76, "groupid": 1050, "classname": "Мобільний телефон", "productid": 100347409}	2026-04-15 10:37:22.907465+03	2026-04-15 10:37:22.907472+03	0.00	0	8	14
443	Мобільний телефон Sigma X-style 34 NRG Type-C Black (4827798120514)	sigma-x-style-34-nrg-type-c-black-4827798120514	4827798120514	U0877211		Модель: X-style 34 NRG Type-C Black\nВиробник: Sigma\nГарантія: 12 міс.	806.98	18.53	0	1	t	12	Китай		{"ean": 4827798120514, "model": "X-style 34 NRG Type-C Black", "uktved": 8517140000, "classid": 76, "groupid": 1050, "classname": "Мобільний телефон", "productid": 100347410}	2026-04-15 10:37:22.912813+03	2026-04-15 10:37:22.912832+03	0.00	0	8	14
444	Мобільний телефон Sigma X-style 34 NRG Type-C Blue (4827798120521)	sigma-x-style-34-nrg-type-c-blue-4827798120521	4827798120521	U0877212		Модель: X-style 34 NRG Type-C Blue\nВиробник: Sigma\nГарантія: 12 міс.	806.98	18.53	0	1	t	12	Китай		{"ean": 4827798120521, "model": "X-style 34 NRG Type-C Blue", "uktved": 8517140000, "classid": 76, "groupid": 1050, "classname": "Мобільний телефон", "productid": 100347411}	2026-04-15 10:37:22.918969+03	2026-04-15 10:37:22.918984+03	0.00	0	8	14
445	Мобільний телефон Nomi i2403 Dark Green	nomi-i2403-dark-green	i2403 Dark Green	U0877428		Модель: i2403 Dark Green\nВиробник: Nomi\nГарантія: 12 міс.	592.72	13.61	0	1	t	12	Китай		{"ean": 1011297816, "model": "i2403 Dark Green", "uktved": 8517140000, "classid": 76, "groupid": 1050, "classname": "Мобільний телефон", "productid": 100347557}	2026-04-15 10:37:22.925057+03	2026-04-15 10:37:22.925073+03	0.00	0	13	14
446	Мобільний телефон Nomi i2403 Red	nomi-i2403-red	i2403 Red	U0877429		Модель: i2403 Red\nВиробник: Nomi\nГарантія: 12 міс.	592.28	13.60	0	1	t	12	Китай		{"ean": 1011297809, "model": "i2403 Red", "uktved": 8517140000, "classid": 76, "groupid": 1050, "classname": "Мобільний телефон", "productid": 100347558}	2026-04-15 10:37:22.931172+03	2026-04-15 10:37:22.931186+03	0.00	0	13	14
447	Мобільний телефон Sigma Comfort 50 Shell Duo Type-C Black (4827798212523)	sigma-comfort-50-shell-duo-type-c-black-4827798212523	4827798212523	U0889697		Модель: Comfort 50 Shell Duo Type-C Black\nВиробник: Sigma\nГарантія: 12 міс.	1136.66	26.10	0	1	t	12	Китай		{"ean": 4827798212523, "model": "Comfort 50 Shell Duo Type-C Black", "uktved": 8517140000, "classid": 76, "groupid": 1050, "classname": "Мобільний телефон", "productid": 100358160}	2026-04-15 10:37:22.937154+03	2026-04-15 10:37:22.937168+03	0.00	0	8	14
448	Мобільний телефон Sigma Comfort 50 Shell Duo Type-C Red Black (4827798212516)	sigma-comfort-50-shell-duo-type-c-red-black-4827798212516	4827798212516	U0889698		Модель: Comfort 50 Shell Duo Type-C Red Black\nВиробник: Sigma\nГарантія: 12 міс.	1136.66	26.10	0	1	t	12	Китай		{"ean": 4827798212516, "model": "Comfort 50 Shell Duo Type-C Red Black", "uktved": 8517140000, "classid": 76, "groupid": 1050, "classname": "Мобільний телефон", "productid": 100358161}	2026-04-15 10:37:22.943162+03	2026-04-15 10:37:22.943171+03	0.00	0	8	14
449	Мобільний телефон Ulefone Armor Mini 3 Black (6937748735960)	ulefone-armor-mini-3-black-6937748735960	6937748735960	U0892210		Модель: Armor Mini 3 Black\nВиробник: Ulefone\nГарантія: 12 міс.	1868.30	1999.00	6	1	t	12	Китай		{"ean": 6937748735960, "model": "Armor Mini 3 Black", "uktved": 8517140000, "classid": 76, "groupid": 1050, "classname": "Мобільний телефон", "productid": 100360431}	2026-04-15 10:37:22.948303+03	2026-04-15 10:37:22.948311+03	0.00	0	14	14
450	Мобільний телефон Sigma X-treme PK68 Black (4827798466711)	sigma-x-treme-pk68-black-4827798466711	4827798466711	U0893918		Модель: X-treme PK68 Black\nВиробник: Sigma\nГарантія: 18 міс.	1990.67	45.71	0	1	t	18	Китай		{"ean": 4827798466711, "model": "X-treme PK68 Black", "uktved": 8517140000, "classid": 76, "groupid": 1050, "classname": "Мобільний телефон", "productid": 100361899}	2026-04-15 10:37:22.953955+03	2026-04-15 10:37:22.953963+03	0.00	0	8	14
451	Мобільний телефон Sigma X-treme PQ56 Black (4827798338018)	sigma-x-treme-pq56-black-4827798338018	4827798338018	U0896973		Модель: X-treme PQ56 Black\nВиробник: Sigma\nГарантія: 18 міс.	6865.22	157.64	0	1	t	18	Китай		{"ean": 4827798338018, "model": "X-treme PQ56 Black", "uktved": 8517130000, "classid": 76, "groupid": 1050, "classname": "Мобільний телефон", "productid": 100365911}	2026-04-15 10:37:22.958545+03	2026-04-15 10:37:22.958553+03	0.00	0	8	14
452	Мобільний телефон Samsung Galaxy Xcover7 6/128Gb Black (SM-G556BZKDEUC)	samsung-galaxy-xcover7-6128gb-black-sm-g556bzkdeuc	SM-G556BZKDEUC	U0899614		Модель: Galaxy Xcover7 6/128Gb Black\nВиробник: Samsung\nГарантія: 12 міс.	12500.16	287.03	0	1	t	12	В'єтнам		{"ean": 8806095378718, "model": "Galaxy Xcover7 6/128Gb Black", "uktved": 8517130000, "classid": 76, "groupid": 1050, "classname": "Мобільний телефон", "exclusive": 1, "productid": 100366622}	2026-04-15 10:37:22.963038+03	2026-04-15 10:37:22.963046+03	0.00	0	15	14
453	Мобільний телефон Ergo F241 Black	ergo-f241-black	F241 Black	U0902961		Модель: F241 Black\nВиробник: Ergo\nГарантія: 12 міс.	918.47	21.09	0	1	t	12	Китай		{"ean": 6900069063760, "model": "F241 Black", "uktved": 8517140000, "classid": 76, "groupid": 1050, "classname": "Мобільний телефон", "productid": 100369566}	2026-04-15 10:37:22.967581+03	2026-04-15 10:37:22.967589+03	0.00	0	11	14
454	Мобільний телефон Sigma X-treme PA68 WAVE Black (4827798466612)	sigma-x-treme-pa68-wave-black-4827798466612	4827798466612	U0905932		Модель: X-treme PA68 WAVE Black\nВиробник: Sigma\nГарантія: 18 міс.	1799.49	41.32	0	1	t	18	Китай		{"ean": 4827798466612, "model": "X-treme PA68 WAVE Black", "uktved": 8517140000, "classid": 76, "groupid": 1050, "classname": "Мобільний телефон", "productid": 100375097}	2026-04-15 10:37:22.972777+03	2026-04-15 10:37:22.972785+03	0.00	0	8	14
455	Мобільний телефон OUKITEL WP19 Pro 8/256GB Black (6931940735711)	oukitel-wp19-pro-8256gb-black-6931940735711	6931940735711	U0930327		Модель: WP19 Pro 8/256GB Black\nВиробник: OUKITEL\nГарантія: 12 міс.	11323.00	12999.00	12	1	t	12	Китай		{"ean": 6931940735711, "model": "WP19 Pro 8/256GB Black", "uktved": 8517130000, "classid": 76, "groupid": 158, "classname": "Мобільний телефон", "exclusive": 1, "productid": 100393996}	2026-04-15 10:37:22.97816+03	2026-04-15 10:37:22.978168+03	0.00	0	16	14
456	Мобільний телефон Nokia 235 4G DS 2024 Black	nokia-235-4g-ds-2024-black	235 4G DS 2024 Black	U0930621		Модель: 235 4G DS 2024 Black\nВиробник: Nokia\nГарантія: 12 міс.	2233.68	51.29	0	1	t	12	Китай		{"ean": 6438409093387, "model": "235 4G DS 2024 Black", "uktved": 8517140000, "classid": 76, "groupid": 1050, "classname": "Мобільний телефон", "productid": 100394349}	2026-04-15 10:37:22.982622+03	2026-04-15 10:37:22.98263+03	0.00	0	12	14
457	Мобільний телефон Nokia 215 4G DS 2024 Black	nokia-215-4g-ds-2024-black	215 4G DS 2024 Black	U0930630		Модель: 215 4G DS 2024 Black\nВиробник: Nokia\nГарантія: 12 міс.	1879.18	43.15	0	1	t	12	Китай		{"ean": 6438409094803, "model": "215 4G DS 2024 Black", "uktved": 8517140000, "classid": 76, "groupid": 1050, "classname": "Мобільний телефон", "productid": 100394356}	2026-04-15 10:37:22.987112+03	2026-04-15 10:37:22.98712+03	0.00	0	12	14
458	Мобільний телефон Nokia 225 4G DS 2024 Dark Blue	nokia-225-4g-ds-2024-dark-blue	225 4G DS 2024 Dark Blue	U0930647		Модель: 225 4G DS 2024 Dark Blue\nВиробник: Nokia\nГарантія: 12 міс.	2086.92	47.92	0	1	t	12	Китай		{"ean": 6438409095527, "model": "225 4G DS 2024 Dark Blue", "uktved": 8517140000, "classid": 76, "groupid": 1050, "classname": "Мобільний телефон", "productid": 100394358}	2026-04-15 10:37:22.991605+03	2026-04-15 10:37:22.991619+03	0.00	0	12	14
459	Мобільний телефон Nokia 3210 DS 2024 Y2K Gold	nokia-3210-ds-2024-y2k-gold	3210 DS 2024 Y2K Gold	U0931140		Модель: 3210 DS 2024 Y2K Gold\nВиробник: Nokia\nГарантія: 12 міс.	2186.21	50.20	0	1	t	12	Китай		{"ean": 6438409095480, "model": "3210 DS 2024 Y2K Gold", "uktved": 8517140000, "classid": 76, "groupid": 1050, "classname": "Мобільний телефон", "productid": 100394538}	2026-04-15 10:37:22.996179+03	2026-04-15 10:37:22.996187+03	0.00	0	12	14
460	Мобільний телефон 2E T180 MAX Black (688130251051)	2e-t180-max-black-688130251051	688130251051	U0932397		Модель: T180 MAX Black\nВиробник: 2E\nГарантія: 12 міс.	720.32	899.00	19	1	t	12	Китай		{"ean": 688130251051, "model": "T180 MAX Black", "uktved": 8517140000, "classid": 76, "groupid": 1050, "classname": "Мобільний телефон", "productid": 100395868}	2026-04-15 10:37:23.000447+03	2026-04-15 10:37:23.000454+03	0.00	0	17	14
461	Мобільний телефон Motorola Edge 50 Fusion 8/256GB Forest Blue (PB3T0059UA / PB3T0047RS)	motorola-edge-50-fusion-8256gb-forest-blue-pb3t0059ua-pb3t0047rs	PB3T0059UA / PB3T0047RS	U0960669		Модель: Edge 50 Fusion 8/256GB Forest Blue\nВиробник: Motorola\nГарантія: 12 міс.	8899.01	204.34	0	1	t	12	Китай		{"ean": 840023273919, "model": "Edge 50 Fusion 8/256GB Forest Blue", "uktved": 8517130000, "classid": 76, "groupid": 1050, "classname": "Мобільний телефон", "productid": 100419933}	2026-04-15 10:37:23.004618+03	2026-04-15 10:37:23.004626+03	0.00	0	18	14
462	Мобільний телефон Apple iPhone 16 128GB Black (MYE73)	apple-iphone-16-128gb-black-mye73	MYE73	U0961480		Модель: iPhone 16 128GB Black\nВиробник: Apple\nГарантія: 12 міс.	38002.60	872.62	0	1	t	12	Китай		{"ean": 195949821936, "model": "iPhone 16 128GB Black", "uktved": 8517130000, "classid": 76, "groupid": 1050, "classname": "Мобільний телефон", "productid": 100422693}	2026-04-15 10:37:23.008724+03	2026-04-15 10:37:23.008732+03	0.00	0	5	14
463	Мобільний телефон Apple iPhone 16 128GB Pink (MYEA3)	apple-iphone-16-128gb-pink-myea3	MYEA3	U0961481		Модель: iPhone 16 128GB Pink\nВиробник: Apple\nГарантія: 12 міс.	38002.60	872.62	0	1	t	12	Китай		{"ean": 195949822292, "model": "iPhone 16 128GB Pink", "uktved": 8517130000, "classid": 76, "groupid": 1050, "classname": "Мобільний телефон", "productid": 100422694}	2026-04-15 10:37:23.013932+03	2026-04-15 10:37:23.01394+03	0.00	0	5	14
464	Мобільний телефон Apple iPhone 16 128GB Teal (MYED3)	apple-iphone-16-128gb-teal-myed3	MYED3	U0961482		Модель: iPhone 16 128GB Teal\nВиробник: Apple\nГарантія: 12 міс.	38002.60	872.62	0	1	t	12	Китай		{"ean": 195949822650, "model": "iPhone 16 128GB Teal", "uktved": 8517130000, "classid": 76, "groupid": 1050, "classname": "Мобільний телефон", "productid": 100422695}	2026-04-15 10:37:23.018991+03	2026-04-15 10:37:23.018999+03	0.00	0	5	14
465	Мобільний телефон Apple iPhone 16 128GB Ultramarine (MYEC3)	apple-iphone-16-128gb-ultramarine-myec3	MYEC3	U0961483		Модель: iPhone 16 128GB Ultramarine\nВиробник: Apple\nГарантія: 12 міс.	38002.60	872.62	0	1	t	12	Китай		{"ean": 195949822476, "model": "iPhone 16 128GB Ultramarine", "uktved": 8517130000, "classid": 76, "groupid": 1050, "classname": "Мобільний телефон", "productid": 100422696}	2026-04-15 10:37:23.024055+03	2026-04-15 10:37:23.024063+03	0.00	0	5	14
466	Мобільний телефон Apple iPhone 16 128GB White (MYE93)	apple-iphone-16-128gb-white-mye93	MYE93	U0961484		Модель: iPhone 16 128GB White\nВиробник: Apple\nГарантія: 12 міс.	38002.60	872.62	0	1	t	12	Китай		{"ean": 195949822117, "model": "iPhone 16 128GB White", "uktved": 8517130000, "classid": 76, "groupid": 1050, "classname": "Мобільний телефон", "productid": 100422697}	2026-04-15 10:37:23.030268+03	2026-04-15 10:37:23.030283+03	0.00	0	5	14
467	Мобільний телефон Samsung Galaxy A16 LTE 4/128Gb Black (SM-A165FZKBEUC)	samsung-galaxy-a16-lte-4128gb-black-sm-a165fzkbeuc	SM-A165FZKBEUC	U0969447		Модель: Galaxy A16 LTE 4/128Gb Black\nВиробник: Samsung\nГарантія: 12 міс.	6965.39	159.94	0	1	t	12	В'єтнам		{"ean": 8806095822341, "model": "Galaxy A16 LTE 4/128Gb Black", "uktved": 8517130000, "classid": 76, "groupid": 1050, "classname": "Мобільний телефон", "exclusive": 1, "productid": 100428508}	2026-04-15 10:37:23.037635+03	2026-04-15 10:37:23.037649+03	0.00	0	15	14
468	Мобільний телефон Samsung Galaxy A16 LTE 4/128Gb Gray (SM-A165FZABEUC)	samsung-galaxy-a16-lte-4128gb-gray-sm-a165fzabeuc	SM-A165FZABEUC	U0969449		Модель: Galaxy A16 LTE 4/128Gb Gray\nВиробник: Samsung\nГарантія: 12 міс.	6965.39	159.94	0	1	t	12	В'єтнам		{"ean": 8806095822853, "model": "Galaxy A16 LTE 4/128Gb Gray", "uktved": 8517130000, "classid": 76, "groupid": 1050, "classname": "Мобільний телефон", "exclusive": 1, "productid": 100428509}	2026-04-15 10:37:23.044419+03	2026-04-15 10:37:23.044433+03	0.00	0	15	14
469	Мобільний телефон Samsung Galaxy A16 LTE 4/128Gb Light Green (SM-A165FLGBEUC)	samsung-galaxy-a16-lte-4128gb-light-green-sm-a165flgbeuc	SM-A165FLGBEUC	U0969451		Модель: Galaxy A16 LTE 4/128Gb Light Green\nВиробник: Samsung\nГарантія: 12 міс.	6965.39	159.94	0	1	t	12	В'єтнам		{"ean": 8806095823010, "model": "Galaxy A16 LTE 4/128Gb Light Green", "uktved": 8517130000, "classid": 76, "groupid": 1050, "classname": "Мобільний телефон", "exclusive": 1, "productid": 100428510}	2026-04-15 10:37:23.051441+03	2026-04-15 10:37:23.051456+03	0.00	0	15	14
470	Мобільний телефон Sigma X-treme PQ57 Black (4827798767016)	sigma-x-treme-pq57-black-4827798767016	4827798767016	U0970354		Модель: X-treme PQ57 Black\nВиробник: Sigma\nГарантія: 18 міс.	10029.13	230.29	0	1	t	18	Китай		{"ean": 4827798767016, "model": "X-treme PQ57 Black", "uktved": 8517130000, "classid": 76, "groupid": 1050, "classname": "Мобільний телефон", "productid": 100429256}	2026-04-15 10:37:23.058267+03	2026-04-15 10:37:23.058281+03	0.00	0	8	14
471	Мобільний телефон Sigma X-treme PQ58 Black (4827798767115)	sigma-x-treme-pq58-black-4827798767115	4827798767115	U0970355		Модель: X-treme PQ58 Black\nВиробник: Sigma\nГарантія: 18 міс.	11591.27	266.16	0	1	t	18	Китай		{"ean": 4827798767115, "model": "X-treme PQ58 Black", "uktved": 8517130000, "classid": 76, "groupid": 1050, "classname": "Мобільний телефон", "productid": 100429257}	2026-04-15 10:37:23.065433+03	2026-04-15 10:37:23.065447+03	0.00	0	8	14
472	Мобільний телефон Doogee S118 8/512Gb Silver (6923740207031)	doogee-s118-8512gb-silver-6923740207031	6923740207031	U0972008		Модель: S118  8/512Gb Silver\nВиробник: Doogee\nГарантія: 12 міс.	9652.86	221.65	0	1	t	12	Китай		{"ean": 6923740207031, "model": "S118  8/512Gb Silver", "uktved": 8517130000, "classid": 76, "groupid": 1050, "classname": "Мобільний телефон", "productid": 100430431}	2026-04-15 10:37:23.074052+03	2026-04-15 10:37:23.07407+03	0.00	0	19	14
473	Мобільний телефон OUKITEL WP28E 4/64GB Black (6931940757683)	oukitel-wp28e-464gb-black-6931940757683	6931940757683	U0972325		Модель: WP28E 4/64GB Black\nВиробник: OUKITEL\nГарантія: 12 міс.	4572.75	5499.00	16	1	t	12	Китай		{"ean": 6931940757683, "model": "WP28E 4/64GB Black", "uktved": 8517130000, "classid": 76, "groupid": 158, "classname": "Мобільний телефон", "exclusive": 1, "productid": 100430436}	2026-04-15 10:37:23.083097+03	2026-04-15 10:37:23.083116+03	0.00	0	16	14
474	Мобільний телефон OUKITEL WP28S 4/128GB Orange (6931940757614)	oukitel-wp28s-4128gb-orange-6931940757614	6931940757614	U0972326		Модель: WP28S 4/128GB Orange\nВиробник: OUKITEL\nГарантія: 12 міс.	5008.25	5999.00	16	1	t	12	Китай		{"ean": 6931940757614, "model": "WP28S 4/128GB Orange", "uktved": 8517130000, "classid": 76, "groupid": 158, "classname": "Мобільний телефон", "exclusive": 1, "productid": 100430437}	2026-04-15 10:37:23.092806+03	2026-04-15 10:37:23.092821+03	0.00	0	16	14
475	Мобільний телефон OUKITEL WP32 PRO 6/256GB Black (6931940757812)	oukitel-wp32-pro-6256gb-black-6931940757812	6931940757812	U0972328		Модель: WP32 PRO 6/256GB Black\nВиробник: OUKITEL\nГарантія: 12 міс.	5443.75	5999.00	9	1	t	12	Китай		{"ean": 6931940757812, "model": "WP32 PRO 6/256GB Black", "uktved": 8517130000, "classid": 76, "groupid": 158, "classname": "Мобільний телефон", "exclusive": 1, "productid": 100430439}	2026-04-15 10:37:23.104136+03	2026-04-15 10:37:23.104156+03	0.00	0	16	14
476	Мобільний телефон OUKITEL G1 6/256GB Black (6931940757874)	oukitel-g1-6256gb-black-6931940757874	6931940757874	U0972330		Модель: G1 6/256GB Black\nВиробник: OUKITEL\nГарантія: 12 міс.	6009.90	6999.00	14	1	t	12	Китай		{"ean": 6931940757874, "model": "G1 6/256GB Black", "uktved": 8517130000, "classid": 76, "groupid": 158, "classname": "Мобільний телефон", "exclusive": 1, "productid": 100430441}	2026-04-15 10:37:23.113342+03	2026-04-15 10:37:23.113361+03	0.00	0	16	14
477	Мобільний телефон OUKITEL WP32 4/128GB Orange (6931940733007)	oukitel-wp32-4128gb-orange-6931940733007	6931940733007	U0973744		Модель: WP32 4/128GB Orange\nВиробник: OUKITEL\nГарантія: 12 міс.	4703.40	5499.00	14	1	t	12	Китай		{"ean": 6931940733007, "model": "WP32 4/128GB Orange", "uktved": 8517130000, "classid": 76, "groupid": 158, "classname": "Мобільний телефон", "exclusive": 1, "productid": 100433296}	2026-04-15 10:37:23.122417+03	2026-04-15 10:37:23.122437+03	0.00	0	16	14
478	Мобільний телефон Tecno Spark 30 8/256Gb Stellar Shadow (4894947047879)	tecno-spark-30-8256gb-stellar-shadow-4894947047879	4894947047879	U0976895		Модель: Spark 30 8/256Gb Stellar Shadow\nВиробник: Tecno\nГарантія: 13 міс.	6043.00	138.76	0	1	t	13	Китай		{"ean": 4894947047879, "model": "Spark 30 8/256Gb Stellar Shadow", "uktved": 8517130000, "classid": 76, "groupid": 1050, "classname": "Мобільний телефон", "productid": 100436397}	2026-04-15 10:37:23.131562+03	2026-04-15 10:37:23.131582+03	0.00	0	20	14
479	Мобільний телефон OUKITEL G2 4/64GB Black (6931940757744)	oukitel-g2-464gb-black-6931940757744	6931940757744	U0982563		Модель: G2 4/64GB Black\nВиробник: OUKITEL\nГарантія: 12 міс.	4398.55	4999.00	12	1	t	12	Китай		{"ean": 6931940757744, "model": "G2 4/64GB Black", "uktved": 8517130000, "classid": 76, "groupid": 158, "classname": "Мобільний телефон", "exclusive": 1, "productid": 100441526}	2026-04-15 10:37:23.141152+03	2026-04-15 10:37:23.141171+03	0.00	0	16	14
480	Мобільний телефон Sigma X-treme PR68 Type-C Black (4827798122419)	sigma-x-treme-pr68-type-c-black-4827798122419	4827798122419	U0989761		Модель: X-treme PR68 Type-C Black\nВиробник: Sigma\nГарантія: 18 міс.	1858.28	42.67	0	1	t	18	Китай		{"ean": 4827798122419, "model": "X-treme PR68 Type-C Black", "uktved": 8517140000, "classid": 76, "groupid": 1050, "classname": "Мобільний телефон", "productid": 100451482}	2026-04-15 10:37:23.15031+03	2026-04-15 10:37:23.150329+03	0.00	0	8	14
481	Мобільний телефон Nokia 105 DS 2024 Black	nokia-105-ds-2024-black	105 DS 2024 Black	U1004597		Модель: 105 DS 2024 Black\nВиробник: Nokia\nГарантія: 12 міс.	908.89	20.87	0	1	t	12	Китай		{"ean": 6438409099570, "model": "105 DS 2024 Black", "uktved": 8517140000, "classid": 76, "groupid": 1050, "classname": "Мобільний телефон", "productid": 100462450}	2026-04-15 10:37:23.159701+03	2026-04-15 10:37:23.159721+03	0.00	0	12	14
482	Мобільний телефон Nokia 105 DS 2024 Blue	nokia-105-ds-2024-blue	105 DS 2024 Blue	U1004598		Модель: 105 DS 2024 Blue\nВиробник: Nokia\nГарантія: 12 міс.	908.89	20.87	0	1	t	12	Китай		{"ean": 6438409100412, "model": "105 DS 2024 Blue", "uktved": 8517140000, "classid": 76, "groupid": 1050, "classname": "Мобільний телефон", "productid": 100462451}	2026-04-15 10:37:23.167287+03	2026-04-15 10:37:23.167295+03	0.00	0	12	14
483	Мобільний телефон Samsung Galaxy S25 12/256Gb Silver Shadow (SM-S931BZSGEUC)	samsung-galaxy-s25-12256gb-silver-shadow-sm-s931bzsgeuc	SM-S931BZSGEUC	U1010525		Модель: Galaxy S25 12/256Gb Silver Shadow\nВиробник: Samsung\nГарантія: 12 міс.	35925.27	824.92	0	1	t	12	В'єтнам		{"ean": 8806095851471, "model": "Galaxy S25 12/256Gb Silver Shadow", "uktved": 8517130000, "classid": 76, "groupid": 1050, "classname": "Мобільний телефон", "exclusive": 1, "productid": 100467721}	2026-04-15 10:37:23.172813+03	2026-04-15 10:37:23.172822+03	0.00	0	15	14
484	Мобільний телефон Samsung Galaxy S25 12/256Gb Navy (SM-S931BDBGEUC)	samsung-galaxy-s25-12256gb-navy-sm-s931bdbgeuc	SM-S931BDBGEUC	U1010526		Модель: Galaxy S25 12/256Gb Navy\nВиробник: Samsung\nГарантія: 12 міс.	35925.27	824.92	0	1	t	12	В'єтнам		{"ean": 8806095852089, "model": "Galaxy S25 12/256Gb Navy", "uktved": 8517130000, "classid": 76, "groupid": 1050, "classname": "Мобільний телефон", "exclusive": 1, "productid": 100467722}	2026-04-15 10:37:23.178654+03	2026-04-15 10:37:23.178662+03	0.00	0	15	14
485	Мобільний телефон Samsung Galaxy S25 12/256Gb Icyblue (SM-S931BLBGEUC)	samsung-galaxy-s25-12256gb-icyblue-sm-s931blbgeuc	SM-S931BLBGEUC	U1010528		Модель: Galaxy S25 12/256Gb Icyblue\nВиробник: Samsung\nГарантія: 12 міс.	35925.27	824.92	0	1	t	12	В'єтнам		{"ean": 8806095850948, "model": "Galaxy S25 12/256Gb Icyblue", "uktved": 8517130000, "classid": 76, "groupid": 1050, "classname": "Мобільний телефон", "exclusive": 1, "productid": 100467724}	2026-04-15 10:37:23.183854+03	2026-04-15 10:37:23.183862+03	0.00	0	15	14
486	Мобільний телефон Samsung Galaxy S25 12/512Gb Silver Shadow (SM-S931BZSHEUC)	samsung-galaxy-s25-12512gb-silver-shadow-sm-s931bzsheuc	SM-S931BZSHEUC	U1010529		Модель: Galaxy S25 12/512Gb Silver Shadow\nВиробник: Samsung\nГарантія: 12 міс.	39160.16	899.20	0	1	t	12	В'єтнам		{"ean": 8806095851303, "model": "Galaxy S25 12/512Gb Silver Shadow", "uktved": 8517130000, "classid": 76, "groupid": 1050, "classname": "Мобільний телефон", "exclusive": 1, "productid": 100467725}	2026-04-15 10:37:23.189651+03	2026-04-15 10:37:23.189661+03	0.00	0	15	14
487	Мобільний телефон Samsung Galaxy S25 12/512Gb Navy (SM-S931BDBHEUC)	samsung-galaxy-s25-12512gb-navy-sm-s931bdbheuc	SM-S931BDBHEUC	U1010530		Модель: Galaxy S25 12/512Gb Navy\nВиробник: Samsung\nГарантія: 12 міс.	39160.16	899.20	0	1	t	12	В'єтнам		{"ean": 8806095851907, "model": "Galaxy S25 12/512Gb Navy", "uktved": 8517130000, "classid": 76, "groupid": 1050, "classname": "Мобільний телефон", "exclusive": 1, "productid": 100467726}	2026-04-15 10:37:23.199583+03	2026-04-15 10:37:23.199591+03	0.00	0	15	14
488	Мобільний телефон Samsung Galaxy S25 12/512Gb Icyblue (SM-S931BLBHEUC)	samsung-galaxy-s25-12512gb-icyblue-sm-s931blbheuc	SM-S931BLBHEUC	U1010532		Модель: Galaxy S25 12/512Gb Icyblue\nВиробник: Samsung\nГарантія: 12 міс.	39160.16	899.20	0	1	t	12	В'єтнам		{"ean": 8806095853772, "model": "Galaxy S25 12/512Gb Icyblue", "uktved": 8517130000, "classid": 76, "groupid": 1050, "classname": "Мобільний телефон", "exclusive": 1, "productid": 100467728}	2026-04-15 10:37:23.204852+03	2026-04-15 10:37:23.20486+03	0.00	0	15	14
489	Мобільний телефон Sigma Comfort 50 EASY TYPE-C Black (4827798585214)	sigma-comfort-50-easy-type-c-black-4827798585214	4827798585214	U1012544		Модель: Comfort 50 EASY TYPE-C Black\nВиробник: Sigma\nГарантія: 12 міс.	553.52	12.71	0	1	t	12	Китай		{"ean": 4827798585214, "model": "Comfort 50 EASY TYPE-C Black", "uktved": 8517140000, "classid": 76, "groupid": 1050, "classname": "Мобільний телефон", "productid": 100469802}	2026-04-15 10:37:23.210458+03	2026-04-15 10:37:23.210466+03	0.00	0	8	14
490	Мобільний телефон Sigma Comfort 50 EASY TYPE-C Blue (4827798585238)	sigma-comfort-50-easy-type-c-blue-4827798585238	4827798585238	U1012545		Модель: Comfort 50 EASY TYPE-C Blue\nВиробник: Sigma\nГарантія: 12 міс.	498.21	11.44	0	1	t	12	Китай		{"ean": 4827798585238, "model": "Comfort 50 EASY TYPE-C Blue", "uktved": 8517140000, "classid": 76, "groupid": 1050, "classname": "Мобільний телефон", "productid": 100469803}	2026-04-15 10:37:23.215797+03	2026-04-15 10:37:23.215805+03	0.00	0	8	14
491	Мобільний телефон Sigma Comfort 50 EASY TYPE-C Red (4827798585221)	sigma-comfort-50-easy-type-c-red-4827798585221	4827798585221	U1012546		Модель: Comfort 50 EASY TYPE-C Red\nВиробник: Sigma\nГарантія: 12 міс.	498.21	11.44	0	1	t	12	Китай		{"ean": 4827798585221, "model": "Comfort 50 EASY TYPE-C Red", "uktved": 8517140000, "classid": 76, "groupid": 1050, "classname": "Мобільний телефон", "productid": 100469804}	2026-04-15 10:37:23.220531+03	2026-04-15 10:37:23.220539+03	0.00	0	8	14
492	Мобільний телефон Samsung Galaxy A26 5G 6/128Gb Light Green (SM-A266BLGBEUC)	samsung-galaxy-a26-5g-6128gb-light-green-sm-a266blgbeuc	SM-A266BLGBEUC	U1016767		Модель: Galaxy A26 5G 6/128Gb Light Green\nВиробник: Samsung\nГарантія: 12 міс.	9125.03	209.53	0	1	t	12	В'єтнам		{"ean": 8806097075073, "model": "Galaxy A26 5G 6/128Gb Light Green", "uktved": 8517130000, "classid": 76, "groupid": 1050, "classname": "Мобільний телефон", "exclusive": 1, "productid": 100473048}	2026-04-15 10:37:23.225907+03	2026-04-15 10:37:23.225921+03	0.00	0	15	14
493	Мобільний телефон Samsung Galaxy A26 5G 6/128Gb White (SM-A266BZWBEUC)	samsung-galaxy-a26-5g-6128gb-white-sm-a266bzwbeuc	SM-A266BZWBEUC	U1016768		Модель: Galaxy A26 5G 6/128Gb White\nВиробник: Samsung\nГарантія: 12 міс.	9125.03	209.53	0	1	t	12	В'єтнам		{"ean": 8806097075257, "model": "Galaxy A26 5G 6/128Gb White", "uktved": 8517130000, "classid": 76, "groupid": 1050, "classname": "Мобільний телефон", "exclusive": 1, "productid": 100473049}	2026-04-15 10:37:23.231153+03	2026-04-15 10:37:23.231161+03	0.00	0	15	14
494	Мобільний телефон Samsung Galaxy A26 5G 6/128Gb Black (SM-A266BZKBEUC)	samsung-galaxy-a26-5g-6128gb-black-sm-a266bzkbeuc	SM-A266BZKBEUC	U1016769		Модель: Galaxy A26 5G 6/128Gb Black\nВиробник: Samsung\nГарантія: 12 міс.	9125.03	209.53	0	1	t	12	В'єтнам		{"ean": 8806097075011, "model": "Galaxy A26 5G 6/128Gb Black", "uktved": 8517130000, "classid": 76, "groupid": 1050, "classname": "Мобільний телефон", "exclusive": 1, "productid": 100473050}	2026-04-15 10:37:23.235519+03	2026-04-15 10:37:23.235527+03	0.00	0	15	14
495	Мобільний телефон Samsung Galaxy A26 5G 8/256Gb Light Green (SM-A266BLGCEUC)	samsung-galaxy-a26-5g-8256gb-light-green-sm-a266blgceuc	SM-A266BLGCEUC	U1016770		Модель: Galaxy A26 5G 8/256Gb Light Green\nВиробник: Samsung\nГарантія: 12 міс.	10820.00	248.45	0	1	t	12	В'єтнам		{"ean": 8806097075059, "model": "Galaxy A26 5G 8/256Gb Light Green", "uktved": 8517130000, "classid": 76, "groupid": 1050, "classname": "Мобільний телефон", "exclusive": 1, "productid": 100473051}	2026-04-15 10:37:23.240355+03	2026-04-15 10:37:23.240364+03	0.00	0	15	14
496	Мобільний телефон Samsung Galaxy A26 5G 8/256Gb White (SM-A266BZWCEUC)	samsung-galaxy-a26-5g-8256gb-white-sm-a266bzwceuc	SM-A266BZWCEUC	U1016771		Модель: Galaxy A26 5G 8/256Gb White\nВиробник: Samsung\nГарантія: 12 міс.	10820.00	248.45	0	1	t	12	В'єтнам		{"ean": 8806097075226, "model": "Galaxy A26 5G 8/256Gb White", "uktved": 8517130000, "classid": 76, "groupid": 1050, "classname": "Мобільний телефон", "exclusive": 1, "productid": 100473052}	2026-04-15 10:37:23.245473+03	2026-04-15 10:37:23.245482+03	0.00	0	15	14
497	Мобільний телефон Samsung Galaxy A26 5G 8/256Gb Black (SM-A266BZKCEUC)	samsung-galaxy-a26-5g-8256gb-black-sm-a266bzkceuc	SM-A266BZKCEUC	U1016772		Модель: Galaxy A26 5G 8/256Gb Black\nВиробник: Samsung\nГарантія: 12 міс.	10820.00	248.45	0	1	t	12	В'єтнам		{"ean": 8806097074984, "model": "Galaxy A26 5G 8/256Gb Black", "uktved": 8517130000, "classid": 76, "groupid": 1050, "classname": "Мобільний телефон", "exclusive": 1, "productid": 100473053}	2026-04-15 10:37:23.250536+03	2026-04-15 10:37:23.250543+03	0.00	0	15	14
498	Мобільний телефон Samsung Galaxy A36 5G 6/128Gb Black (SM-A366BZKBEUC)	samsung-galaxy-a36-5g-6128gb-black-sm-a366bzkbeuc	SM-A366BZKBEUC	U1016776		Модель: Galaxy A36 5G 6/128Gb Black\nВиробник: Samsung\nГарантія: 12 міс.	12325.09	283.01	0	1	t	12	В'єтнам		{"ean": 8806095984117, "model": "Galaxy A36 5G 6/128Gb Black", "uktved": 8517130000, "classid": 76, "groupid": 1050, "classname": "Мобільний телефон", "exclusive": 1, "productid": 100473054}	2026-04-15 10:37:23.255411+03	2026-04-15 10:37:23.255419+03	0.00	0	15	14
499	Мобільний телефон Samsung Galaxy A36 5G 6/128Gb Gray (SM-A366BZABEUC)	samsung-galaxy-a36-5g-6128gb-gray-sm-a366bzabeuc	SM-A366BZABEUC	U1016777		Модель: Galaxy A36 5G 6/128Gb Gray\nВиробник: Samsung\nГарантія: 12 міс.	12325.09	283.01	0	1	t	12	В'єтнам		{"ean": 8806095984278, "model": "Galaxy A36 5G 6/128Gb Gray", "uktved": 8517130000, "classid": 76, "groupid": 1050, "classname": "Мобільний телефон", "exclusive": 1, "productid": 100473055}	2026-04-15 10:37:23.261083+03	2026-04-15 10:37:23.26109+03	0.00	0	15	14
500	Мобільний телефон Samsung Galaxy A36 5G 6/128Gb Light Green (SM-A366BLGBEUC)	samsung-galaxy-a36-5g-6128gb-light-green-sm-a366blgbeuc	SM-A366BLGBEUC	U1016778		Модель: Galaxy A36 5G 6/128Gb Light Green\nВиробник: Samsung\nГарантія: 12 міс.	12325.09	283.01	0	1	t	12	В'єтнам		{"ean": 8806095984575, "model": "Galaxy A36 5G 6/128Gb Light Green", "uktved": 8517130000, "classid": 76, "groupid": 1050, "classname": "Мобільний телефон", "exclusive": 1, "productid": 100473056}	2026-04-15 10:37:23.266599+03	2026-04-15 10:37:23.266614+03	0.00	0	15	14
501	Мобільний телефон Samsung Galaxy A36 5G 6/128Gb Light Violet (SM-A366BLVBEUC)	samsung-galaxy-a36-5g-6128gb-light-violet-sm-a366blvbeuc	SM-A366BLVBEUC	U1016780		Модель: Galaxy A36 5G 6/128Gb Light Violet\nВиробник: Samsung\nГарантія: 12 міс.	12325.09	283.01	0	1	t	12	В'єтнам		{"ean": 8806095984421, "model": "Galaxy A36 5G 6/128Gb Light Violet", "uktved": 8517130000, "classid": 76, "groupid": 1050, "classname": "Мобільний телефон", "exclusive": 1, "productid": 100473057}	2026-04-15 10:37:23.271532+03	2026-04-15 10:37:23.27154+03	0.00	0	15	14
502	Мобільний телефон Samsung Galaxy A56 5G 8/128Gb Light Pink (SM-A566BLIAEUC)	samsung-galaxy-a56-5g-8128gb-light-pink-sm-a566bliaeuc	SM-A566BLIAEUC	U1016797		Модель: Galaxy A56 5G 8/128Gb Light Pink\nВиробник: Samsung\nГарантія: 12 міс.	16449.71	377.72	0	1	t	12	Індія		{"ean": 8806095982748, "model": "Galaxy A56 5G 8/128Gb Light Pink", "uktved": 8517130000, "classid": 76, "groupid": 1050, "classname": "Мобільний телефон", "exclusive": 1, "productid": 100473068}	2026-04-15 10:37:23.276768+03	2026-04-15 10:37:23.276776+03	0.00	0	15	14
503	Мобільний телефон Oppo Reno13 5G 12/256GB Luminous Blue (OFCPH2689_BLUE)	oppo-reno13-5g-12256gb-luminous-blue-ofcph2689_blue	OFCPH2689_BLUE	U1020987		Модель: Reno13 5G 12/256GB Luminous Blue\nВиробник: Oppo\nГарантія: 12 міс.	16149.21	370.82	0	1	t	12	Китай		{"ean": 6932169363075, "model": "Reno13 5G 12/256GB Luminous Blue", "uktved": 8517130000, "classid": 76, "groupid": 1050, "classname": "Мобільний телефон", "productid": 100476810}	2026-04-15 10:37:23.282664+03	2026-04-15 10:37:23.282673+03	0.00	0	21	14
504	Мобільний телефон Panasonic KX-TU160 Black (KX-TU160EXB)	panasonic-kx-tu160-black-kx-tu160exb	KX-TU160EXB	U1022587		Модель: KX-TU160 Black\nВиробник: Panasonic\nГарантія: 12 міс.	2371.30	2599.00	8	1	t	12	Китай		{"ean": 5025232920464, "model": "KX-TU160 Black", "uktved": 8517140000, "classid": 76, "groupid": 1050, "classname": "Мобільний телефон", "productid": 100478223}	2026-04-15 10:37:23.288199+03	2026-04-15 10:37:23.288208+03	0.00	0	22	14
505	Мобільний телефон Panasonic KX-TU250 Black (KX-TU250EXB)	panasonic-kx-tu250-black-kx-tu250exb	KX-TU250EXB	U1022589		Модель: KX-TU250 Black\nВиробник: Panasonic\nГарантія: 12 міс.	3523.63	3799.00	7	1	t	12	Китай		{"ean": 5025232931149, "model": "KX-TU250 Black", "uktved": 8517140000, "classid": 76, "groupid": 1050, "classname": "Мобільний телефон", "productid": 100478225}	2026-04-15 10:37:23.293423+03	2026-04-15 10:37:23.293432+03	0.00	0	22	14
506	Мобільний телефон Panasonic KX-TU446 Black (KX-TU446EXB)	panasonic-kx-tu446-black-kx-tu446exb	KX-TU446EXB	U1022593		Модель: KX-TU446 Black\nВиробник: Panasonic\nГарантія: 12 міс.	3233.15	3469.00	6	1	t	12	Китай		{"ean": 5025232935741, "model": "KX-TU446 Black", "uktved": 8517140000, "classid": 76, "groupid": 1050, "classname": "Мобільний телефон", "productid": 100478229}	2026-04-15 10:37:23.298818+03	2026-04-15 10:37:23.298826+03	0.00	0	22	14
507	Мобільний телефон Nomi i2841 Black	nomi-i2841-black	i2841 Black	U1022278		Модель: i2841 Black\nВиробник: Nomi\nГарантія: 12 міс.	719.01	16.51	0	1	t	12	Китай		{"ean": 1012154644, "model": "i2841 Black", "uktved": 8517140000, "classid": 76, "groupid": 1050, "classname": "Мобільний телефон", "productid": 100482980}	2026-04-15 10:37:23.304923+03	2026-04-15 10:37:23.304931+03	0.00	0	13	14
508	Мобільний телефон Sigma X-style 353 TREND Black (4827798626214)	sigma-x-style-353-trend-black-4827798626214	4827798626214	U1027835		Модель: X-style 353 TREND Black\nВиробник: Sigma\nГарантія: 12 міс.	1041.72	23.92	0	1	t	12	Китай		{"ean": 4827798626214, "model": "X-style 353 TREND Black", "uktved": 8517140000, "classid": 76, "groupid": 1050, "classname": "Мобільний телефон", "productid": 100482984}	2026-04-15 10:37:23.310288+03	2026-04-15 10:37:23.310297+03	0.00	0	8	14
509	Мобільний телефон Sigma X-style 353 TREND Mint (4827798626221)	sigma-x-style-353-trend-mint-4827798626221	4827798626221	U1027836		Модель: X-style 353 TREND Mint\nВиробник: Sigma\nГарантія: 12 міс.	1041.72	23.92	0	1	t	12	Китай		{"ean": 4827798626221, "model": "X-style 353 TREND Mint", "uktved": 8517140000, "classid": 76, "groupid": 1050, "classname": "Мобільний телефон", "productid": 100482985}	2026-04-15 10:37:23.31746+03	2026-04-15 10:37:23.317475+03	0.00	0	8	14
510	Мобільний телефон Sigma X-treme PV68 Black (4827798738214)	sigma-x-treme-pv68-black-4827798738214	4827798738214	U1027838		Модель: X-treme PV68 Black\nВиробник: Sigma\nГарантія: 18 міс.	1326.10	30.45	0	1	t	18	Китай		{"ean": 4827798738214, "model": "X-treme PV68 Black", "uktved": 8517140000, "classid": 76, "groupid": 1050, "classname": "Мобільний телефон", "productid": 100482986}	2026-04-15 10:37:23.326596+03	2026-04-15 10:37:23.326631+03	0.00	0	8	14
511	Мобільний телефон Nokia 110 DS 2024 Black	nokia-110-ds-2024-black	110 DS 2024 Black	U1031873		Модель: 110 DS 2024 Black\nВиробник: Nokia\nГарантія: 12 міс.	1042.15	23.93	0	1	t	12	Китай		{"ean": 6438409100917, "model": "110 DS 2024 Black", "uktved": 8517140000, "classid": 76, "groupid": 1050, "classname": "Мобільний телефон", "productid": 100486844}	2026-04-15 10:37:23.335664+03	2026-04-15 10:37:23.335683+03	0.00	0	12	14
512	Мобільний телефон Infinix Note 50 Pro+ 12/256Gb NFC Enchanted Purple (4894947070075)	infinix-note-50-pro-12256gb-nfc-enchanted-purple-4894947070075	4894947070075	U1037558		Модель: Note 50 Pro+ 12/256Gb NFC Enchanted Purple\nВиробник: Infinix\nГарантія: 12 міс.	17080.31	392.20	0	1	t	12	Китай		{"ean": 4894947070075, "model": "Note 50 Pro+ 12/256Gb NFC Enchanted Purple", "uktved": 8517130000, "classid": 76, "groupid": 1050, "classname": "Мобільний телефон", "productid": 100492411}	2026-04-15 10:37:23.344859+03	2026-04-15 10:37:23.344879+03	0.00	0	23	14
513	Мобільний телефон HMD 2660 4G Flip DS Red	hmd-2660-4g-flip-ds-red	2660 4G Flip DS Red	U1039540		Модель: 2660 4G Flip DS Red\nВиробник: HMD\nГарантія: 12 міс.	2703.58	2999.00	9	1	t	12	Китай		{"ean": 6438409101525, "model": "2660 4G Flip DS Red", "uktved": 8517140000, "classid": 76, "groupid": 1050, "classname": "Мобільний телефон", "productid": 100494491}	2026-04-15 10:37:23.354283+03	2026-04-15 10:37:23.354302+03	0.00	0	24	14
514	Мобільний телефон OUKITEL G1 6/256GB Orange (6931940757881)	oukitel-g1-6256gb-orange-6931940757881	6931940757881	U1040785		Модель: G1 6/256GB Orange\nВиробник: OUKITEL\nГарантія: 12 міс.	6009.90	6999.00	14	1	t	12	Китай		{"ean": 6931940757881, "model": "G1 6/256GB Orange", "uktved": 8517130000, "classid": 76, "groupid": 158, "classname": "Мобільний телефон", "exclusive": 1, "productid": 100495838}	2026-04-15 10:37:23.362197+03	2026-04-15 10:37:23.362205+03	0.00	0	16	14
515	Мобільний телефон Oppo A5 PRO 4G 8/128GB Olive Green (OFCPH2711_GREEN _128)	oppo-a5-pro-4g-8128gb-olive-green-ofcph2711_green-_128	OFCPH2711_GREEN _128	U1042046		Модель: A5 PRO 4G 8/128GB Olive Green\nВиробник: Oppo\nГарантія: 12 міс.	7223.64	165.87	0	1	t	12	Китай		{"ean": 6932169365505, "model": "A5 PRO 4G 8/128GB Olive Green", "uktved": 8517130000, "classid": 76, "groupid": 1050, "classname": "Мобільний телефон", "productid": 100497217}	2026-04-15 10:37:23.36776+03	2026-04-15 10:37:23.367769+03	0.00	0	21	14
516	Мобільний телефон Oppo A5 PRO 4G 8/128GB Mocha Brown (OFCPH2711_BROWN _128)	oppo-a5-pro-4g-8128gb-mocha-brown-ofcph2711_brown-_128	OFCPH2711_BROWN _128	U1042051		Модель: A5 PRO 4G 8/128GB Mocha Brown\nВиробник: Oppo\nГарантія: 12 міс.	7223.64	165.87	0	1	t	12	Китай		{"ean": 6932169365499, "model": "A5 PRO 4G 8/128GB Mocha Brown", "uktved": 8517130000, "classid": 76, "groupid": 1050, "classname": "Мобільний телефон", "productid": 100497219}	2026-04-15 10:37:23.373721+03	2026-04-15 10:37:23.373729+03	0.00	0	21	14
517	Мобільний телефон Xiaomi Redmi A5 3/64GB Midnight Black (1146831)	xiaomi-redmi-a5-364gb-midnight-black-1146831	1146831	U1045545		Модель: Redmi A5 3/64GB Midnight Black\nВиробник: Xiaomi\nГарантія: 12 міс.	3598.97	82.64	0	1	t	12	Китай		{"ean": 6932554425777, "model": "Redmi A5 3/64GB Midnight Black", "uktved": 8517130000, "classid": 76, "groupid": 1050, "classname": "Мобільний телефон", "productid": 100500460}	2026-04-15 10:37:23.379098+03	2026-04-15 10:37:23.379106+03	0.00	0	25	14
518	Мобільний телефон Xiaomi Redmi A5 3/64GB Ocean Blue (1146832)	xiaomi-redmi-a5-364gb-ocean-blue-1146832	1146832	U1045546		Модель: Redmi A5 3/64GB Ocean Blue\nВиробник: Xiaomi\nГарантія: 12 міс.	3598.97	82.64	0	1	t	12	Китай		{"ean": 6932554425913, "model": "Redmi A5 3/64GB Ocean Blue", "uktved": 8517130000, "classid": 76, "groupid": 1050, "classname": "Мобільний телефон", "productid": 100500461}	2026-04-15 10:37:23.385163+03	2026-04-15 10:37:23.385171+03	0.00	0	25	14
519	Мобільний телефон Xiaomi Redmi A5 3/64GB Sandy Gold (1146833)	xiaomi-redmi-a5-364gb-sandy-gold-1146833	1146833	U1045547		Модель: Redmi A5 3/64GB Sandy Gold\nВиробник: Xiaomi\nГарантія: 12 міс.	3598.97	82.64	0	1	t	12	Китай		{"ean": 6932554425432, "model": "Redmi A5 3/64GB Sandy Gold", "uktved": 8517130000, "classid": 76, "groupid": 1050, "classname": "Мобільний телефон", "productid": 100500462}	2026-04-15 10:37:23.390507+03	2026-04-15 10:37:23.390514+03	0.00	0	25	14
520	Мобільний телефон Xiaomi Redmi A5 4/128GB Midnight Black (1146834)	xiaomi-redmi-a5-4128gb-midnight-black-1146834	1146834	U1045550		Модель: Redmi A5 4/128GB Midnight Black\nВиробник: Xiaomi\nГарантія: 12 міс.	4138.99	95.04	0	1	t	12	Китай		{"ean": 6932554424978, "model": "Redmi A5 4/128GB Midnight Black", "uktved": 8517130000, "classid": 76, "groupid": 1050, "classname": "Мобільний телефон", "productid": 100500463}	2026-04-15 10:37:23.395367+03	2026-04-15 10:37:23.395374+03	0.00	0	25	14
521	Мобільний телефон Xiaomi Redmi A5 4/128GB Ocean Blue (1146835)	xiaomi-redmi-a5-4128gb-ocean-blue-1146835	1146835	U1045552		Модель: Redmi A5 4/128GB Ocean Blue\nВиробник: Xiaomi\nГарантія: 12 міс.	4138.99	95.04	0	1	t	12	Китай		{"ean": 6932554425067, "model": "Redmi A5 4/128GB Ocean Blue", "uktved": 8517130000, "classid": 76, "groupid": 1050, "classname": "Мобільний телефон", "productid": 100500464}	2026-04-15 10:37:23.40017+03	2026-04-15 10:37:23.400178+03	0.00	0	25	14
522	Мобільний телефон Nomi i2420 Black Grey	nomi-i2420-black-grey	i2420 Black Grey	U1047632		Модель: i2420 Black Grey\nВиробник: Nomi\nГарантія: 12 міс.	1180.64	27.11	0	1	t	12	Китай		{"ean": 1012154637, "model": "i2420 Black Grey", "uktved": 8517140000, "classid": 76, "groupid": 1050, "classname": "Мобільний телефон", "productid": 100502952}	2026-04-15 10:37:23.408329+03	2026-04-15 10:37:23.408336+03	0.00	0	13	14
523	Мобільний телефон Ulefone Armor X32 6/128Gb Black (6975326662383)	ulefone-armor-x32-6128gb-black-6975326662383	6975326662383	U1048638		Модель: Armor X32 6/128Gb Black\nВиробник: Ulefone\nГарантія: 12 міс.	6697.12	6999.00	4	1	t	12	Китай		{"ean": 6975326662383, "model": "Armor X32 6/128Gb Black", "uktved": 8517130000, "classid": 76, "groupid": 1050, "classname": "Мобільний телефон", "productid": 100503583}	2026-04-15 10:37:23.413174+03	2026-04-15 10:37:23.413182+03	0.00	0	14	14
524	Мобільний телефон ZTE Nubia V70 8/256GB Gray (1143716)	zte-nubia-v70-8256gb-gray-1143716	1143716	U1049808		Модель: Nubia V70 8/256GB Gray\nВиробник: ZTE\nГарантія: 12 міс.	5322.25	122.21	0	1	t	12	Китай		{"ean": 6902176143069, "model": "Nubia V70 8/256GB Gray", "uktved": 8517130000, "classid": 76, "groupid": 1050, "classname": "Мобільний телефон", "productid": 100504176}	2026-04-15 10:37:23.417675+03	2026-04-15 10:37:23.417683+03	0.00	0	26	14
525	Мобільний телефон ZTE Nubia V70 8/256GB Gold (1143717)	zte-nubia-v70-8256gb-gold-1143717	1143717	U1049809		Модель: Nubia V70 8/256GB Gold\nВиробник: ZTE\nГарантія: 12 міс.	5322.25	122.21	0	1	t	12	Китай		{"ean": 6902176143038, "model": "Nubia V70 8/256GB Gold", "uktved": 8517130000, "classid": 76, "groupid": 1050, "classname": "Мобільний телефон", "productid": 100504177}	2026-04-15 10:37:23.421795+03	2026-04-15 10:37:23.421803+03	0.00	0	26	14
526	Мобільний телефон ZTE Nubia V70 Design 8/256GB Gray (1143714)	zte-nubia-v70-design-8256gb-gray-1143714	1143714	U1049813		Модель: Nubia V70 Design 8/256GB Gray\nВиробник: ZTE\nГарантія: 12 міс.	4900.25	112.52	0	1	t	12	Китай		{"ean": 6902176143250, "model": "Nubia V70 Design 8/256GB Gray", "uktved": 8517130000, "classid": 76, "groupid": 1050, "classname": "Мобільний телефон", "productid": 100504179}	2026-04-15 10:37:23.42598+03	2026-04-15 10:37:23.425988+03	0.00	0	26	14
527	Мобільний телефон OUKITEL G1 6/256GB Green (6931940757867)	oukitel-g1-6256gb-green-6931940757867	6931940757867	U1056838		Модель: G1 6/256GB Green\nВиробник: OUKITEL\nГарантія: 12 міс.	6009.90	6999.00	14	1	t	12	Китай		{"ean": 6931940757867, "model": "G1 6/256GB Green", "uktved": 8517130000, "classid": 76, "groupid": 158, "classname": "Мобільний телефон", "exclusive": 1, "productid": 100511436}	2026-04-15 10:37:23.430009+03	2026-04-15 10:37:23.430017+03	0.00	0	16	14
528	Мобільний телефон OUKITEL G2 4/64GB Green (6931940757768)	oukitel-g2-464gb-green-6931940757768	6931940757768	U1056885		Модель: G2 4/64GB Green\nВиробник: OUKITEL\nГарантія: 12 міс.	4398.55	4999.00	12	1	t	12	Китай		{"ean": 6931940757768, "model": "G2 4/64GB Green", "uktved": 8517130000, "classid": 76, "groupid": 158, "classname": "Мобільний телефон", "exclusive": 1, "productid": 100511438}	2026-04-15 10:37:23.434233+03	2026-04-15 10:37:23.43424+03	0.00	0	16	14
529	Мобільний телефон OUKITEL WP32 4/128GB Green (6931940733045)	oukitel-wp32-4128gb-green-6931940733045	6931940733045	U1056914		Модель: WP32 4/128GB Green\nВиробник: OUKITEL\nГарантія: 12 міс.	4703.40	5499.00	14	1	t	12	Китай		{"ean": 6931940733045, "model": "WP32 4/128GB Green", "uktved": 8517130000, "classid": 76, "groupid": 158, "classname": "Мобільний телефон", "exclusive": 1, "productid": 100511439}	2026-04-15 10:37:23.43857+03	2026-04-15 10:37:23.438577+03	0.00	0	16	14
530	Мобільний телефон OUKITEL WP32 PRO 6/256GB Green (6931940757805)	oukitel-wp32-pro-6256gb-green-6931940757805	6931940757805	U1056915		Модель: WP32 PRO 6/256GB Green\nВиробник: OUKITEL\nГарантія: 12 міс.	5443.75	5999.00	9	1	t	12	Китай		{"ean": 6931940757805, "model": "WP32 PRO 6/256GB Green", "uktved": 8517130000, "classid": 76, "groupid": 158, "classname": "Мобільний телефон", "exclusive": 1, "productid": 100511440}	2026-04-15 10:37:23.443183+03	2026-04-15 10:37:23.44319+03	0.00	0	16	14
531	Мобільний телефон OUKITEL WP28E 4/64GB Green (6931940757690)	oukitel-wp28e-464gb-green-6931940757690	6931940757690	U1056986		Модель: WP28E 4/64GB Green\nВиробник: OUKITEL\nГарантія: 12 міс.	4572.75	5499.00	16	1	t	12	Китай		{"ean": 6931940757690, "model": "WP28E 4/64GB Green", "uktved": 8517130000, "classid": 76, "groupid": 158, "classname": "Мобільний телефон", "exclusive": 1, "productid": 100511442}	2026-04-15 10:37:23.447721+03	2026-04-15 10:37:23.447729+03	0.00	0	16	14
532	Мобільний телефон Oppo A5 PRO 5G 8/256GB Black Brown (OFCPH2695_BROWN)	oppo-a5-pro-5g-8256gb-black-brown-ofcph2695_brown	OFCPH2695_BROWN	U1059131		Модель: A5 PRO 5G 8/256GB Black Brown\nВиробник: Oppo\nГарантія: 12 міс.	9444.69	216.87	0	1	t	12	Китай		{"ean": 6932169363716, "model": "A5 PRO 5G 8/256GB Black Brown", "uktved": 8517130000, "classid": 76, "groupid": 1050, "classname": "Мобільний телефон", "productid": 100513118}	2026-04-15 10:37:23.452169+03	2026-04-15 10:37:23.452177+03	0.00	0	21	14
533	Мобільний телефон Motorola Edge 60 Fusion 8/256GB Amazonite (PB7E0036RS)	motorola-edge-60-fusion-8256gb-amazonite-pb7e0036rs	PB7E0036RS	U1060306		Модель: Edge 60 Fusion 8/256GB Amazonite\nВиробник: Motorola\nГарантія: 12 міс.	12458.35	286.07	0	1	t	12	Китай		{"ean": 840023295867, "model": "Edge 60 Fusion 8/256GB Amazonite", "uktved": 8517130000, "classid": 76, "groupid": 1050, "classname": "Мобільний телефон", "productid": 100514959}	2026-04-15 10:37:23.456624+03	2026-04-15 10:37:23.456633+03	0.00	0	18	14
534	Мобільний телефон Motorola Edge 60 Fusion 8/256GB Slipstream (PB7E0039RS)	motorola-edge-60-fusion-8256gb-slipstream-pb7e0039rs	PB7E0039RS	U1060307		Модель: Edge 60 Fusion 8/256GB Slipstream\nВиробник: Motorola\nГарантія: 12 міс.	12458.35	286.07	0	1	t	12	Китай		{"ean": 840023295898, "model": "Edge 60 Fusion 8/256GB Slipstream", "uktved": 8517130000, "classid": 76, "groupid": 1050, "classname": "Мобільний телефон", "productid": 100514960}	2026-04-15 10:37:23.461261+03	2026-04-15 10:37:23.46127+03	0.00	0	18	14
535	Мобільний телефон Motorola Edge 60 Pro 12/512GB Shadow (PB7X0068RS)	motorola-edge-60-pro-12512gb-shadow-pb7x0068rs	PB7X0068RS	U1060435		Модель: Edge 60 Pro 12/512GB Shadow\nВиробник: Motorola\nГарантія: 12 міс.	19578.77	449.57	0	1	t	12	Китай		{"ean": 840493600321, "model": "Edge 60 Pro 12/512GB Shadow", "uktved": 8517130000, "classid": 76, "groupid": 1050, "classname": "Мобільний телефон", "productid": 100514961}	2026-04-15 10:37:23.465552+03	2026-04-15 10:37:23.46556+03	0.00	0	18	14
536	Мобільний телефон Motorola Edge 60 Pro 12/512GB Dazzling Blue (PB7X0069RS)	motorola-edge-60-pro-12512gb-dazzling-blue-pb7x0069rs	PB7X0069RS	U1060436		Модель: Edge 60 Pro 12/512GB Dazzling Blue\nВиробник: Motorola\nГарантія: 12 міс.	19578.77	449.57	0	1	t	12	Китай		{"ean": 840493600338, "model": "Edge 60 Pro 12/512GB Dazzling Blue", "uktved": 8517130000, "classid": 76, "groupid": 1050, "classname": "Мобільний телефон", "productid": 100514962}	2026-04-15 10:37:23.470483+03	2026-04-15 10:37:23.470492+03	0.00	0	18	14
537	Мобільний телефон HMD 130 Music Dark Grey	hmd-130-music-dark-grey	130 Music Dark Grey	U1064979		Модель: 130 Music Dark Grey\nВиробник: HMD\nГарантія: 12 міс.	1165.40	1299.00	10	1	t	12	Китай		{"ean": 6438409101556, "model": "130 Music Dark Grey", "uktved": 8517140000, "classid": 76, "groupid": 1050, "classname": "Мобільний телефон", "productid": 100519198}	2026-04-15 10:37:23.475275+03	2026-04-15 10:37:23.475283+03	0.00	0	24	14
538	Мобільний телефон Motorola G86 8/256GB Cosmic Sky (PB7L0090RS)	motorola-g86-8256gb-cosmic-sky-pb7l0090rs	PB7L0090RS	U1071501		Модель: G86 8/256GB Cosmic Sky\nВиробник: Motorola\nГарантія: 12 міс.	10234.69	235.01	0	1	t	12	Китай		{"ean": 840023295324, "model": "G86 8/256GB Cosmic Sky", "uktved": 8517130000, "classid": 76, "groupid": 1050, "classname": "Мобільний телефон", "productid": 100524781}	2026-04-15 10:37:23.479601+03	2026-04-15 10:37:23.47962+03	0.00	0	18	14
539	Мобільний телефон Motorola G86 8/256GB Spellbound (PB7L0101RS)	motorola-g86-8256gb-spellbound-pb7l0101rs	PB7L0101RS	U1071502		Модель: G86 8/256GB Spellbound\nВиробник: Motorola\nГарантія: 12 міс.	10234.69	235.01	0	1	t	12	Китай		{"ean": 840023295454, "model": "G86 8/256GB Spellbound", "uktved": 8517130000, "classid": 76, "groupid": 1050, "classname": "Мобільний телефон", "productid": 100524782}	2026-04-15 10:37:23.483847+03	2026-04-15 10:37:23.483855+03	0.00	0	18	14
540	Мобільний телефон Motorola G86 8/256GB Chrysanthemum (PB7L0109RS)	motorola-g86-8256gb-chrysanthemum-pb7l0109rs	PB7L0109RS	U1071503		Модель: G86 8/256GB Chrysanthemum\nВиробник: Motorola\nГарантія: 12 міс.	10234.69	235.01	0	1	t	12	Китай		{"ean": 840023295539, "model": "G86 8/256GB Chrysanthemum", "uktved": 8517130000, "classid": 76, "groupid": 1050, "classname": "Мобільний телефон", "productid": 100524783}	2026-04-15 10:37:23.488628+03	2026-04-15 10:37:23.488636+03	0.00	0	18	14
541	Мобільний телефон Motorola G86 8/256GB Golden Cypress (PB7L0115RS)	motorola-g86-8256gb-golden-cypress-pb7l0115rs	PB7L0115RS	U1071504		Модель: G86 8/256GB Golden Cypress\nВиробник: Motorola\nГарантія: 12 міс.	10234.69	235.01	0	1	t	12	Китай		{"ean": 840023295591, "model": "G86 8/256GB Golden Cypress", "uktved": 8517130000, "classid": 76, "groupid": 1050, "classname": "Мобільний телефон", "productid": 100524784}	2026-04-15 10:37:23.495133+03	2026-04-15 10:37:23.495142+03	0.00	0	18	14
542	Мобільний телефон Samsung Galaxy S25 12/512Gb Blueblack (SM-S931BZKHEUC)	samsung-galaxy-s25-12512gb-blueblack-sm-s931bzkheuc	SM-S931BZKHEUC	U1071594		Модель: Galaxy S25 12/512Gb Blueblack\nВиробник: Samsung\nГарантія: 12 міс.	39160.16	899.20	0	1	t	12	В'єтнам		{"ean": 8806095815459, "model": "Galaxy S25 12/512Gb Blueblack", "uktved": 8517130000, "classid": 76, "groupid": 1050, "classname": "Мобільний телефон", "exclusive": 1, "productid": 100524790}	2026-04-15 10:37:23.499381+03	2026-04-15 10:37:23.499389+03	0.00	0	15	14
543	Мобільний телефон Samsung Galaxy S25 12/256Gb Blueblack (SM-S931BZKGEUC)	samsung-galaxy-s25-12256gb-blueblack-sm-s931bzkgeuc	SM-S931BZKGEUC	U1071595		Модель: Galaxy S25 12/256Gb Blueblack\nВиробник: Samsung\nГарантія: 12 міс.	35925.27	824.92	0	1	t	12	В'єтнам		{"ean": 8806095815503, "model": "Galaxy S25 12/256Gb Blueblack", "uktved": 8517130000, "classid": 76, "groupid": 1050, "classname": "Мобільний телефон", "exclusive": 1, "productid": 100524791}	2026-04-15 10:37:23.504877+03	2026-04-15 10:37:23.504886+03	0.00	0	15	14
544	Мобільний телефон Samsung Galaxy A07 4/128Gb Black (SM-A075FZKGSEK)	samsung-galaxy-a07-4128gb-black-sm-a075fzkgsek	SM-A075FZKGSEK	U1074754		Модель: Galaxy A07 4/128Gb Black\nВиробник: Samsung\nГарантія: 12 міс.	4765.24	109.42	0	1	t	12	Китай		{"ean": 8806097652144, "model": "Galaxy A07 4/128Gb Black", "uktved": 8517130000, "classid": 76, "groupid": 1050, "classname": "Мобільний телефон", "exclusive": 1, "productid": 100528425}	2026-04-15 10:37:23.509626+03	2026-04-15 10:37:23.509635+03	0.00	0	15	14
545	Мобільний телефон Samsung Galaxy A07 4/128Gb Green (SM-A075FZGGSEK)	samsung-galaxy-a07-4128gb-green-sm-a075fzggsek	SM-A075FZGGSEK	U1074760		Модель: Galaxy A07 4/128Gb Green\nВиробник: Samsung\nГарантія: 12 міс.	4765.24	109.42	0	1	t	12	Китай		{"ean": 8806097652427, "model": "Galaxy A07 4/128Gb Green", "uktved": 8517130000, "classid": 76, "groupid": 1050, "classname": "Мобільний телефон", "exclusive": 1, "productid": 100528426}	2026-04-15 10:37:23.513848+03	2026-04-15 10:37:23.513856+03	0.00	0	15	14
546	Мобільний телефон Samsung Galaxy A07 4/128Gb Light Violet (SM-A075FLVGSEK)	samsung-galaxy-a07-4128gb-light-violet-sm-a075flvgsek	SM-A075FLVGSEK	U1074761		Модель: Galaxy A07 4/128Gb Light Violet\nВиробник: Samsung\nГарантія: 12 міс.	4765.24	109.42	0	1	t	12	Китай		{"ean": 8806097652700, "model": "Galaxy A07 4/128Gb Light Violet", "uktved": 8517130000, "classid": 76, "groupid": 1050, "classname": "Мобільний телефон", "exclusive": 1, "productid": 100528427}	2026-04-15 10:37:23.518689+03	2026-04-15 10:37:23.518697+03	0.00	0	15	14
547	Мобільний телефон Samsung Galaxy A17 LTE 4/128Gb Black (SM-A175FZKBEUC)	samsung-galaxy-a17-lte-4128gb-black-sm-a175fzkbeuc	SM-A175FZKBEUC	U1074762		Модель: Galaxy A17 LTE 4/128Gb Black\nВиробник: Samsung\nГарантія: 12 міс.	7885.16	181.06	0	1	t	12	В'єтнам		{"ean": 8806097651185, "model": "Galaxy A17 LTE 4/128Gb Black", "uktved": 8517130000, "classid": 76, "groupid": 1050, "classname": "Мобільний телефон", "exclusive": 1, "productid": 100528428}	2026-04-15 10:37:23.523215+03	2026-04-15 10:37:23.523223+03	0.00	0	15	14
548	Мобільний телефон Samsung Galaxy A17 LTE 4/128Gb Gray (SM-A175FZABEUC)	samsung-galaxy-a17-lte-4128gb-gray-sm-a175fzabeuc	SM-A175FZABEUC	U1074763		Модель: Galaxy A17 LTE 4/128Gb Gray\nВиробник: Samsung\nГарантія: 12 міс.	7885.16	181.06	0	1	t	12	В'єтнам		{"ean": 8806097651222, "model": "Galaxy A17 LTE 4/128Gb Gray", "uktved": 8517130000, "classid": 76, "groupid": 1050, "classname": "Мобільний телефон", "exclusive": 1, "productid": 100528429}	2026-04-15 10:37:23.527354+03	2026-04-15 10:37:23.527362+03	0.00	0	15	14
549	Мобільний телефон Samsung Galaxy A17 LTE 4/128Gb Light Blue (SM-A175FLBBEUC)	samsung-galaxy-a17-lte-4128gb-light-blue-sm-a175flbbeuc	SM-A175FLBBEUC	U1074764		Модель: Galaxy A17 LTE 4/128Gb Light Blue\nВиробник: Samsung\nГарантія: 12 міс.	7835.08	179.91	0	1	t	12	В'єтнам		{"ean": 8806097651246, "model": "Galaxy A17 LTE 4/128Gb Light Blue", "uktved": 8517130000, "classid": 76, "groupid": 1050, "classname": "Мобільний телефон", "exclusive": 1, "productid": 100528430}	2026-04-15 10:37:23.531617+03	2026-04-15 10:37:23.531625+03	0.00	0	15	14
550	Мобільний телефон Samsung Galaxy A17 LTE 8/256Gb Black (SM-A175FZKEEUC)	samsung-galaxy-a17-lte-8256gb-black-sm-a175fzkeeuc	SM-A175FZKEEUC	U1074765		Модель: Galaxy A17 LTE 8/256Gb Black\nВиробник: Samsung\nГарантія: 12 міс.	9580.13	219.98	0	1	t	12	В'єтнам		{"ean": 8806097651161, "model": "Galaxy A17 LTE 8/256Gb Black", "uktved": 8517130000, "classid": 76, "groupid": 1050, "classname": "Мобільний телефон", "exclusive": 1, "productid": 100528431}	2026-04-15 10:37:23.535748+03	2026-04-15 10:37:23.535756+03	0.00	0	15	14
551	Мобільний телефон Samsung Galaxy A17 LTE 8/256Gb Gray (SM-A175FZAEEUC)	samsung-galaxy-a17-lte-8256gb-gray-sm-a175fzaeeuc	SM-A175FZAEEUC	U1074767		Модель: Galaxy A17 LTE 8/256Gb Gray\nВиробник: Samsung\nГарантія: 12 міс.	9580.13	219.98	0	1	t	12	В'єтнам		{"ean": 8806097651208, "model": "Galaxy A17 LTE 8/256Gb Gray", "uktved": 8517130000, "classid": 76, "groupid": 1050, "classname": "Мобільний телефон", "exclusive": 1, "productid": 100528432}	2026-04-15 10:37:23.539806+03	2026-04-15 10:37:23.539813+03	0.00	0	15	14
552	Мобільний телефон Samsung Galaxy A17 LTE 8/256Gb Light Blue (SM-A175FLBEEUC)	samsung-galaxy-a17-lte-8256gb-light-blue-sm-a175flbeeuc	SM-A175FLBEEUC	U1074769		Модель: Galaxy A17 LTE 8/256Gb Light Blue\nВиробник: Samsung\nГарантія: 12 міс.	9580.13	219.98	0	1	t	12	В'єтнам		{"ean": 8806097651253, "model": "Galaxy A17 LTE 8/256Gb Light Blue", "uktved": 8517130000, "classid": 76, "groupid": 1050, "classname": "Мобільний телефон", "exclusive": 1, "productid": 100528433}	2026-04-15 10:37:23.543872+03	2026-04-15 10:37:23.543879+03	0.00	0	15	14
553	Мобільний телефон Samsung Galaxy Fold7 16/1Tb Blue Shadow (SM-F966BDBNSEK)	samsung-galaxy-fold7-161tb-blue-shadow-sm-f966bdbnsek	SM-F966BDBNSEK	U1074946		Модель: Galaxy Fold7 16/1Tb Blue Shadow\nВиробник: Samsung\nГарантія: 12 міс.	80300.10	1843.86	0	1	t	12	В'єтнам		{"ean": 8806097440222, "model": "Galaxy Fold7 16/1Tb Blue Shadow", "uktved": 8517130000, "classid": 76, "groupid": 1050, "classname": "Мобільний телефон", "exclusive": 1, "productid": 100528434}	2026-04-15 10:37:23.548541+03	2026-04-15 10:37:23.548548+03	0.00	0	15	14
554	Мобільний телефон Samsung Galaxy Fold7 16/1Tb Jetblack (SM-F966BZKNSEK)	samsung-galaxy-fold7-161tb-jetblack-sm-f966bzknsek	SM-F966BZKNSEK	U1074949		Модель: Galaxy Fold7 16/1Tb Jetblack\nВиробник: Samsung\nГарантія: 12 міс.	80300.10	1843.86	0	1	t	12	В'єтнам		{"ean": 8806097439998, "model": "Galaxy Fold7 16/1Tb Jetblack", "uktved": 8517130000, "classid": 76, "groupid": 1050, "classname": "Мобільний телефон", "exclusive": 1, "productid": 100528435}	2026-04-15 10:37:23.552753+03	2026-04-15 10:37:23.552761+03	0.00	0	15	14
555	Мобільний телефон Samsung Galaxy Fold7 12/512Gb Blue Shadow (SM-F966BDBCSEK)	samsung-galaxy-fold7-12512gb-blue-shadow-sm-f966bdbcsek	SM-F966BDBCSEK	U1074950		Модель: Galaxy Fold7 12/512Gb Blue Shadow\nВиробник: Samsung\nГарантія: 12 міс.	72299.97	1660.16	0	1	t	12	В'єтнам		{"ean": 8806097440437, "model": "Galaxy Fold7 12/512Gb Blue Shadow", "uktved": 8517130000, "classid": 76, "groupid": 1050, "classname": "Мобільний телефон", "exclusive": 1, "productid": 100528436}	2026-04-15 10:37:23.556821+03	2026-04-15 10:37:23.556829+03	0.00	0	15	14
556	Мобільний телефон Samsung Galaxy Fold7 12/512Gb Jetblack (SM-F966BZKCSEK)	samsung-galaxy-fold7-12512gb-jetblack-sm-f966bzkcsek	SM-F966BZKCSEK	U1074951		Модель: Galaxy Fold7 12/512Gb Jetblack\nВиробник: Samsung\nГарантія: 12 міс.	72299.97	1660.16	0	1	t	12	В'єтнам		{"ean": 8806097440208, "model": "Galaxy Fold7 12/512Gb Jetblack", "uktved": 8517130000, "classid": 76, "groupid": 1050, "classname": "Мобільний телефон", "exclusive": 1, "productid": 100528437}	2026-04-15 10:37:23.560859+03	2026-04-15 10:37:23.560867+03	0.00	0	15	14
557	Мобільний телефон Samsung Galaxy Fold7 12/512Gb Silver Shadow (SM-F966BZSCSEK)	samsung-galaxy-fold7-12512gb-silver-shadow-sm-f966bzscsek	SM-F966BZSCSEK	U1074952		Модель: Galaxy Fold7 12/512Gb Silver Shadow\nВиробник: Samsung\nГарантія: 12 міс.	72299.97	1660.16	0	1	t	12	В'єтнам		{"ean": 8806097439974, "model": "Galaxy Fold7 12/512Gb Silver Shadow", "uktved": 8517130000, "classid": 76, "groupid": 1050, "classname": "Мобільний телефон", "exclusive": 1, "productid": 100528438}	2026-04-15 10:37:23.565892+03	2026-04-15 10:37:23.5659+03	0.00	0	15	14
558	Мобільний телефон Samsung Galaxy Fold7 12/256Gb Blue Shadow (SM-F966BDBBSEK)	samsung-galaxy-fold7-12256gb-blue-shadow-sm-f966bdbbsek	SM-F966BDBBSEK	U1074953		Модель: Galaxy Fold7 12/256Gb Blue Shadow\nВиробник: Samsung\nГарантія: 12 міс.	68749.77	1578.64	0	1	t	12	В'єтнам		{"ean": 8806097440444, "model": "Galaxy Fold7 12/256Gb Blue Shadow", "uktved": 8517130000, "classid": 76, "groupid": 1050, "classname": "Мобільний телефон", "exclusive": 1, "productid": 100528439}	2026-04-15 10:37:23.570657+03	2026-04-15 10:37:23.570664+03	0.00	0	15	14
559	Мобільний телефон Samsung Galaxy Fold7 12/256Gb Jetblack (SM-F966BZKBSEK)	samsung-galaxy-fold7-12256gb-jetblack-sm-f966bzkbsek	SM-F966BZKBSEK	U1074955		Модель: Galaxy Fold7 12/256Gb Jetblack\nВиробник: Samsung\nГарантія: 12 міс.	68749.77	1578.64	0	1	t	12	В'єтнам		{"ean": 8806097440215, "model": "Galaxy Fold7 12/256Gb Jetblack", "uktved": 8517130000, "classid": 76, "groupid": 1050, "classname": "Мобільний телефон", "exclusive": 1, "productid": 100528440}	2026-04-15 10:37:23.575008+03	2026-04-15 10:37:23.575016+03	0.00	0	15	14
560	Мобільний телефон Samsung Galaxy Fold7 12/256Gb Silver Shadow (SM-F966BZSBSEK)	samsung-galaxy-fold7-12256gb-silver-shadow-sm-f966bzsbsek	SM-F966BZSBSEK	U1074957		Модель: Galaxy Fold7 12/256Gb Silver Shadow\nВиробник: Samsung\nГарантія: 12 міс.	68749.77	1578.64	0	1	t	12	В'єтнам		{"ean": 8806097439981, "model": "Galaxy Fold7 12/256Gb Silver Shadow", "uktved": 8517130000, "classid": 76, "groupid": 1050, "classname": "Мобільний телефон", "exclusive": 1, "productid": 100528441}	2026-04-15 10:37:23.582358+03	2026-04-15 10:37:23.582377+03	0.00	0	15	14
561	Мобільний телефон Samsung Galaxy Flip7 12/512Gb Jetblack (SM-F766BZKHSEK)	samsung-galaxy-flip7-12512gb-jetblack-sm-f766bzkhsek	SM-F766BZKHSEK	U1074965		Модель: Galaxy Flip7 12/512Gb Jetblack\nВиробник: Samsung\nГарантія: 12 міс.	43750.33	1004.60	0	1	t	12	В'єтнам		{"ean": 8806097497523, "model": "Galaxy Flip7 12/512Gb Jetblack", "uktved": 8517130000, "classid": 76, "groupid": 1050, "classname": "Мобільний телефон", "exclusive": 1, "productid": 100528444}	2026-04-15 10:37:23.591363+03	2026-04-15 10:37:23.591381+03	0.00	0	15	14
562	Мобільний телефон Samsung Galaxy Flip7 12/256Gb Blue Shadow (SM-F766BDBGSEK)	samsung-galaxy-flip7-12256gb-blue-shadow-sm-f766bdbgsek	SM-F766BDBGSEK	U1074966		Модель: Galaxy Flip7 12/256Gb Blue Shadow\nВиробник: Samsung\nГарантія: 12 міс.	40150.05	921.93	0	1	t	12	В'єтнам		{"ean": 8806097440857, "model": "Galaxy Flip7 12/256Gb Blue Shadow", "uktved": 8517130000, "classid": 76, "groupid": 1050, "classname": "Мобільний телефон", "exclusive": 1, "productid": 100528445}	2026-04-15 10:37:23.598483+03	2026-04-15 10:37:23.598498+03	0.00	0	15	14
563	Мобільний телефон Samsung Galaxy Flip7 FE 8/128Gb Black (SM-F761BZKGSEK)	samsung-galaxy-flip7-fe-8128gb-black-sm-f761bzkgsek	SM-F761BZKGSEK	U1074974		Модель: Galaxy Flip7 FE 8/128Gb Black\nВиробник: Samsung\nГарантія: 12 міс.	33499.96	769.23	0	1	t	12	В'єтнам		{"ean": 8806097441649, "model": "Galaxy Flip7 FE 8/128Gb Black", "uktved": 8517130000, "classid": 76, "groupid": 1050, "classname": "Мобільний телефон", "exclusive": 1, "productid": 100528450}	2026-04-15 10:37:23.605404+03	2026-04-15 10:37:23.605423+03	0.00	0	15	14
564	Мобільний телефон realme C71 6/128GB Forest Owl	realme-c71-6128gb-forest-owl	C71 6/128GB Forest Owl	U1075198		Модель: C71 6/128GB Forest Owl\nВиробник: realme\nГарантія: 12 міс.	5159.80	118.48	0	1	t	12	Китай		{"ean": 6941764465589, "model": "C71 6/128GB Forest Owl", "uktved": 8517130000, "classid": 76, "groupid": 1050, "classname": "Мобільний телефон", "productid": 100528911}	2026-04-15 10:37:23.612567+03	2026-04-15 10:37:23.612586+03	0.00	0	27	14
565	Мобільний телефон realme C71 6/128GB White Swan	realme-c71-6128gb-white-swan	C71 6/128GB White Swan	U1075199		Модель: C71 6/128GB White Swan\nВиробник: realme\nГарантія: 12 міс.	5159.80	118.48	0	1	t	12	Китай		{"ean": 6941764465596, "model": "C71 6/128GB White Swan", "uktved": 8517130000, "classid": 76, "groupid": 1050, "classname": "Мобільний телефон", "productid": 100528912}	2026-04-15 10:37:23.619193+03	2026-04-15 10:37:23.619209+03	0.00	0	27	14
566	Мобільний телефон Infinix Smart 10 Plus 4/128Gb Sleek Black (4894947091179)	infinix-smart-10-plus-4128gb-sleek-black-4894947091179	4894947091179	U1075213		Модель: Smart 10 Plus 4/128Gb Sleek Black\nВиробник: Infinix\nГарантія: 12 міс.	4729.97	108.61	0	1	t	12	Китай		{"ean": 4894947091179, "model": "Smart 10 Plus 4/128Gb Sleek Black", "uktved": 8517130000, "classid": 76, "groupid": 1050, "classname": "Мобільний телефон", "productid": 100528915}	2026-04-15 10:37:23.626141+03	2026-04-15 10:37:23.62616+03	0.00	0	23	14
567	Мобільний телефон Infinix Smart 10 Plus 4/128Gb Titanium Silver (4894947091186)	infinix-smart-10-plus-4128gb-titanium-silver-4894947091186	4894947091186	U1075223		Модель: Smart 10 Plus 4/128Gb Titanium Silver\nВиробник: Infinix\nГарантія: 12 міс.	4729.97	108.61	0	1	t	12	Китай		{"ean": 4894947091186, "model": "Smart 10 Plus 4/128Gb Titanium Silver", "uktved": 8517130000, "classid": 76, "groupid": 1050, "classname": "Мобільний телефон", "productid": 100528916}	2026-04-15 10:37:23.632971+03	2026-04-15 10:37:23.632986+03	0.00	0	23	14
568	Мобільний телефон Infinix Smart 10 Plus 4/128Gb Iris Blue (4894947091193)	infinix-smart-10-plus-4128gb-iris-blue-4894947091193	4894947091193	U1075224		Модель: Smart 10 Plus 4/128Gb Iris Blue\nВиробник: Infinix\nГарантія: 12 міс.	4729.97	108.61	0	1	t	12	Китай		{"ean": 4894947091193, "model": "Smart 10 Plus 4/128Gb Iris Blue", "uktved": 8517130000, "classid": 76, "groupid": 1050, "classname": "Мобільний телефон", "productid": 100528917}	2026-04-15 10:37:23.64012+03	2026-04-15 10:37:23.640136+03	0.00	0	23	14
569	Мобільний телефон Oppo A5 6/128GB Aurora Green (OFCPH2727_GREEN _6/128)	oppo-a5-6128gb-aurora-green-ofcph2727_green-_6128	OFCPH2727_GREEN _6/128	U1080074		Модель: A5 6/128GB Aurora Green\nВиробник: Oppo\nГарантія: 12 міс.	5523.88	126.84	0	1	t	12	Китай		{"ean": 6932169372152, "model": "A5 6/128GB Aurora Green", "uktved": 8517130000, "classid": 76, "groupid": 1050, "classname": "Мобільний телефон", "productid": 100533218}	2026-04-15 10:37:23.647597+03	2026-04-15 10:37:23.647628+03	0.00	0	21	14
570	Мобільний телефон Oppo A5 6/128GB Mist White (OFCPH2727_WHITE _6/128)	oppo-a5-6128gb-mist-white-ofcph2727_white-_6128	OFCPH2727_WHITE _6/128	U1080075		Модель: A5 6/128GB Mist White\nВиробник: Oppo\nГарантія: 12 міс.	5523.88	126.84	0	1	t	12	Китай		{"ean": 6932169372169, "model": "A5 6/128GB Mist White", "uktved": 8517130000, "classid": 76, "groupid": 1050, "classname": "Мобільний телефон", "productid": 100533219}	2026-04-15 10:37:23.654263+03	2026-04-15 10:37:23.654272+03	0.00	0	21	14
571	Мобільний телефон Samsung Galaxy S25 Edge 12/256Gb Titanium Icyblue (SM-S937BLBDEUC)	samsung-galaxy-s25-edge-12256gb-titanium-icyblue-sm-s937blbdeuc	SM-S937BLBDEUC	U1082197		Модель: Galaxy S25 Edge 12/256Gb Titanium Icyblue\nВиробник: Samsung\nГарантія: 12 міс.	35700.11	819.75	0	1	t	12	В'єтнам		{"ean": 8806097351016, "model": "Galaxy S25 Edge 12/256Gb Titanium Icyblue", "uktved": 8517130000, "classid": 76, "groupid": 1050, "classname": "Мобільний телефон", "exclusive": 1, "productid": 100535128}	2026-04-15 10:37:23.659119+03	2026-04-15 10:37:23.659127+03	0.00	0	15	14
572	Мобільний телефон Samsung Galaxy S25 FE 8/512Gb Jetblack (SM-S731BZKIEUC)	samsung-galaxy-s25-fe-8512gb-jetblack-sm-s731bzkieuc	SM-S731BZKIEUC	U1082206		Модель: Galaxy S25 FE 8/512Gb Jetblack\nВиробник: Samsung\nГарантія: 12 міс.	30295.12	695.64	0	1	t	12	В'єтнам		{"ean": 8806097644613, "model": "Galaxy S25 FE 8/512Gb Jetblack", "uktved": 8517130000, "classid": 76, "groupid": 1050, "classname": "Мобільний телефон", "exclusive": 1, "productid": 100535134}	2026-04-15 10:37:23.664085+03	2026-04-15 10:37:23.664093+03	0.00	0	15	14
573	Мобільний телефон Samsung Galaxy S25 FE 8/512Gb Icyblue (SM-S731BLBIEUC)	samsung-galaxy-s25-fe-8512gb-icyblue-sm-s731blbieuc	SM-S731BLBIEUC	U1082213		Модель: Galaxy S25 FE 8/512Gb Icyblue\nВиробник: Samsung\nГарантія: 12 міс.	30295.12	695.64	0	1	t	12	В'єтнам		{"ean": 8806097644767, "model": "Galaxy S25 FE 8/512Gb Icyblue", "uktved": 8517130000, "classid": 76, "groupid": 1050, "classname": "Мобільний телефон", "exclusive": 1, "productid": 100535136}	2026-04-15 10:37:23.668878+03	2026-04-15 10:37:23.668886+03	0.00	0	15	14
574	Мобільний телефон Samsung Galaxy S25 FE 8/512Gb White (SM-S731BZWIEUC)	samsung-galaxy-s25-fe-8512gb-white-sm-s731bzwieuc	SM-S731BZWIEUC	U1082214		Модель: Galaxy S25 FE 8/512Gb White\nВиробник: Samsung\nГарантія: 12 міс.	30295.12	695.64	0	1	t	12	В'єтнам		{"ean": 8806097644453, "model": "Galaxy S25 FE 8/512Gb White", "uktved": 8517130000, "classid": 76, "groupid": 1050, "classname": "Мобільний телефон", "exclusive": 1, "productid": 100535137}	2026-04-15 10:37:23.674602+03	2026-04-15 10:37:23.674619+03	0.00	0	15	14
575	Мобільний телефон Samsung Galaxy S25 FE 8/256Gb Jetblack (SM-S731BZKGEUC)	samsung-galaxy-s25-fe-8256gb-jetblack-sm-s731bzkgeuc	SM-S731BZKGEUC	U1082215		Модель: Galaxy S25 FE 8/256Gb Jetblack\nВиробник: Samsung\nГарантія: 12 міс.	27415.16	629.51	0	1	t	12	В'єтнам		{"ean": 8806097644668, "model": "Galaxy S25 FE 8/256Gb Jetblack", "uktved": 8517130000, "classid": 76, "groupid": 1050, "classname": "Мобільний телефон", "exclusive": 1, "productid": 100535138}	2026-04-15 10:37:23.679073+03	2026-04-15 10:37:23.679082+03	0.00	0	15	14
576	Мобільний телефон Samsung Galaxy S25 FE 8/256Gb Icyblue (SM-S731BLBGEUC)	samsung-galaxy-s25-fe-8256gb-icyblue-sm-s731blbgeuc	SM-S731BLBGEUC	U1082216		Модель: Galaxy S25 FE 8/256Gb Icyblue\nВиробник: Samsung\nГарантія: 12 міс.	27415.16	629.51	0	1	t	12	В'єтнам		{"ean": 8806097644811, "model": "Galaxy S25 FE 8/256Gb Icyblue", "uktved": 8517130000, "classid": 76, "groupid": 1050, "classname": "Мобільний телефон", "exclusive": 1, "productid": 100535139}	2026-04-15 10:37:23.683865+03	2026-04-15 10:37:23.683873+03	0.00	0	15	14
577	Мобільний телефон Samsung Galaxy S25 FE 8/256Gb Navy (SM-S731BDBGEUC)	samsung-galaxy-s25-fe-8256gb-navy-sm-s731bdbgeuc	SM-S731BDBGEUC	U1082217		Модель: Galaxy S25 FE 8/256Gb Navy\nВиробник: Samsung\nГарантія: 12 міс.	27415.16	629.51	0	1	t	12	В'єтнам		{"ean": 8806097644965, "model": "Galaxy S25 FE 8/256Gb Navy", "uktved": 8517130000, "classid": 76, "groupid": 1050, "classname": "Мобільний телефон", "exclusive": 1, "productid": 100535140}	2026-04-15 10:37:23.688523+03	2026-04-15 10:37:23.68853+03	0.00	0	15	14
578	Мобільний телефон Samsung Galaxy S25 FE 8/256Gb White (SM-S731BZWGEUC)	samsung-galaxy-s25-fe-8256gb-white-sm-s731bzwgeuc	SM-S731BZWGEUC	U1082219		Модель: Galaxy S25 FE 8/256Gb White\nВиробник: Samsung\nГарантія: 12 міс.	27415.16	629.51	0	1	t	12	В'єтнам		{"ean": 8806097644507, "model": "Galaxy S25 FE 8/256Gb White", "uktved": 8517130000, "classid": 76, "groupid": 1050, "classname": "Мобільний телефон", "exclusive": 1, "productid": 100535141}	2026-04-15 10:37:23.693237+03	2026-04-15 10:37:23.693245+03	0.00	0	15	14
579	Мобільний телефон Samsung Galaxy S25 FE 8/128Gb Jetblack (SM-S731BZKDEUC)	samsung-galaxy-s25-fe-8128gb-jetblack-sm-s731bzkdeuc	SM-S731BZKDEUC	U1082220		Модель: Galaxy S25 FE 8/128Gb Jetblack\nВиробник: Samsung\nГарантія: 12 міс.	25479.80	585.07	0	1	t	12	В'єтнам		{"ean": 8806097644712, "model": "Galaxy S25 FE 8/128Gb Jetblack", "uktved": 8517130000, "classid": 76, "groupid": 1050, "classname": "Мобільний телефон", "exclusive": 1, "productid": 100535142}	2026-04-15 10:37:23.697752+03	2026-04-15 10:37:23.69776+03	0.00	0	15	14
580	Мобільний телефон Infinix Smart 10 4/128Gb Sleek Black (4894947084423)	infinix-smart-10-4128gb-sleek-black-4894947084423	4894947084423	U1087746		Модель: Smart 10 4/128Gb Sleek Black\nВиробник: Infinix\nГарантія: 12 міс.	4396.37	100.95	0	1	t	12	Китай		{"ean": 4894947084423, "model": "Smart 10 4/128Gb Sleek Black", "uktved": 8517130000, "classid": 76, "groupid": 1050, "classname": "Мобільний телефон", "productid": 100539610}	2026-04-15 10:37:23.702172+03	2026-04-15 10:37:23.70218+03	0.00	0	23	14
581	Мобільний телефон Infinix Smart 10 4/128Gb Titanium Silver (4894947084461)	infinix-smart-10-4128gb-titanium-silver-4894947084461	4894947084461	U1087747		Модель: Smart 10 4/128Gb Titanium Silver\nВиробник: Infinix\nГарантія: 12 міс.	4396.37	100.95	0	1	t	12	Китай		{"ean": 4894947084461, "model": "Smart 10 4/128Gb Titanium Silver", "uktved": 8517130000, "classid": 76, "groupid": 1050, "classname": "Мобільний телефон", "productid": 100539611}	2026-04-15 10:37:23.706646+03	2026-04-15 10:37:23.706654+03	0.00	0	23	14
582	Мобільний телефон Infinix Hot 60i 4/128Gb Sleek Black (4894947093562)	infinix-hot-60i-4128gb-sleek-black-4894947093562	4894947093562	U1087750		Модель: Hot 60i 4/128Gb Sleek Black\nВиробник: Infinix\nГарантія: 12 міс.	5245.16	120.44	0	1	t	12	Китай		{"ean": 4894947093562, "model": "Hot 60i 4/128Gb Sleek Black", "uktved": 8517130000, "classid": 76, "groupid": 1050, "classname": "Мобільний телефон", "productid": 100539614}	2026-04-15 10:37:23.710714+03	2026-04-15 10:37:23.710722+03	0.00	0	23	14
583	Мобільний телефон realme Note 70 4/128GB Beach Gold	realme-note-70-4128gb-beach-gold	Note 70 4/128GB Beach Gold	U1088074		Модель: Note 70 4/128GB Beach Gold\nВиробник: realme\nГарантія: 12 міс.	4429.03	101.70	0	1	t	12	Китай		{"ean": 6941764470729, "model": "Note 70 4/128GB Beach Gold", "uktved": 8517130000, "classid": 76, "groupid": 1050, "classname": "Мобільний телефон", "productid": 100540092}	2026-04-15 10:37:23.714967+03	2026-04-15 10:37:23.714975+03	0.00	0	27	14
584	Мобільний телефон realme Note 70 4/128GB Obsidian Black	realme-note-70-4128gb-obsidian-black	Note 70 4/128GB Obsidian Black	U1088076		Модель: Note 70 4/128GB Obsidian Black\nВиробник: realme\nГарантія: 12 міс.	4429.03	101.70	0	1	t	12	Китай		{"ean": 6941764470514, "model": "Note 70 4/128GB Obsidian Black", "uktved": 8517130000, "classid": 76, "groupid": 1050, "classname": "Мобільний телефон", "productid": 100540093}	2026-04-15 10:37:23.720031+03	2026-04-15 10:37:23.720039+03	0.00	0	27	14
585	Мобільний телефон OUKITEL WP100 TITAN 12/512GB Black (6931940792752)	oukitel-wp100-titan-12512gb-black-6931940792752	6931940792752	U1089509		Модель: WP100 TITAN 12/512GB Black\nВиробник: OUKITEL\nГарантія: 12 міс.	24823.50	26999.00	8	1	t	12	Китай		{"ean": 6931940792752, "model": "WP100 TITAN 12/512GB Black", "uktved": 8517130000, "classid": 76, "groupid": 158, "classname": "Мобільний телефон", "exclusive": 1, "productid": 100541916}	2026-04-15 10:37:23.725431+03	2026-04-15 10:37:23.72544+03	0.00	0	16	14
586	Мобільний телефон OUKITEL WP35 Pro 12/512GB Gray (6931940795289)	oukitel-wp35-pro-12512gb-gray-6931940795289	6931940795289	U1089512		Модель: WP35 Pro 12/512GB Gray\nВиробник: OUKITEL\nГарантія: 12 міс.	10452.00	10999.00	4	1	t	12	Китай		{"ean": 6931940795289, "model": "WP35 Pro 12/512GB Gray", "uktved": 8517130000, "classid": 76, "groupid": 158, "classname": "Мобільний телефон", "exclusive": 1, "productid": 100541917}	2026-04-15 10:37:23.730367+03	2026-04-15 10:37:23.730377+03	0.00	0	16	14
587	Мобільний телефон OUKITEL WP56 12/512GB Black (6941749811516)	oukitel-wp56-12512gb-black-6941749811516	6941749811516	U1089520		Модель: WP56 12/512GB Black\nВиробник: OUKITEL\nГарантія: 12 міс.	13936.00	14999.00	7	1	t	12	Китай		{"ean": 6941749811516, "model": "WP56 12/512GB Black", "uktved": 8517130000, "classid": 76, "groupid": 158, "classname": "Мобільний телефон", "exclusive": 1, "productid": 100541920}	2026-04-15 10:37:23.735183+03	2026-04-15 10:37:23.735191+03	0.00	0	16	14
588	Мобільний телефон OUKITEL WP53 8/128GB Black (6941749820686)	oukitel-wp53-8128gb-black-6941749820686	6941749820686	U1089521		Модель: WP53 8/128GB Black\nВиробник: OUKITEL\nГарантія: 12 міс.	6968.00	7999.00	12	1	t	12	Китай		{"ean": 6941749820686, "model": "WP53 8/128GB Black", "uktved": 8517130000, "classid": 76, "groupid": 158, "classname": "Мобільний телефон", "exclusive": 1, "productid": 100541921}	2026-04-15 10:37:23.739672+03	2026-04-15 10:37:23.73968+03	0.00	0	16	14
589	Мобільний телефон Xiaomi Redmi 15C 8/256GB Midnight Black (1163429)	xiaomi-redmi-15c-8256gb-midnight-black-1163429	1163429	U1090206		Модель: Redmi 15C 8/256GB Midnight Black\nВиробник: Xiaomi\nГарантія: 12 міс.	6659.23	152.91	0	1	t	12	Китай		{"ean": 6932554446826, "model": "Redmi 15C 8/256GB Midnight Black", "uktved": 8517130000, "classid": 76, "groupid": 1050, "classname": "Мобільний телефон", "productid": 100542375}	2026-04-15 10:37:23.743783+03	2026-04-15 10:37:23.743791+03	0.00	0	25	14
590	Мобільний телефон Xiaomi Redmi 15C 8/256GB Moonlight Blue (1163431)	xiaomi-redmi-15c-8256gb-moonlight-blue-1163431	1163431	U1090207		Модель: Redmi 15C 8/256GB Moonlight Blue\nВиробник: Xiaomi\nГарантія: 12 міс.	6659.23	152.91	0	1	t	12	Китай		{"ean": 6932554455361, "model": "Redmi 15C 8/256GB Moonlight Blue", "uktved": 8517130000, "classid": 76, "groupid": 1050, "classname": "Мобільний телефон", "productid": 100542376}	2026-04-15 10:37:23.748024+03	2026-04-15 10:37:23.748032+03	0.00	0	25	14
591	Мобільний телефон Xiaomi Redmi 15C 8/256GB Mint Green (1163430)	xiaomi-redmi-15c-8256gb-mint-green-1163430	1163430	U1090208		Модель: Redmi 15C 8/256GB Mint Green\nВиробник: Xiaomi\nГарантія: 12 міс.	6659.23	152.91	0	1	t	12	Китай		{"ean": 6932554455385, "model": "Redmi 15C 8/256GB Mint Green", "uktved": 8517130000, "classid": 76, "groupid": 1050, "classname": "Мобільний телефон", "productid": 100542377}	2026-04-15 10:37:23.752985+03	2026-04-15 10:37:23.752993+03	0.00	0	25	14
592	Мобільний телефон Xiaomi Redmi 15C 4/128GB Midnight Black (1163425)	xiaomi-redmi-15c-4128gb-midnight-black-1163425	1163425	U1090211		Модель: Redmi 15C 4/128GB Midnight Black\nВиробник: Xiaomi\nГарантія: 12 міс.	5398.89	123.97	0	1	t	12	Китай		{"ean": 6932554446819, "model": "Redmi 15C 4/128GB Midnight Black", "uktved": 8517130000, "classid": 76, "groupid": 1050, "classname": "Мобільний телефон", "productid": 100542379}	2026-04-15 10:37:23.757156+03	2026-04-15 10:37:23.757163+03	0.00	0	25	14
593	Мобільний телефон Xiaomi Redmi 15C 4/128GB Moonlight Blue (1163427)	xiaomi-redmi-15c-4128gb-moonlight-blue-1163427	1163427	U1090212		Модель: Redmi 15C 4/128GB Moonlight Blue\nВиробник: Xiaomi\nГарантія: 12 міс.	5398.89	123.97	0	1	t	12	Китай		{"ean": 6932554455606, "model": "Redmi 15C 4/128GB Moonlight Blue", "uktved": 8517130000, "classid": 76, "groupid": 1050, "classname": "Мобільний телефон", "productid": 100542380}	2026-04-15 10:37:23.761273+03	2026-04-15 10:37:23.761281+03	0.00	0	25	14
594	Мобільний телефон Xiaomi Redmi 15C 4/128GB Mint Green (1163426)	xiaomi-redmi-15c-4128gb-mint-green-1163426	1163426	U1090213		Модель: Redmi 15C 4/128GB Mint Green\nВиробник: Xiaomi\nГарантія: 12 міс.	5398.89	123.97	0	1	t	12	Китай		{"ean": 6932554455309, "model": "Redmi 15C 4/128GB Mint Green", "uktved": 8517130000, "classid": 76, "groupid": 1050, "classname": "Мобільний телефон", "productid": 100542381}	2026-04-15 10:37:23.765773+03	2026-04-15 10:37:23.765781+03	0.00	0	25	14
595	Мобільний телефон Tecno Spark 40 8/256Gb Ink Black (4894947091551)	tecno-spark-40-8256gb-ink-black-4894947091551	4894947091551	U1090321		Модель: Spark 40 8/256Gb Ink Black\nВиробник: Tecno\nГарантія: 13 міс.	6380.51	146.51	0	1	t	13	Китай		{"ean": 4894947091551, "model": "Spark 40 8/256Gb Ink Black", "uktved": 8517130000, "classid": 76, "groupid": 1050, "classname": "Мобільний телефон", "productid": 100542390}	2026-04-15 10:37:23.769816+03	2026-04-15 10:37:23.769824+03	0.00	0	20	14
596	Мобільний телефон OUKITEL WP100 12/512GB Black (6931940792769)	oukitel-wp100-12512gb-black-6931940792769	6931940792769	U1091212		Модель: WP100 12/512GB Black\nВиробник: OUKITEL\nГарантія: 12 міс.	19597.50	21999.00	10	1	t	12	Китай		{"ean": 6931940792769, "model": "WP100 12/512GB Black", "uktved": 8517130000, "classid": 76, "groupid": 158, "classname": "Мобільний телефон", "exclusive": 1, "productid": 100543358}	2026-04-15 10:37:23.774076+03	2026-04-15 10:37:23.774084+03	0.00	0	16	14
597	Мобільний телефон Oppo Reno14 F 5G 8/256GB Opal Blue (OFCPH2743 _BLUE_8/256)	oppo-reno14-f-5g-8256gb-opal-blue-ofcph2743-_blue_8256	OFCPH2743 _BLUE_8/256	U1094376		Модель: Reno14 F 5G 8/256GB Opal Blue\nВиробник: Oppo\nГарантія: 12 міс.	12749.26	292.75	0	1	t	12	Китай		{"ean": 6932169376679, "model": "Reno14 F 5G 8/256GB Opal Blue", "uktved": 8517130000, "classid": 76, "groupid": 1050, "classname": "Мобільний телефон", "productid": 100546208}	2026-04-15 10:37:23.778221+03	2026-04-15 10:37:23.778229+03	0.00	0	21	14
598	Мобільний телефон Oppo Reno14 F 5G 8/256GB Luminous Green (OFCPH2743 _GREEN _8/256)	oppo-reno14-f-5g-8256gb-luminous-green-ofcph2743-_green-_8256	OFCPH2743 _GREEN _8/256	U1094379		Модель: Reno14 F 5G 8/256GB Luminous Green\nВиробник: Oppo\nГарантія: 12 міс.	12749.26	292.75	0	1	t	12	Китай		{"ean": 6932169376662, "model": "Reno14 F 5G 8/256GB Luminous Green", "uktved": 8517130000, "classid": 76, "groupid": 1050, "classname": "Мобільний телефон", "productid": 100546209}	2026-04-15 10:37:23.782995+03	2026-04-15 10:37:23.783003+03	0.00	0	21	14
599	Мобільний телефон 2E E280 2025 Black (694743656220)	2e-e280-2025-black-694743656220	694743656220	U1096839		Модель: E280 2025 Black\nВиробник: 2E\nГарантія: 12 міс.	720.32	879.00	18	1	t	12	Китай		{"ean": 694743656220, "model": "E280 2025 Black", "uktved": 8517140000, "classid": 76, "groupid": 1050, "classname": "Мобільний телефон", "productid": 100548654}	2026-04-15 10:37:23.787266+03	2026-04-15 10:37:23.787274+03	0.00	0	17	14
600	Мобільний телефон Xiaomi Poco C85 6/128Gb Green (1163434)	xiaomi-poco-c85-6128gb-green-1163434	1163434	U1096864		Модель: Poco C85 6/128Gb Green\nВиробник: Xiaomi\nГарантія: 12 міс.	5519.09	126.73	0	1	t	12	Китай		{"ean": 6932554457228, "model": "Poco C85 6/128Gb Green", "uktved": 8517130000, "classid": 76, "groupid": 1050, "classname": "Мобільний телефон", "productid": 100548657}	2026-04-15 10:37:23.791812+03	2026-04-15 10:37:23.79182+03	0.00	0	25	14
601	Мобільний телефон Xiaomi Poco C85 6/128Gb Purple (1163435)	xiaomi-poco-c85-6128gb-purple-1163435	1163435	U1096865		Модель: Poco C85 6/128Gb Purple\nВиробник: Xiaomi\nГарантія: 12 міс.	5519.09	126.73	0	1	t	12	Китай		{"ean": 6932554457273, "model": "Poco C85 6/128Gb Purple", "uktved": 8517130000, "classid": 76, "groupid": 1050, "classname": "Мобільний телефон", "productid": 100548658}	2026-04-15 10:37:23.795887+03	2026-04-15 10:37:23.795895+03	0.00	0	25	14
602	Мобільний телефон Xiaomi Poco C85 8/256Gb Green (1163437)	xiaomi-poco-c85-8256gb-green-1163437	1163437	U1096868		Модель: Poco C85 8/256Gb Green\nВиробник: Xiaomi\nГарантія: 12 міс.	6438.87	147.85	0	1	t	12	Китай		{"ean": 6932554457013, "model": "Poco C85 8/256Gb Green", "uktved": 8517130000, "classid": 76, "groupid": 1050, "classname": "Мобільний телефон", "productid": 100548660}	2026-04-15 10:37:23.799981+03	2026-04-15 10:37:23.799989+03	0.00	0	25	14
603	Мобільний телефон Xiaomi Poco C85 8/256Gb Purple (1163438)	xiaomi-poco-c85-8256gb-purple-1163438	1163438	U1096869		Модель: Poco C85 8/256Gb Purple\nВиробник: Xiaomi\nГарантія: 12 міс.	6438.87	147.85	0	1	t	12	Китай		{"ean": 6932554457341, "model": "Poco C85 8/256Gb Purple", "uktved": 8517130000, "classid": 76, "groupid": 1050, "classname": "Мобільний телефон", "productid": 100548661}	2026-04-15 10:37:23.805688+03	2026-04-15 10:37:23.805696+03	0.00	0	25	14
604	Мобільний телефон ZTE Nubia Neo 3 GT 5G 12/256GB Gray (1164537)	zte-nubia-neo-3-gt-5g-12256gb-gray-1164537	1164537	U1097045		Модель: Nubia Neo 3 GT 5G 12/256GB Gray\nВиробник: ZTE\nГарантія: 12 міс.	10562.18	242.53	0	1	t	12	Китай		{"ean": 6902176151729, "model": "Nubia Neo 3 GT 5G 12/256GB Gray", "uktved": 8517130000, "classid": 76, "groupid": 1050, "classname": "Мобільний телефон", "productid": 100548665}	2026-04-15 10:37:23.809933+03	2026-04-15 10:37:23.809941+03	0.00	0	26	14
605	Мобільний телефон ZTE Nubia Neo 3 GT 5G 12/256GB Yellow (1164538)	zte-nubia-neo-3-gt-5g-12256gb-yellow-1164538	1164538	U1097047		Модель: Nubia Neo 3 GT 5G 12/256GB Yellow\nВиробник: ZTE\nГарантія: 12 міс.	10562.18	242.53	0	1	t	12	Китай		{"ean": 6902176151668, "model": "Nubia Neo 3 GT 5G 12/256GB Yellow", "uktved": 8517130000, "classid": 76, "groupid": 1050, "classname": "Мобільний телефон", "productid": 100548666}	2026-04-15 10:37:23.814159+03	2026-04-15 10:37:23.814167+03	0.00	0	26	14
606	Мобільний телефон ZTE Nubia Neo 3 5G 8/256GB Black (1164535)	zte-nubia-neo-3-5g-8256gb-black-1164535	1164535	U1097049		Модель: Nubia Neo 3 5G 8/256GB Black\nВиробник: ZTE\nГарантія: 12 міс.	7182.70	164.93	0	1	t	12	Китай		{"ean": 6902176151460, "model": "Nubia Neo 3 5G 8/256GB Black", "uktved": 8517130000, "classid": 76, "groupid": 1050, "classname": "Мобільний телефон", "productid": 100548667}	2026-04-15 10:37:23.818495+03	2026-04-15 10:37:23.818503+03	0.00	0	26	14
607	Мобільний телефон Motorola Edge 60 12/256GB Gibraltar Sea (PB7H0031RS)	motorola-edge-60-12256gb-gibraltar-sea-pb7h0031rs	PB7H0031RS	U1097308		Модель: Edge 60 12/256GB Gibraltar Sea\nВиробник: Motorola\nГарантія: 12 міс.	13049.32	299.64	0	1	t	12	Китай		{"ean": 840023298813, "model": "Edge 60 12/256GB Gibraltar Sea", "uktved": 8517130000, "classid": 76, "groupid": 1050, "classname": "Мобільний телефон", "productid": 100549210}	2026-04-15 10:37:23.822905+03	2026-04-15 10:37:23.822913+03	0.00	0	18	14
608	Мобільний телефон Apple iPhone 17 256GB Black (MG6J4)	apple-iphone-17-256gb-black-mg6j4	MG6J4	U1098788		Модель: iPhone 17 256GB Black\nВиробник: Apple\nГарантія: 12 міс.	46331.10	1063.86	0	1	t	12	Китай		{"ean": 195950643404, "model": "iPhone 17 256GB Black", "uktved": 8517130000, "classid": 76, "groupid": 1050, "classname": "Мобільний телефон", "productid": 100550173}	2026-04-15 10:37:23.827192+03	2026-04-15 10:37:23.8272+03	0.00	0	5	14
609	Мобільний телефон Apple iPhone 17 256GB Lavender (MG6M4)	apple-iphone-17-256gb-lavender-mg6m4	MG6M4	U1098789		Модель: iPhone 17 256GB Lavender\nВиробник: Apple\nГарантія: 12 міс.	44880.45	1030.55	0	1	t	12	Китай		{"ean": 195950644005, "model": "iPhone 17 256GB Lavender", "uktved": 8517130000, "classid": 76, "groupid": 1050, "classname": "Мобільний телефон", "productid": 100550174}	2026-04-15 10:37:23.831434+03	2026-04-15 10:37:23.831442+03	0.00	0	5	14
610	Мобільний телефон Apple iPhone 17 256GB Mist Blue (MG6L4)	apple-iphone-17-256gb-mist-blue-mg6l4	MG6L4	U1098790		Модель: iPhone 17 256GB Mist Blue\nВиробник: Apple\nГарантія: 12 міс.	44880.45	1030.55	0	1	t	12	Китай		{"ean": 195950643800, "model": "iPhone 17 256GB Mist Blue", "uktved": 8517130000, "classid": 76, "groupid": 1050, "classname": "Мобільний телефон", "productid": 100550175}	2026-04-15 10:37:23.83556+03	2026-04-15 10:37:23.835568+03	0.00	0	5	14
611	Мобільний телефон Apple iPhone 17 256GB Sage (MG6N4)	apple-iphone-17-256gb-sage-mg6n4	MG6N4	U1098791		Модель: iPhone 17 256GB Sage\nВиробник: Apple\nГарантія: 12 міс.	44880.45	1030.55	0	1	t	12	Китай		{"ean": 195950644203, "model": "iPhone 17 256GB Sage", "uktved": 8517130000, "classid": 76, "groupid": 1050, "classname": "Мобільний телефон", "productid": 100550176}	2026-04-15 10:37:23.840117+03	2026-04-15 10:37:23.840125+03	0.00	0	5	14
612	Мобільний телефон Apple iPhone 17 Pro 256GB Cosmic Orange (MG8H4)	apple-iphone-17-pro-256gb-cosmic-orange-mg8h4	MG8H4	U1098801		Модель: iPhone 17 Pro 256GB Cosmic Orange\nВиробник: Apple\nГарантія: 12 міс.	63039.93	1447.53	0	1	t	12	Китай		{"ean": 195950627268, "model": "iPhone 17 Pro 256GB Cosmic Orange", "uktved": 8517130000, "classid": 76, "groupid": 1050, "classname": "Мобільний телефон", "productid": 100550186}	2026-04-15 10:37:23.844417+03	2026-04-15 10:37:23.844425+03	0.00	0	5	14
613	Мобільний телефон Apple iPhone 17 Pro Max 256GB Cosmic Orange (MFYN4)	apple-iphone-17-pro-max-256gb-cosmic-orange-mfyn4	MFYN4	U1098813		Модель: iPhone 17 Pro Max 256GB Cosmic Orange\nВиробник: Apple\nГарантія: 12 міс.	67199.39	1543.04	0	1	t	12	Китай		{"ean": 195950638912, "model": "iPhone 17 Pro Max 256GB Cosmic Orange", "uktved": 8517130000, "classid": 76, "groupid": 1050, "classname": "Мобільний телефон", "productid": 100550198}	2026-04-15 10:37:23.848594+03	2026-04-15 10:37:23.848603+03	0.00	0	5	14
614	Мобільний телефон Apple iPhone Air 256GB Cloud White (MG2M4)	apple-iphone-air-256gb-cloud-white-mg2m4	MG2M4	U1098819		Модель: iPhone Air 256GB Cloud White\nВиробник: Apple\nГарантія: 12 міс.	48499.02	1113.64	0	1	t	12	Китай		{"ean": 195950622683, "model": "iPhone Air 256GB Cloud White", "uktved": 8517130000, "classid": 76, "groupid": 1050, "classname": "Мобільний телефон", "productid": 100550204}	2026-04-15 10:37:23.852743+03	2026-04-15 10:37:23.85275+03	0.00	0	5	14
615	Мобільний телефон Apple iPhone Air 256GB Light Gold (MG2N4)	apple-iphone-air-256gb-light-gold-mg2n4	MG2N4	U1098820		Модель: iPhone Air 256GB Light Gold\nВиробник: Apple\nГарантія: 12 міс.	48499.02	1113.64	0	1	t	12	Китай		{"ean": 195950622881, "model": "iPhone Air 256GB Light Gold", "uktved": 8517130000, "classid": 76, "groupid": 1050, "classname": "Мобільний телефон", "productid": 100550205}	2026-04-15 10:37:23.857713+03	2026-04-15 10:37:23.857721+03	0.00	0	5	14
616	Мобільний телефон Apple iPhone Air 256GB Sky Blue (MG2P4)	apple-iphone-air-256gb-sky-blue-mg2p4	MG2P4	U1098821		Модель: iPhone Air 256GB Sky Blue\nВиробник: Apple\nГарантія: 12 міс.	48499.02	1113.64	0	1	t	12	Китай		{"ean": 195950623086, "model": "iPhone Air 256GB Sky Blue", "uktved": 8517130000, "classid": 76, "groupid": 1050, "classname": "Мобільний телефон", "productid": 100550206}	2026-04-15 10:37:23.861547+03	2026-04-15 10:37:23.861555+03	0.00	0	5	14
617	Мобільний телефон realme 15T 12/256GB Flowing Silver	realme-15t-12256gb-flowing-silver	15T 12/256GB Flowing Silver	U1099878		Модель: 15T 12/256GB Flowing Silver\nВиробник: realme\nГарантія: 12 міс.	11933.57	274.02	0	1	t	12	Китай		{"ean": 6941764473713, "model": "15T 12/256GB Flowing Silver", "uktved": 8517130000, "classid": 76, "groupid": 1050, "classname": "Мобільний телефон", "productid": 100551420}	2026-04-15 10:37:23.865336+03	2026-04-15 10:37:23.865346+03	0.00	0	27	14
618	Мобільний телефон realme 15T 12/256GB Suit Titanium	realme-15t-12256gb-suit-titanium	15T 12/256GB Suit Titanium	U1099879		Модель: 15T 12/256GB Suit Titanium\nВиробник: realme\nГарантія: 12 міс.	11933.57	274.02	0	1	t	12	Китай		{"ean": 6941764473706, "model": "15T 12/256GB Suit Titanium", "uktved": 8517130000, "classid": 76, "groupid": 1050, "classname": "Мобільний телефон", "productid": 100551916}	2026-04-15 10:37:23.869275+03	2026-04-15 10:37:23.869283+03	0.00	0	27	14
619	Мобільний телефон Ulefone Armor Mini 4 4G Black (6975326660044)	ulefone-armor-mini-4-4g-black-6975326660044	6975326660044	U1100117		Модель: Armor Mini  4 4G Black\nВиробник: Ulefone\nГарантія: 12 міс.	2560.74	2799.00	8	1	t	12	Китай		{"ean": 6975326660044, "model": "Armor Mini  4 4G Black", "uktved": 8517140000, "classid": 76, "groupid": 1050, "classname": "Мобільний телефон", "productid": 100551919}	2026-04-15 10:37:23.87316+03	2026-04-15 10:37:23.873168+03	0.00	0	14	14
620	Мобільний телефон Sigma X-style 281 CLIK Black (4827798151419)	sigma-x-style-281-clik-black-4827798151419	4827798151419	U1100325		Модель: X-style 281 CLIK Black\nВиробник: Sigma\nГарантія: 12 міс.	1187.61	27.27	0	1	t	12	Китай		{"ean": 4827798151419, "model": "X-style 281 CLIK Black", "uktved": 8517140000, "classid": 76, "groupid": 1050, "classname": "Мобільний телефон", "productid": 100551922}	2026-04-15 10:37:23.877115+03	2026-04-15 10:37:23.877122+03	0.00	0	8	14
621	Мобільний телефон Sigma X-style 281 CLIK Red (4827798151426)	sigma-x-style-281-clik-red-4827798151426	4827798151426	U1100326		Модель: X-style 281 CLIK Red\nВиробник: Sigma\nГарантія: 12 міс.	1187.61	27.27	0	1	t	12	Китай		{"ean": 4827798151426, "model": "X-style 281 CLIK Red", "uktved": 8517140000, "classid": 76, "groupid": 1050, "classname": "Мобільний телефон", "productid": 100551923}	2026-04-15 10:37:23.881201+03	2026-04-15 10:37:23.881209+03	0.00	0	8	14
622	Мобільний телефон Sigma X-style 171 MINI Black (4827798813713)	sigma-x-style-171-mini-black-4827798813713	4827798813713	U1100327		Модель: X-style 171 MINI Black\nВиробник: Sigma\nГарантія: 12 міс.	408.06	9.37	0	1	t	12	Китай		{"ean": 4827798813713, "model": "X-style 171 MINI Black", "uktved": 8517140000, "classid": 76, "groupid": 1050, "classname": "Мобільний телефон", "productid": 100551924}	2026-04-15 10:37:23.885558+03	2026-04-15 10:37:23.885566+03	0.00	0	8	14
649	Мобільний телефон Xiaomi Poco F8 Pro 12/512GB Black (1179964)	xiaomi-poco-f8-pro-12512gb-black-1179964	1179964	U1124063		Модель: Poco F8 Pro 12/512GB Black\nВиробник: Xiaomi\nГарантія: 12 міс.	26219.28	602.05	0	1	t	12	Китай		{"ean": 6932554472238, "model": "Poco F8 Pro 12/512GB Black", "uktved": 8517130000, "classid": 76, "groupid": 1050, "classname": "Мобільний телефон", "productid": 100573000}	2026-04-15 10:37:24.038963+03	2026-04-15 10:37:24.03897+03	0.00	0	25	14
623	Мобільний телефон Sigma X-style 171 MINI Black-Green (4827798813720)	sigma-x-style-171-mini-black-green-4827798813720	4827798813720	U1100328		Модель: X-style 171 MINI Black-Green\nВиробник: Sigma\nГарантія: 12 міс.	408.06	9.37	0	1	t	12	Китай		{"ean": 4827798813720, "model": "X-style 171 MINI Black-Green", "uktved": 8517140000, "classid": 76, "groupid": 1050, "classname": "Мобільний телефон", "productid": 100551925}	2026-04-15 10:37:23.889995+03	2026-04-15 10:37:23.890003+03	0.00	0	8	14
624	Мобільний телефон Sigma X-style 171 MINI Black-Orange (4827798813737)	sigma-x-style-171-mini-black-orange-4827798813737	4827798813737	U1100329		Модель: X-style 171 MINI Black-Orange\nВиробник: Sigma\nГарантія: 12 міс.	408.06	9.37	0	1	t	12	Китай		{"ean": 4827798813737, "model": "X-style 171 MINI Black-Orange", "uktved": 8517140000, "classid": 76, "groupid": 1050, "classname": "Мобільний телефон", "productid": 100551926}	2026-04-15 10:37:23.894038+03	2026-04-15 10:37:23.894047+03	0.00	0	8	14
625	Мобільний телефон Sigma X-style 171 MINI Black-Red (4827798813744)	sigma-x-style-171-mini-black-red-4827798813744	4827798813744	U1100330		Модель: X-style 171 MINI Black-Red\nВиробник: Sigma\nГарантія: 12 міс.	408.06	9.37	0	1	t	12	Китай		{"ean": 4827798813744, "model": "X-style 171 MINI Black-Red", "uktved": 8517140000, "classid": 76, "groupid": 1050, "classname": "Мобільний телефон", "productid": 100551927}	2026-04-15 10:37:23.914521+03	2026-04-15 10:37:23.91453+03	0.00	0	8	14
626	Мобільний телефон Motorola G06 4/64GB Tapestry (PBA20002UA)	motorola-g06-464gb-tapestry-pba20002ua	PBA20002UA	U1103469		Модель: G06 4/64GB Tapestry\nВиробник: Motorola\nГарантія: 12 міс.	4003.99	91.94	0	1	t	12	Китай		{"ean": 840493602936, "model": "G06 4/64GB Tapestry", "uktved": 8517130000, "classid": 76, "groupid": 1050, "classname": "Мобільний телефон", "productid": 100554677}	2026-04-15 10:37:23.920289+03	2026-04-15 10:37:23.920298+03	0.00	0	18	14
627	Мобільний телефон Motorola G06 4/64GB Tendril (PBA20000UA)	motorola-g06-464gb-tendril-pba20000ua	PBA20000UA	U1103470		Модель: G06 4/64GB Tendril\nВиробник: Motorola\nГарантія: 12 міс.	4003.99	91.94	0	1	t	12	Китай		{"ean": 840493602875, "model": "G06 4/64GB Tendril", "uktved": 8517130000, "classid": 76, "groupid": 1050, "classname": "Мобільний телефон", "productid": 100554678}	2026-04-15 10:37:23.926513+03	2026-04-15 10:37:23.92652+03	0.00	0	18	14
628	Мобільний телефон Motorola G06 4/256GB Tapestry (PBA20004UA)	motorola-g06-4256gb-tapestry-pba20004ua	PBA20004UA	U1103473		Модель: G06 4/256GB Tapestry\nВиробник: Motorola\nГарантія: 12 міс.	5338.36	122.58	0	1	t	12	Китай		{"ean": 840493603087, "model": "G06 4/256GB Tapestry", "uktved": 8517130000, "classid": 76, "groupid": 1050, "classname": "Мобільний телефон", "productid": 100554681}	2026-04-15 10:37:23.932275+03	2026-04-15 10:37:23.932283+03	0.00	0	18	14
629	Мобільний телефон Infinix GT 30 8/256Gb Blade White (4894947101083)	infinix-gt-30-8256gb-blade-white-4894947101083	4894947101083	U1104373		Модель: GT 30  8/256Gb Blade White\nВиробник: Infinix\nГарантія: 12 міс.	11828.61	271.61	0	1	t	12	Китай		{"ean": 4894947101083, "model": "GT 30  8/256Gb Blade White", "uktved": 8517130000, "classid": 76, "groupid": 1050, "classname": "Мобільний телефон", "productid": 100555694}	2026-04-15 10:37:23.937402+03	2026-04-15 10:37:23.93741+03	0.00	0	23	14
630	Мобільний телефон Nomi i1820 Black	nomi-i1820-black	i1820 Black	U1106627		Модель: i1820 Black\nВиробник: Nomi\nГарантія: 12 міс.	597.07	13.71	0	1	t	12	Китай		{"ean": 1012391742, "model": "i1820 Black", "uktved": 8517140000, "classid": 76, "groupid": 1050, "classname": "Мобільний телефон", "productid": 100557334}	2026-04-15 10:37:23.942171+03	2026-04-15 10:37:23.94218+03	0.00	0	13	14
631	Мобільний телефон Nomi i1820 Red	nomi-i1820-red	i1820 Red	U1106628		Модель: i1820 Red\nВиробник: Nomi\nГарантія: 12 міс.	597.07	13.71	0	1	t	12	Китай		{"ean": 1012391759, "model": "i1820 Red", "uktved": 8517140000, "classid": 76, "groupid": 1050, "classname": "Мобільний телефон", "productid": 100557335}	2026-04-15 10:37:23.946629+03	2026-04-15 10:37:23.946637+03	0.00	0	13	14
632	Мобільний телефон Tecno Spark 40 Pro+ 8/256Gb Nebula Black (4894947096334)	tecno-spark-40-pro-8256gb-nebula-black-4894947096334	4894947096334	U1106860		Модель: Spark 40 Pro+  8/256Gb Nebula Black\nВиробник: Tecno\nГарантія: 13 міс.	8891.17	204.16	0	1	t	13	Китай		{"ean": 4894947096334, "model": "Spark 40 Pro+  8/256Gb Nebula Black", "uktved": 8517130000, "classid": 76, "groupid": 1050, "classname": "Мобільний телефон", "productid": 100557688}	2026-04-15 10:37:23.951995+03	2026-04-15 10:37:23.952003+03	0.00	0	20	14
633	Мобільний телефон Tecno Spark 40 Pro+ 8/256Gb Aurora White (4894947096341)	tecno-spark-40-pro-8256gb-aurora-white-4894947096341	4894947096341	U1106861		Модель: Spark 40 Pro+  8/256Gb Aurora White\nВиробник: Tecno\nГарантія: 13 міс.	8891.17	204.16	0	1	t	13	Китай		{"ean": 4894947096341, "model": "Spark 40 Pro+  8/256Gb Aurora White", "uktved": 8517130000, "classid": 76, "groupid": 1050, "classname": "Мобільний телефон", "productid": 100557689}	2026-04-15 10:37:23.956395+03	2026-04-15 10:37:23.956403+03	0.00	0	20	14
634	Мобільний телефон Tecno Spark Go 2 4/128GB Ink Black (4894947089558)	tecno-spark-go-2-4128gb-ink-black-4894947089558	4894947089558	U1107143		Модель: Spark Go 2 4/128GB Ink Black\nВиробник: Tecno\nГарантія: 13 міс.	4195.17	96.33	0	1	t	13	Китай		{"ean": 4894947089558, "model": "Spark Go 2 4/128GB Ink Black", "uktved": 8517130000, "classid": 76, "groupid": 1050, "classname": "Мобільний телефон", "productid": 100557944}	2026-04-15 10:37:23.960748+03	2026-04-15 10:37:23.960756+03	0.00	0	20	14
635	Мобільний телефон Motorola G06 Power 4/256GB Laurel Oak (PBA00001UA)	motorola-g06-power-4256gb-laurel-oak-pba00001ua	PBA00001UA	U1108909		Модель: G06 Power 4/256GB Laurel Oak\nВиробник: Motorola\nГарантія: 12 міс.	5784.31	132.82	0	1	t	12	Китай		{"ean": 840493603193, "model": "G06 Power 4/256GB Laurel Oak", "uktved": 8517130000, "classid": 76, "groupid": 1050, "classname": "Мобільний телефон", "productid": 100559531}	2026-04-15 10:37:23.965185+03	2026-04-15 10:37:23.965193+03	0.00	0	18	14
663	Мобільний телефон Xiaomi Poco M8 5G 8/256GB Siver (1183662)	xiaomi-poco-m8-5g-8256gb-siver-1183662	1183662	U1133129		Модель: Poco M8 5G 8/256GB Siver\nВиробник: Xiaomi\nГарантія: 12 міс.	10063.97	231.09	0	1	t	12	Китай		{"ean": 6932554478230, "model": "Poco M8 5G 8/256GB Siver", "uktved": 8517130000, "classid": 76, "groupid": 1050, "classname": "Мобільний телефон", "productid": 100580406}	2026-04-15 10:37:24.101489+03	2026-04-15 10:37:24.101497+03	0.00	0	25	14
636	Мобільний телефон Motorola G06 Power 4/256GB Tapestry (PBA00000UA)	motorola-g06-power-4256gb-tapestry-pba00000ua	PBA00000UA	U1108910		Модель: G06 Power 4/256GB Tapestry\nВиробник: Motorola\nГарантія: 12 міс.	5784.31	132.82	0	1	t	12	Китай		{"ean": 840493603186, "model": "G06 Power 4/256GB Tapestry", "uktved": 8517130000, "classid": 76, "groupid": 1050, "classname": "Мобільний телефон", "productid": 100559532}	2026-04-15 10:37:23.969363+03	2026-04-15 10:37:23.969371+03	0.00	0	18	14
637	Мобільний телефон Oppo A6 Pro 8/256GB Stellar Blue (OFCPH2799 _BLUE _8/256)	oppo-a6-pro-8256gb-stellar-blue-ofcph2799-_blue-_8256	OFCPH2799 _BLUE _8/256	U1108968		Модель: A6 Pro 8/256GB Stellar Blue\nВиробник: Oppo\nГарантія: 12 міс.	11898.29	273.21	0	1	t	12	Китай		{"ean": 6932169380461, "model": "A6 Pro 8/256GB Stellar Blue", "uktved": 8517130000, "classid": 76, "groupid": 1050, "classname": "Мобільний телефон", "productid": 100559533}	2026-04-15 10:37:23.973622+03	2026-04-15 10:37:23.97363+03	0.00	0	21	14
638	Мобільний телефон Motorola Edge 50 Fusion 8/128GB Forest Green (PB3T0087RS)	motorola-edge-50-fusion-8128gb-forest-green-pb3t0087rs	PB3T0087RS	U1111583		Модель: Edge 50 Fusion 8/128GB  Forest Green\nВиробник: Motorola\nГарантія: 12 міс.	7119.12	163.47	0	1	t	12	Китай		{"ean": 840493606828, "model": "Edge 50 Fusion 8/128GB  Forest Green", "uktved": 8517130000, "classid": 76, "groupid": 1050, "classname": "Мобільний телефон", "productid": 100562286}	2026-04-15 10:37:23.977737+03	2026-04-15 10:37:23.977745+03	0.00	0	18	14
639	Мобільний телефон 2E S180 2024 Black (694743653885)	2e-s180-2024-black-694743653885	694743653885	U1119265		Модель: S180 2024 Black\nВиробник: 2E\nГарантія: 12 міс.	384.11	469.00	18	1	t	12	Китай		{"ean": 694743653885, "model": "S180 2024 Black", "uktved": 8517140000, "classid": 76, "groupid": 1050, "classname": "Мобільний телефон", "productid": 100568881}	2026-04-15 10:37:23.981834+03	2026-04-15 10:37:23.981842+03	0.00	0	17	14
640	Мобільний телефон Sigma X-style 242 LUCKY Black (4827798792919)	sigma-x-style-242-lucky-black-4827798792919	4827798792919	U1119292		Модель: X-style 242 LUCKY Black\nВиробник: Sigma\nГарантія: 12 міс.	606.65	13.93	0	1	t	12	Китай		{"ean": 4827798792919, "model": "X-style 242 LUCKY Black", "uktved": 8517140000, "classid": 76, "groupid": 1050, "classname": "Мобільний телефон", "productid": 100568882}	2026-04-15 10:37:23.98634+03	2026-04-15 10:37:23.986349+03	0.00	0	8	14
641	Мобільний телефон Sigma X-style 242 LUCKY Grey (4827798792926)	sigma-x-style-242-lucky-grey-4827798792926	4827798792926	U1119306		Модель: X-style 242 LUCKY Grey\nВиробник: Sigma\nГарантія: 12 міс.	606.65	13.93	0	1	t	12	Китай		{"ean": 4827798792926, "model": "X-style 242 LUCKY Grey", "uktved": 8517140000, "classid": 76, "groupid": 1050, "classname": "Мобільний телефон", "productid": 100568883}	2026-04-15 10:37:23.990666+03	2026-04-15 10:37:23.990674+03	0.00	0	8	14
642	Мобільний телефон Ergo B185 Black	ergo-b185-black	B185 Black	U1121011		Модель: B185 Black\nВиробник: Ergo\nГарантія: 12 міс.	439.42	10.09	0	1	t	12	Китай		{"ean": 6900071372676, "model": "B185 Black", "uktved": 8517140000, "classid": 76, "groupid": 1050, "classname": "Мобільний телефон", "productid": 100570416}	2026-04-15 10:37:23.995133+03	2026-04-15 10:37:23.995142+03	0.00	0	11	14
643	Мобільний телефон Xiaomi Poco F8 Ultra 12/256GB Black (1179967)	xiaomi-poco-f8-ultra-12256gb-black-1179967	1179967	U1124048		Модель: Poco F8 Ultra 12/256GB Black\nВиробник: Xiaomi\nГарантія: 12 міс.	35879.10	823.86	0	1	t	12	Китай		{"ean": 6932554472177, "model": "Poco F8 Ultra 12/256GB Black", "uktved": 8517130000, "classid": 76, "groupid": 1050, "classname": "Мобільний телефон", "productid": 100572993}	2026-04-15 10:37:23.999186+03	2026-04-15 10:37:23.999194+03	0.00	0	25	14
644	Мобільний телефон Xiaomi Poco F8 Ultra 12/256GB Denim Blue (1179968)	xiaomi-poco-f8-ultra-12256gb-denim-blue-1179968	1179968	U1124049		Модель: Poco F8 Ultra 12/256GB Denim Blue\nВиробник: Xiaomi\nГарантія: 12 міс.	35879.10	823.86	0	1	t	12	Китай		{"ean": 6932554474454, "model": "Poco F8 Ultra 12/256GB Denim Blue", "uktved": 8517130000, "classid": 76, "groupid": 1050, "classname": "Мобільний телефон", "productid": 100572994}	2026-04-15 10:37:24.003296+03	2026-04-15 10:37:24.003304+03	0.00	0	25	14
645	Мобільний телефон Xiaomi Poco F8 Ultra 16/512GB Black (1179969)	xiaomi-poco-f8-ultra-16512gb-black-1179969	1179969	U1124051		Модель: Poco F8 Ultra 16/512GB Black\nВиробник: Xiaomi\nГарантія: 12 міс.	38638.86	887.23	0	1	t	12	Китай		{"ean": 6932554472290, "model": "Poco F8 Ultra 16/512GB Black", "uktved": 8517130000, "classid": 76, "groupid": 1050, "classname": "Мобільний телефон", "productid": 100572995}	2026-04-15 10:37:24.012219+03	2026-04-15 10:37:24.012226+03	0.00	0	25	14
646	Мобільний телефон Xiaomi Poco F8 Pro 12/256GB Black (1179961)	xiaomi-poco-f8-pro-12256gb-black-1179961	1179961	U1124059		Модель: Poco F8 Pro 12/256GB Black\nВиробник: Xiaomi\nГарантія: 12 міс.	23918.96	549.23	0	1	t	12	Китай		{"ean": 6932554472252, "model": "Poco F8 Pro 12/256GB Black", "uktved": 8517130000, "classid": 76, "groupid": 1050, "classname": "Мобільний телефон", "productid": 100572997}	2026-04-15 10:37:24.020726+03	2026-04-15 10:37:24.020737+03	0.00	0	25	14
647	Мобільний телефон Xiaomi Poco F8 Pro 12/256GB Blue (1179962)	xiaomi-poco-f8-pro-12256gb-blue-1179962	1179962	U1124060		Модель: Poco F8 Pro 12/256GB Blue\nВиробник: Xiaomi\nГарантія: 12 міс.	23918.96	549.23	0	1	t	12	Китай		{"ean": 6932554474249, "model": "Poco F8 Pro 12/256GB Blue", "uktved": 8517130000, "classid": 76, "groupid": 1050, "classname": "Мобільний телефон", "productid": 100572998}	2026-04-15 10:37:24.028462+03	2026-04-15 10:37:24.028477+03	0.00	0	25	14
648	Мобільний телефон Xiaomi Poco F8 Pro 12/256GB Titanium Silver (1179963)	xiaomi-poco-f8-pro-12256gb-titanium-silver-1179963	1179963	U1124062		Модель: Poco F8 Pro 12/256GB Titanium Silver\nВиробник: Xiaomi\nГарантія: 12 міс.	23918.96	549.23	0	1	t	12	Китай		{"ean": 6932554474324, "model": "Poco F8 Pro 12/256GB Titanium Silver", "uktved": 8517130000, "classid": 76, "groupid": 1050, "classname": "Мобільний телефон", "productid": 100572999}	2026-04-15 10:37:24.033825+03	2026-04-15 10:37:24.033833+03	0.00	0	25	14
650	Мобільний телефон Xiaomi Poco F8 Pro 12/512GB Titanium Silver (1179966)	xiaomi-poco-f8-pro-12512gb-titanium-silver-1179966	1179966	U1124066		Модель: Poco F8 Pro 12/512GB Titanium Silver\nВиробник: Xiaomi\nГарантія: 12 міс.	26219.28	602.05	0	1	t	12	Китай		{"ean": 6932554474034, "model": "Poco F8 Pro 12/512GB Titanium Silver", "uktved": 8517130000, "classid": 76, "groupid": 1050, "classname": "Мобільний телефон", "productid": 100573002}	2026-04-15 10:37:24.04395+03	2026-04-15 10:37:24.043957+03	0.00	0	25	14
651	Мобільний телефон realme C85 6/128GB Swan Black	realme-c85-6128gb-swan-black	C85 6/128GB Swan Black	U1124601		Модель: C85 6/128GB Swan Black\nВиробник: realme\nГарантія: 12 міс.	6411.87	147.23	0	1	t	12	Китай		{"ean": 6941764481145, "model": "C85 6/128GB Swan Black", "uktved": 8517130000, "classid": 76, "groupid": 1050, "classname": "Мобільний телефон", "productid": 100573360}	2026-04-15 10:37:24.049152+03	2026-04-15 10:37:24.049159+03	0.00	0	27	14
652	Мобільний телефон realme C85 8/256GB Swan Black	realme-c85-8256gb-swan-black	C85 8/256GB Swan Black	U1124605		Модель: C85 8/256GB Swan Black\nВиробник: realme\nГарантія: 12 міс.	8549.30	196.31	0	1	t	12	Китай		{"ean": 6941764481121, "model": "C85 8/256GB Swan Black", "uktved": 8517130000, "classid": 76, "groupid": 1050, "classname": "Мобільний телефон", "productid": 100573361}	2026-04-15 10:37:24.053743+03	2026-04-15 10:37:24.053751+03	0.00	0	27	14
653	Мобільний телефон realme C85 8/256GB Kingfisher Blue	realme-c85-8256gb-kingfisher-blue	C85 8/256GB Kingfisher Blue	U1124609		Модель: C85 8/256GB Kingfisher Blue\nВиробник: realme\nГарантія: 12 міс.	8549.30	196.31	0	1	t	12	Китай		{"ean": 6941764481114, "model": "C85 8/256GB Kingfisher Blue", "uktved": 8517130000, "classid": 76, "groupid": 1050, "classname": "Мобільний телефон", "productid": 100573362}	2026-04-15 10:37:24.058334+03	2026-04-15 10:37:24.058342+03	0.00	0	27	14
654	Мобільний телефон realme C85 Pro 8/256GB Peacock Green	realme-c85-pro-8256gb-peacock-green	C85 Pro 8/256GB Peacock Green	U1124612		Модель: C85 Pro 8/256GB Peacock Green\nВиробник: realme\nГарантія: 12 міс.	9403.75	215.93	0	1	t	12	Китай		{"ean": 6941764480049, "model": "C85 Pro 8/256GB Peacock Green", "uktved": 8517130000, "classid": 76, "groupid": 1050, "classname": "Мобільний телефон", "productid": 100573363}	2026-04-15 10:37:24.062596+03	2026-04-15 10:37:24.062604+03	0.00	0	27	14
655	Мобільний телефон Motorola Edge 70 12/512GB Bronze Green (PBA50046RS)	motorola-edge-70-12512gb-bronze-green-pba50046rs	PBA50046RS	U1126007		Модель: Edge 70 12/512GB Bronze Green\nВиробник: Motorola\nГарантія: 12 міс.	26099.51	599.30	0	1	t	12	Китай		{"ean": 840493613185, "model": "Edge 70 12/512GB Bronze Green", "uktved": 8517130000, "classid": 76, "groupid": 1050, "classname": "Мобільний телефон", "productid": 100574656}	2026-04-15 10:37:24.066907+03	2026-04-15 10:37:24.066915+03	0.00	0	18	14
656	Мобільний телефон Motorola Edge 70 12/512GB Gadget Grey (PBA50006RS)	motorola-edge-70-12512gb-gadget-grey-pba50006rs	PBA50006RS	U1126008		Модель: Edge 70 12/512GB Gadget Grey\nВиробник: Motorola\nГарантія: 12 міс.	26099.51	599.30	0	1	t	12	Китай		{"ean": 840493603414, "model": "Edge 70 12/512GB Gadget Grey", "uktved": 8517130000, "classid": 76, "groupid": 1050, "classname": "Мобільний телефон", "productid": 100574657}	2026-04-15 10:37:24.071332+03	2026-04-15 10:37:24.07134+03	0.00	0	18	14
657	Мобільний телефон Motorola Edge 60 Pro 8/256GB Sparkling Grape (PB7X0089RS)	motorola-edge-60-pro-8256gb-sparkling-grape-pb7x0089rs	PB7X0089RS	U1126014		Модель: Edge 60 Pro 8/256GB Sparkling Grape\nВиробник: Motorola\nГарантія: 12 міс.	17799.32	408.71	0	1	t	12	Китай		{"ean": 840493609386, "model": "Edge 60 Pro 8/256GB Sparkling Grape", "uktved": 8517130000, "classid": 76, "groupid": 1050, "classname": "Мобільний телефон", "productid": 100574659}	2026-04-15 10:37:24.075486+03	2026-04-15 10:37:24.075493+03	0.00	0	18	14
658	Мобільний телефон Motorola Edge 60 Pro 8/256GB Shadow (Green) (PB7X0088RS)	motorola-edge-60-pro-8256gb-shadow-green-pb7x0088rs	PB7X0088RS	U1126796		Модель: Edge 60 Pro 8/256GB Shadow (Green)\nВиробник: Motorola\nГарантія: 12 міс.	17799.32	408.71	0	1	t	12	Китай		{"ean": 840493609379, "model": "Edge 60 Pro 8/256GB Shadow (Green)", "uktved": 8517130000, "classid": 76, "groupid": 1050, "classname": "Мобільний телефон", "productid": 100575215}	2026-04-15 10:37:24.07968+03	2026-04-15 10:37:24.079688+03	0.00	0	18	14
659	Мобільний телефон HMD 150 MUSIC DS Dark Grey	hmd-150-music-ds-dark-grey	150 MUSIC DS Dark Grey	U1129976		Модель: 150 MUSIC DS Dark Grey\nВиробник: HMD\nГарантія: 12 міс.	1279.50	29.38	0	1	t	12	Китай		{"ean": 6438409101570, "model": "150 MUSIC DS Dark Grey", "uktved": 8517140000, "classid": 76, "groupid": 1050, "classname": "Мобільний телефон", "productid": 100577812}	2026-04-15 10:37:24.084417+03	2026-04-15 10:37:24.084425+03	0.00	0	24	14
660	Мобільний телефон Tecno Spark 40 Pro+ 8/256Gb Moon Titanium (4894947096358)	tecno-spark-40-pro-8256gb-moon-titanium-4894947096358	4894947096358	U1130743		Модель: Spark 40 Pro+  8/256Gb Moon Titanium\nВиробник: Tecno\nГарантія: 13 міс.	8891.17	204.16	0	1	t	13	Китай		{"ean": 4894947096358, "model": "Spark 40 Pro+  8/256Gb Moon Titanium", "uktved": 8517130000, "classid": 76, "groupid": 1050, "classname": "Мобільний телефон", "productid": 100578764}	2026-04-15 10:37:24.088489+03	2026-04-15 10:37:24.088497+03	0.00	0	20	14
661	Мобільний телефон Xiaomi Poco M8 5G 8/256GB Black (1183660)	xiaomi-poco-m8-5g-8256gb-black-1183660	1183660	U1133126		Модель: Poco M8 5G 8/256GB Black\nВиробник: Xiaomi\nГарантія: 12 міс.	10063.97	231.09	0	1	t	12	Китай		{"ean": 6932554478025, "model": "Poco M8 5G 8/256GB Black", "uktved": 8517130000, "classid": 76, "groupid": 1050, "classname": "Мобільний телефон", "productid": 100580404}	2026-04-15 10:37:24.092952+03	2026-04-15 10:37:24.09296+03	0.00	0	25	14
662	Мобільний телефон Xiaomi Poco M8 5G 8/256GB Green (1183661)	xiaomi-poco-m8-5g-8256gb-green-1183661	1183661	U1133127		Модель: Poco M8 5G 8/256GB Green\nВиробник: Xiaomi\nГарантія: 12 міс.	10063.97	231.09	0	1	t	12	Китай		{"ean": 6932554478223, "model": "Poco M8 5G 8/256GB Green", "uktved": 8517130000, "classid": 76, "groupid": 1050, "classname": "Мобільний телефон", "productid": 100580405}	2026-04-15 10:37:24.097468+03	2026-04-15 10:37:24.097476+03	0.00	0	25	14
664	Мобільний телефон Xiaomi Poco M8 5G 8/512GB Black (1183663)	xiaomi-poco-m8-5g-8512gb-black-1183663	1183663	U1133131		Модель: Poco M8 5G 8/512GB Black\nВиробник: Xiaomi\nГарантія: 12 міс.	11893.94	273.11	0	1	t	12	Китай		{"ean": 6932554478261, "model": "Poco M8 5G 8/512GB Black", "uktved": 8517130000, "classid": 76, "groupid": 1050, "classname": "Мобільний телефон", "productid": 100580407}	2026-04-15 10:37:24.107314+03	2026-04-15 10:37:24.107322+03	0.00	0	25	14
665	Мобільний телефон Xiaomi Poco M8 5G 8/512GB Green (1183664)	xiaomi-poco-m8-5g-8512gb-green-1183664	1183664	U1133133		Модель: Poco M8 5G 8/512GB Green\nВиробник: Xiaomi\nГарантія: 12 міс.	11893.94	273.11	0	1	t	12	Китай		{"ean": 6932554463915, "model": "Poco M8 5G 8/512GB Green", "uktved": 8517130000, "classid": 76, "groupid": 1050, "classname": "Мобільний телефон", "productid": 100580408}	2026-04-15 10:37:24.112108+03	2026-04-15 10:37:24.112115+03	0.00	0	25	14
666	Мобільний телефон Xiaomi Poco M8 5G 8/512GB Siver (1183665)	xiaomi-poco-m8-5g-8512gb-siver-1183665	1183665	U1133134		Модель: Poco M8 5G 8/512GB Siver\nВиробник: Xiaomi\nГарантія: 12 міс.	11893.94	273.11	0	1	t	12	Китай		{"ean": 6932554456610, "model": "Poco M8 5G 8/512GB Siver", "uktved": 8517130000, "classid": 76, "groupid": 1050, "classname": "Мобільний телефон", "productid": 100580409}	2026-04-15 10:37:24.116535+03	2026-04-15 10:37:24.116543+03	0.00	0	25	14
667	Мобільний телефон Xiaomi Redmi Note 15 6/128GB Black (1183672)	xiaomi-redmi-note-15-6128gb-black-1183672	1183672	U1133408		Модель: Redmi Note 15 6/128GB Black\nВиробник: Xiaomi\nГарантія: 12 міс.	7199.25	165.31	0	1	t	12	Китай		{"ean": 6932554476267, "model": "Redmi Note 15 6/128GB Black", "uktved": 8517130000, "classid": 76, "groupid": 1050, "classname": "Мобільний телефон", "productid": 100580621}	2026-04-15 10:37:24.120787+03	2026-04-15 10:37:24.120795+03	0.00	0	25	14
668	Мобільний телефон Xiaomi Redmi Note 15 6/128GB Glacier Blue (1183673)	xiaomi-redmi-note-15-6128gb-glacier-blue-1183673	1183673	U1133409		Модель: Redmi Note 15 6/128GB Glacier Blue\nВиробник: Xiaomi\nГарантія: 12 міс.	7199.25	165.31	0	1	t	12	Китай		{"ean": 6932554482725, "model": "Redmi Note 15 6/128GB Glacier Blue", "uktved": 8517130000, "classid": 76, "groupid": 1050, "classname": "Мобільний телефон", "productid": 100580622}	2026-04-15 10:37:24.125037+03	2026-04-15 10:37:24.125044+03	0.00	0	25	14
669	Мобільний телефон Xiaomi Redmi Note 15 6/128GB Purple (1183674)	xiaomi-redmi-note-15-6128gb-purple-1183674	1183674	U1133410		Модель: Redmi Note 15 6/128GB Purple\nВиробник: Xiaomi\nГарантія: 12 міс.	7199.25	165.31	0	1	t	12	Китай		{"ean": 6932554482428, "model": "Redmi Note 15 6/128GB Purple", "uktved": 8517130000, "classid": 76, "groupid": 1050, "classname": "Мобільний телефон", "productid": 100580623}	2026-04-15 10:37:24.129001+03	2026-04-15 10:37:24.129008+03	0.00	0	25	14
670	Мобільний телефон Xiaomi Redmi Note 15 8/256GB Black (1183675)	xiaomi-redmi-note-15-8256gb-black-1183675	1183675	U1133415		Модель: Redmi Note 15 8/256GB Black\nВиробник: Xiaomi\nГарантія: 12 міс.	8098.99	185.97	0	1	t	12	Китай		{"ean": 6932554476274, "model": "Redmi Note 15 8/256GB Black", "uktved": 8517130000, "classid": 76, "groupid": 1050, "classname": "Мобільний телефон", "productid": 100580624}	2026-04-15 10:37:24.132904+03	2026-04-15 10:37:24.132911+03	0.00	0	25	14
671	Мобільний телефон Xiaomi Redmi Note 15 8/256GB Glacier Blue (1183676)	xiaomi-redmi-note-15-8256gb-glacier-blue-1183676	1183676	U1133416		Модель: Redmi Note 15 8/256GB Glacier Blue\nВиробник: Xiaomi\nГарантія: 12 міс.	8098.99	185.97	0	1	t	12	Китай		{"ean": 6932554482732, "model": "Redmi Note 15 8/256GB Glacier Blue", "uktved": 8517130000, "classid": 76, "groupid": 1050, "classname": "Мобільний телефон", "productid": 100580625}	2026-04-15 10:37:24.136715+03	2026-04-15 10:37:24.136725+03	0.00	0	25	14
672	Мобільний телефон Xiaomi Redmi Note 15 8/256GB Purple (1183677)	xiaomi-redmi-note-15-8256gb-purple-1183677	1183677	U1133418		Модель: Redmi Note 15 8/256GB Purple\nВиробник: Xiaomi\nГарантія: 12 міс.	8098.99	185.97	0	1	t	12	Китай		{"ean": 6932554483067, "model": "Redmi Note 15 8/256GB Purple", "uktved": 8517130000, "classid": 76, "groupid": 1050, "classname": "Мобільний телефон", "productid": 100580626}	2026-04-15 10:37:24.14116+03	2026-04-15 10:37:24.141167+03	0.00	0	25	14
673	Мобільний телефон Xiaomi Redmi Note 15 5G 6/128GB Black (1183678)	xiaomi-redmi-note-15-5g-6128gb-black-1183678	1183678	U1133553		Модель: Redmi Note 15 5G 6/128GB Black\nВиробник: Xiaomi\nГарантія: 12 міс.	9291.83	213.36	0	1	t	12	Китай		{"ean": 6932554469245, "model": "Redmi Note 15 5G 6/128GB Black", "uktved": 8517130000, "classid": 76, "groupid": 1050, "classname": "Мобільний телефон", "productid": 100580627}	2026-04-15 10:37:24.146366+03	2026-04-15 10:37:24.146375+03	0.00	0	25	14
674	Мобільний телефон Xiaomi Redmi Note 15 5G 6/128GB Glacier Blue (1183679)	xiaomi-redmi-note-15-5g-6128gb-glacier-blue-1183679	1183679	U1133554		Модель: Redmi Note 15 5G 6/128GB Glacier Blue\nВиробник: Xiaomi\nГарантія: 12 міс.	9291.83	213.36	0	1	t	12	Китай		{"ean": 6932554469696, "model": "Redmi Note 15 5G 6/128GB Glacier Blue", "uktved": 8517130000, "classid": 76, "groupid": 1050, "classname": "Мобільний телефон", "productid": 100580628}	2026-04-15 10:37:24.151617+03	2026-04-15 10:37:24.151625+03	0.00	0	25	14
675	Мобільний телефон Xiaomi Redmi Note 15 5G 6/128GB Purple (1183680)	xiaomi-redmi-note-15-5g-6128gb-purple-1183680	1183680	U1133555		Модель: Redmi Note 15 5G 6/128GB Purple\nВиробник: Xiaomi\nГарантія: 12 міс.	9291.83	213.36	0	1	t	12	Китай		{"ean": 6932554469658, "model": "Redmi Note 15 5G 6/128GB Purple", "uktved": 8517130000, "classid": 76, "groupid": 1050, "classname": "Мобільний телефон", "productid": 100580629}	2026-04-15 10:37:24.158172+03	2026-04-15 10:37:24.158183+03	0.00	0	25	14
676	Мобільний телефон Xiaomi Redmi Note 15 5G 8/256GB Black (1183681)	xiaomi-redmi-note-15-5g-8256gb-black-1183681	1183681	U1133556		Модель: Redmi Note 15 5G 8/256GB Black\nВиробник: Xiaomi\nГарантія: 12 міс.	10619.23	243.84	0	1	t	12	Китай		{"ean": 6932554469252, "model": "Redmi Note 15 5G 8/256GB Black", "uktved": 8517130000, "classid": 76, "groupid": 1050, "classname": "Мобільний телефон", "productid": 100580630}	2026-04-15 10:37:24.164481+03	2026-04-15 10:37:24.164495+03	0.00	0	25	14
677	Мобільний телефон Xiaomi Redmi Note 15 5G 8/256GB Purple (1183683)	xiaomi-redmi-note-15-5g-8256gb-purple-1183683	1183683	U1133558		Модель: Redmi Note 15 5G 8/256GB Purple\nВиробник: Xiaomi\nГарантія: 12 міс.	10619.23	243.84	0	1	t	12	Китай		{"ean": 6932554469672, "model": "Redmi Note 15 5G 8/256GB Purple", "uktved": 8517130000, "classid": 76, "groupid": 1050, "classname": "Мобільний телефон", "productid": 100580632}	2026-04-15 10:37:24.171909+03	2026-04-15 10:37:24.171925+03	0.00	0	25	14
678	Мобільний телефон Xiaomi Redmi Note 15 Pro 8/256GB Black (1183684)	xiaomi-redmi-note-15-pro-8256gb-black-1183684	1183684	U1133561		Модель: Redmi Note 15 Pro 8/256GB Black\nВиробник: Xiaomi\nГарантія: 12 міс.	10799.09	247.97	0	1	t	12	Китай		{"ean": 6932554469825, "model": "Redmi Note 15 Pro 8/256GB Black", "uktved": 8517130000, "classid": 76, "groupid": 1050, "classname": "Мобільний телефон", "productid": 100580633}	2026-04-15 10:37:24.180677+03	2026-04-15 10:37:24.180693+03	0.00	0	25	14
679	Мобільний телефон Xiaomi Redmi Note 15 Pro 8/256GB Glacier Blue (1183685)	xiaomi-redmi-note-15-pro-8256gb-glacier-blue-1183685	1183685	U1133562		Модель: Redmi Note 15 Pro 8/256GB Glacier Blue\nВиробник: Xiaomi\nГарантія: 12 міс.	10799.09	247.97	0	1	t	12	Китай		{"ean": 6932554480462, "model": "Redmi Note 15 Pro 8/256GB Glacier Blue", "uktved": 8517130000, "classid": 76, "groupid": 1050, "classname": "Мобільний телефон", "productid": 100580634}	2026-04-15 10:37:24.188327+03	2026-04-15 10:37:24.188342+03	0.00	0	25	14
680	Мобільний телефон Xiaomi Redmi Note 15 Pro 8/256GB Titanium Color (1183686)	xiaomi-redmi-note-15-pro-8256gb-titanium-color-1183686	1183686	U1133564		Модель: Redmi Note 15 Pro 8/256GB Titanium Color\nВиробник: Xiaomi\nГарантія: 12 міс.	10799.09	247.97	0	1	t	12	Китай		{"ean": 6932554480509, "model": "Redmi Note 15 Pro 8/256GB Titanium Color", "uktved": 8517130000, "classid": 76, "groupid": 1050, "classname": "Мобільний телефон", "productid": 100580635}	2026-04-15 10:37:24.194794+03	2026-04-15 10:37:24.194808+03	0.00	0	25	14
681	Мобільний телефон Xiaomi Redmi Note 15 Pro 5G 8/256GB Black (1183687)	xiaomi-redmi-note-15-pro-5g-8256gb-black-1183687	1183687	U1133565		Модель: Redmi Note 15 Pro 5G 8/256GB Black\nВиробник: Xiaomi\nГарантія: 12 міс.	12599.01	289.30	0	1	t	12	Китай		{"ean": 6932554485177, "model": "Redmi Note 15 Pro 5G 8/256GB Black", "uktved": 8517130000, "classid": 76, "groupid": 1050, "classname": "Мобільний телефон", "productid": 100580636}	2026-04-15 10:37:24.201442+03	2026-04-15 10:37:24.201456+03	0.00	0	25	14
682	Мобільний телефон Xiaomi Redmi Note 15 Pro 5G 8/256GB Glacier Blue (1183688)	xiaomi-redmi-note-15-pro-5g-8256gb-glacier-blue-1183688	1183688	U1133568		Модель: Redmi Note 15 Pro 5G 8/256GB Glacier Blue\nВиробник: Xiaomi\nГарантія: 12 міс.	12599.01	289.30	0	1	t	12	Китай		{"ean": 6932554485214, "model": "Redmi Note 15 Pro 5G 8/256GB Glacier Blue", "uktved": 8517130000, "classid": 76, "groupid": 1050, "classname": "Мобільний телефон", "productid": 100580637}	2026-04-15 10:37:24.208401+03	2026-04-15 10:37:24.208416+03	0.00	0	25	14
683	Мобільний телефон Xiaomi Redmi Note 15 Pro+ 5G 8/256GB Black (1183691)	xiaomi-redmi-note-15-pro-5g-8256gb-black-1183691	1183691	U1133573		Модель: Redmi Note 15 Pro+ 5G 8/256GB Black\nВиробник: Xiaomi\nГарантія: 12 міс.	17004.10	390.45	0	1	t	12	Китай		{"ean": 6932554495718, "model": "Redmi Note 15 Pro+ 5G 8/256GB Black", "uktved": 8517130000, "classid": 76, "groupid": 1050, "classname": "Мобільний телефон", "productid": 100580640}	2026-04-15 10:37:24.216601+03	2026-04-15 10:37:24.216628+03	0.00	0	25	14
684	Мобільний телефон Xiaomi Redmi Note 15 Pro+ 5G 8/256GB Glacier Blue (1183692)	xiaomi-redmi-note-15-pro-5g-8256gb-glacier-blue-1183692	1183692	U1133575		Модель: Redmi Note 15 Pro+ 5G 8/256GB Glacier Blue\nВиробник: Xiaomi\nГарантія: 12 міс.	17004.10	390.45	0	1	t	12	Китай		{"ean": 6932554495701, "model": "Redmi Note 15 Pro+ 5G 8/256GB Glacier Blue", "uktved": 8517130000, "classid": 76, "groupid": 1050, "classname": "Мобільний телефон", "productid": 100580641}	2026-04-15 10:37:24.225158+03	2026-04-15 10:37:24.225174+03	0.00	0	25	14
685	Мобільний телефон Xiaomi Redmi Note 15 Pro+ 5G 8/256GB Mocha Brown (1183693)	xiaomi-redmi-note-15-pro-5g-8256gb-mocha-brown-1183693	1183693	U1133576		Модель: Redmi Note 15 Pro+ 5G 8/256GB Mocha Brown\nВиробник: Xiaomi\nГарантія: 12 міс.	17004.10	390.45	0	1	t	12	Китай		{"ean": 6932554481605, "model": "Redmi Note 15 Pro+ 5G 8/256GB Mocha Brown", "uktved": 8517130000, "classid": 76, "groupid": 1050, "classname": "Мобільний телефон", "productid": 100580642}	2026-04-15 10:37:24.233952+03	2026-04-15 10:37:24.233968+03	0.00	0	25	14
686	Мобільний телефон Xiaomi Redmi Note 15 Pro+ 5G 12/512GB Black (1183694)	xiaomi-redmi-note-15-pro-5g-12512gb-black-1183694	1183694	U1133578		Модель: Redmi Note 15 Pro+ 5G 12/512GB Black\nВиробник: Xiaomi\nГарантія: 12 міс.	19579.21	449.58	0	1	t	12	Китай		{"ean": 6932554495725, "model": "Redmi Note 15 Pro+ 5G 12/512GB Black", "uktved": 8517130000, "classid": 76, "groupid": 1050, "classname": "Мобільний телефон", "productid": 100580643}	2026-04-15 10:37:24.242688+03	2026-04-15 10:37:24.242705+03	0.00	0	25	14
687	Мобільний телефон Xiaomi Redmi Note 15 Pro+ 5G 12/512GB Glacier Blue (1183695)	xiaomi-redmi-note-15-pro-5g-12512gb-glacier-blue-1183695	1183695	U1133579		Модель: Redmi Note 15 Pro+ 5G 12/512GB Glacier Blue\nВиробник: Xiaomi\nГарантія: 12 міс.	19579.21	449.58	0	1	t	12	Китай		{"ean": 6932554495671, "model": "Redmi Note 15 Pro+ 5G 12/512GB Glacier Blue", "uktved": 8517130000, "classid": 76, "groupid": 1050, "classname": "Мобільний телефон", "productid": 100580644}	2026-04-15 10:37:24.251777+03	2026-04-15 10:37:24.251799+03	0.00	0	25	14
688	Мобільний телефон Xiaomi Redmi Note 15 Pro+ 5G 12/512GB Mocha Brown (1183696)	xiaomi-redmi-note-15-pro-5g-12512gb-mocha-brown-1183696	1183696	U1133580		Модель: Redmi Note 15 Pro+ 5G 12/512GB Mocha Brown\nВиробник: Xiaomi\nГарантія: 12 міс.	19579.21	449.58	0	1	t	12	Китай		{"ean": 6932554495695, "model": "Redmi Note 15 Pro+ 5G 12/512GB Mocha Brown", "uktved": 8517130000, "classid": 76, "groupid": 1050, "classname": "Мобільний телефон", "productid": 100580645}	2026-04-15 10:37:24.260052+03	2026-04-15 10:37:24.260067+03	0.00	0	25	14
689	Мобільний телефон Sigma X-style 323 RAIN Black (4827798885710)	sigma-x-style-323-rain-black-4827798885710	4827798885710	U1133616		Модель: X-style 323 RAIN Black\nВиробник: Sigma\nГарантія: 12 міс.	1063.93	24.43	0	1	t	12	Китай		{"ean": 4827798885710, "model": "X-style 323 RAIN Black", "uktved": 8517140000, "classid": 76, "groupid": 1050, "classname": "Мобільний телефон", "productid": 100580646}	2026-04-15 10:37:24.267714+03	2026-04-15 10:37:24.267729+03	0.00	0	8	14
690	Мобільний телефон Sigma X-style 323 RAIN Black-Orange (4827798885727)	sigma-x-style-323-rain-black-orange-4827798885727	4827798885727	U1133619		Модель: X-style 323 RAIN Black-Orange\nВиробник: Sigma\nГарантія: 12 міс.	1063.93	24.43	0	1	t	12	Китай		{"ean": 4827798885727, "model": "X-style 323 RAIN Black-Orange", "uktved": 8517140000, "classid": 76, "groupid": 1050, "classname": "Мобільний телефон", "productid": 100580647}	2026-04-15 10:37:24.274777+03	2026-04-15 10:37:24.274791+03	0.00	0	8	14
691	Мобільний телефон OUKITEL WP62 8/256GB Black (6941749825476)	oukitel-wp62-8256gb-black-6941749825476	6941749825476	U1134686		Модель: WP62 8/256GB Black\nВиробник: OUKITEL\nГарантія: 12 міс.	10669.75	11999.00	11	1	t	12	Китай		{"ean": 6941749825476, "model": "WP62 8/256GB Black", "uktved": 8517130000, "classid": 76, "groupid": 158, "classname": "Мобільний телефон", "exclusive": 1, "productid": 100581432}	2026-04-15 10:37:24.281677+03	2026-04-15 10:37:24.281691+03	0.00	0	16	14
692	Мобільний телефон OUKITEL WP62 8/256GB Silver (6941749824684)	oukitel-wp62-8256gb-silver-6941749824684	6941749824684	U1134688		Модель: WP62 8/256GB Silver\nВиробник: OUKITEL\nГарантія: 12 міс.	10669.75	11999.00	11	1	t	12	Китай		{"ean": 6941749824684, "model": "WP62 8/256GB Silver", "uktved": 8517130000, "classid": 76, "groupid": 158, "classname": "Мобільний телефон", "exclusive": 1, "productid": 100581433}	2026-04-15 10:37:24.288651+03	2026-04-15 10:37:24.288666+03	0.00	0	16	14
693	Мобільний телефон OUKITEL WP60 12/512GB Black (6941749843531)	oukitel-wp60-12512gb-black-6941749843531	6941749843531	U1134691		Модель: WP60 12/512GB Black\nВиробник: OUKITEL\nГарантія: 12 міс.	12629.50	13999.00	9	1	t	12	Китай		{"ean": 6941749843531, "model": "WP60 12/512GB Black", "uktved": 8517130000, "classid": 76, "groupid": 158, "classname": "Мобільний телефон", "exclusive": 1, "productid": 100581434}	2026-04-15 10:37:24.296222+03	2026-04-15 10:37:24.296238+03	0.00	0	16	14
694	Мобільний телефон OUKITEL WP60 12/512GB Silver (6941749843555)	oukitel-wp60-12512gb-silver-6941749843555	6941749843555	U1134693		Модель: WP60 12/512GB Silver\nВиробник: OUKITEL\nГарантія: 12 міс.	12629.50	13999.00	9	1	t	12	Китай		{"ean": 6941749843555, "model": "WP60 12/512GB Silver", "uktved": 8517130000, "classid": 76, "groupid": 158, "classname": "Мобільний телефон", "exclusive": 1, "productid": 100581435}	2026-04-15 10:37:24.30375+03	2026-04-15 10:37:24.303764+03	0.00	0	16	14
695	Мобільний телефон OUKITEL WP210 12/512GB Black (6941749819949)	oukitel-wp210-12512gb-black-6941749819949	6941749819949	U1134699		Модель: WP210 12/512GB Black\nВиробник: OUKITEL\nГарантія: 12 міс.	16113.50	16999.00	5	1	t	12	Китай		{"ean": 6941749819949, "model": "WP210 12/512GB Black", "uktved": 8517130000, "classid": 76, "groupid": 158, "classname": "Мобільний телефон", "exclusive": 1, "productid": 100581437}	2026-04-15 10:37:24.310604+03	2026-04-15 10:37:24.310633+03	0.00	0	16	14
696	Мобільний телефон Oppo Reno15 Pro 5G 12/512GB Aurora Blue (OFCPH2813_BLUE)	oppo-reno15-pro-5g-12512gb-aurora-blue-ofcph2813_blue	OFCPH2813_BLUE	U1135279		Модель: Reno15 Pro 5G 12/512GB Aurora Blue\nВиробник: Oppo\nГарантія: 12 міс.	33999.05	780.69	0	1	t	12	Китай		{"ean": 6932169387699, "model": "Reno15 Pro 5G 12/512GB Aurora Blue", "uktved": 8517130000, "classid": 76, "groupid": 1050, "classname": "Мобільний телефон", "productid": 100582209}	2026-04-15 10:37:24.316837+03	2026-04-15 10:37:24.316852+03	0.00	0	21	14
697	Мобільний телефон Oppo Reno15 Pro 5G 12/512GB Dusk Black (OFCPH2813_BLACK)	oppo-reno15-pro-5g-12512gb-dusk-black-ofcph2813_black	OFCPH2813_BLACK	U1135280		Модель: Reno15 Pro 5G 12/512GB  Dusk Black\nВиробник: Oppo\nГарантія: 12 міс.	33999.05	780.69	0	1	t	12	Китай		{"ean": 6932169387668, "model": "Reno15 Pro 5G 12/512GB  Dusk Black", "uktved": 8517130000, "classid": 76, "groupid": 1050, "classname": "Мобільний телефон", "productid": 100582210}	2026-04-15 10:37:24.323997+03	2026-04-15 10:37:24.32401+03	0.00	0	21	14
698	Мобільний телефон Oppo Reno15 5G 8/512GB Twilight Black (OFCPH2825_BLACK)	oppo-reno15-5g-8512gb-twilight-black-ofcph2825_black	OFCPH2825_BLACK	U1135289		Модель: Reno15 5G 8/512GB Twilight Black\nВиробник: Oppo\nГарантія: 12 міс.	22949.11	526.96	0	1	t	12	Китай		{"ean": 6932169393898, "model": "Reno15 5G 8/512GB Twilight Black", "uktved": 8517130000, "classid": 76, "groupid": 1050, "classname": "Мобільний телефон", "productid": 100582212}	2026-04-15 10:37:24.331084+03	2026-04-15 10:37:24.331098+03	0.00	0	21	14
699	Мобільний телефон Oppo Reno15 FS 5G 8/512GB Twilight Black (OFCPH2801_BLACK_512)	oppo-reno15-fs-5g-8512gb-twilight-black-ofcph2801_black_512	OFCPH2801_BLACK_512	U1135291		Модель: Reno15 FS 5G 8/512GB Twilight Black\nВиробник: Oppo\nГарантія: 12 міс.	16055.14	368.66	0	1	t	12	Китай		{"ean": 6932169394956, "model": "Reno15 FS 5G 8/512GB Twilight Black", "uktved": 8517130000, "classid": 76, "groupid": 1050, "classname": "Мобільний телефон", "productid": 100582213}	2026-04-15 10:37:24.33852+03	2026-04-15 10:37:24.338534+03	0.00	0	21	14
700	Мобільний телефон Oppo Reno15 FS 5G 8/512GB Aurora Blue (OFCPH2801_BLUE_512)	oppo-reno15-fs-5g-8512gb-aurora-blue-ofcph2801_blue_512	OFCPH2801_BLUE_512	U1135292		Модель: Reno15 FS 5G 8/512GB Aurora Blue\nВиробник: Oppo\nГарантія: 12 міс.	16055.14	368.66	0	1	t	12	Китай		{"ean": 6932169394949, "model": "Reno15 FS 5G 8/512GB Aurora Blue", "uktved": 8517130000, "classid": 76, "groupid": 1050, "classname": "Мобільний телефон", "productid": 100582214}	2026-04-15 10:37:24.344991+03	2026-04-15 10:37:24.345005+03	0.00	0	21	14
701	Мобільний телефон Oppo Reno15 F 5G 8/256GB Twilight Black (OFCPH2801_BLACK_256)	oppo-reno15-f-5g-8256gb-twilight-black-ofcph2801_black_256	OFCPH2801_BLACK_256	U1135294		Модель: Reno15 F 5G 8/256GB Twilight Black\nВиробник: Oppo\nГарантія: 12 міс.	13599.36	312.27	0	1	t	12	Китай		{"ean": 6932169394932, "model": "Reno15 F 5G 8/256GB Twilight Black", "uktved": 8517130000, "classid": 76, "groupid": 1050, "classname": "Мобільний телефон", "productid": 100582216}	2026-04-15 10:37:24.351447+03	2026-04-15 10:37:24.351462+03	0.00	0	21	14
702	Мобільний телефон Samsung Galaxy S26 Ultra 16/1Tb Black (SM-S948BZKHEUC)	samsung-galaxy-s26-ultra-161tb-black-sm-s948bzkheuc	SM-S948BZKHEUC	U1137105		Модель: Galaxy S26 Ultra 16/1Tb Black\nВиробник: Samsung\nГарантія: 12 міс.	65674.70	1508.03	0	1	t	12	В'єтнам		{"ean": 8806097827139, "model": "Galaxy S26 Ultra 16/1Tb Black", "uktved": 8517130000, "classid": 76, "groupid": 1050, "classname": "Мобільний телефон", "productid": 100583639}	2026-04-15 10:37:24.356347+03	2026-04-15 10:37:24.356355+03	0.00	0	15	14
703	Мобільний телефон Samsung Galaxy S26 Ultra 16/1Tb Sky Blue (SM-S948BLBHEUC)	samsung-galaxy-s26-ultra-161tb-sky-blue-sm-s948blbheuc	SM-S948BLBHEUC	U1137106		Модель: Galaxy S26 Ultra 16/1Tb Sky Blue\nВиробник: Samsung\nГарантія: 12 міс.	65674.70	1508.03	0	1	t	12	В'єтнам		{"ean": 8806097827269, "model": "Galaxy S26 Ultra 16/1Tb Sky Blue", "uktved": 8517130000, "classid": 76, "groupid": 1050, "classname": "Мобільний телефон", "productid": 100583640}	2026-04-15 10:37:24.360879+03	2026-04-15 10:37:24.360887+03	0.00	0	15	14
704	Мобільний телефон Samsung Galaxy S26 Ultra 16/1Tb Cobalt Violet (SM-S948BZVHEUC)	samsung-galaxy-s26-ultra-161tb-cobalt-violet-sm-s948bzvheuc	SM-S948BZVHEUC	U1137107		Модель: Galaxy S26 Ultra 16/1Tb Cobalt Violet\nВиробник: Samsung\nГарантія: 12 міс.	65674.70	1508.03	0	1	t	12	В'єтнам		{"ean": 8806097826989, "model": "Galaxy S26 Ultra 16/1Tb Cobalt Violet", "uktved": 8517130000, "classid": 76, "groupid": 1050, "classname": "Мобільний телефон", "productid": 100583641}	2026-04-15 10:37:24.36544+03	2026-04-15 10:37:24.365448+03	0.00	0	15	14
705	Мобільний телефон Samsung Galaxy S26 Ultra 16/1Tb White (SM-S948BZWHEUC)	samsung-galaxy-s26-ultra-161tb-white-sm-s948bzwheuc	SM-S948BZWHEUC	U1137108		Модель: Galaxy S26 Ultra 16/1Tb White\nВиробник: Samsung\nГарантія: 12 міс.	65674.70	1508.03	0	1	t	12	В'єтнам		{"ean": 8806097826835, "model": "Galaxy S26 Ultra 16/1Tb White", "uktved": 8517130000, "classid": 76, "groupid": 1050, "classname": "Мобільний телефон", "productid": 100583642}	2026-04-15 10:37:24.370024+03	2026-04-15 10:37:24.370031+03	0.00	0	15	14
706	Мобільний телефон Samsung Galaxy S26 Ultra 12/512Gb Black (SM-S948BZKGEUC)	samsung-galaxy-s26-ultra-12512gb-black-sm-s948bzkgeuc	SM-S948BZKGEUC	U1137109		Модель: Galaxy S26 Ultra 12/512Gb Black\nВиробник: Samsung\nГарантія: 12 міс.	57739.89	1325.83	0	1	t	12	В'єтнам		{"ean": 8806097827184, "model": "Galaxy S26 Ultra 12/512Gb Black", "uktved": 8517130000, "classid": 76, "groupid": 1050, "classname": "Мобільний телефон", "productid": 100583643}	2026-04-15 10:37:24.375987+03	2026-04-15 10:37:24.375995+03	0.00	0	15	14
707	Мобільний телефон Samsung Galaxy S26 Ultra 12/512Gb Sky Blue (SM-S948BLBGEUC)	samsung-galaxy-s26-ultra-12512gb-sky-blue-sm-s948blbgeuc	SM-S948BLBGEUC	U1137110		Модель: Galaxy S26 Ultra 12/512Gb Sky Blue\nВиробник: Samsung\nГарантія: 12 міс.	57719.86	1325.37	0	1	t	12	В'єтнам		{"ean": 8806097826743, "model": "Galaxy S26 Ultra 12/512Gb Sky Blue", "uktved": 8517130000, "classid": 76, "groupid": 1050, "classname": "Мобільний телефон", "productid": 100583644}	2026-04-15 10:37:24.380663+03	2026-04-15 10:37:24.380671+03	0.00	0	15	14
708	Мобільний телефон Samsung Galaxy S26 Ultra 12/512Gb Cobalt Violet (SM-S948BZVGEUC)	samsung-galaxy-s26-ultra-12512gb-cobalt-violet-sm-s948bzvgeuc	SM-S948BZVGEUC	U1137111		Модель: Galaxy S26 Ultra 12/512Gb Cobalt Violet\nВиробник: Samsung\nГарантія: 12 міс.	57739.89	1325.83	0	1	t	12	В'єтнам		{"ean": 8806097827023, "model": "Galaxy S26 Ultra 12/512Gb Cobalt Violet", "uktved": 8517130000, "classid": 76, "groupid": 1050, "classname": "Мобільний телефон", "productid": 100583645}	2026-04-15 10:37:24.385176+03	2026-04-15 10:37:24.385184+03	0.00	0	15	14
709	Мобільний телефон Samsung Galaxy S26 Ultra 12/512Gb White (SM-S948BZWGEUC)	samsung-galaxy-s26-ultra-12512gb-white-sm-s948bzwgeuc	SM-S948BZWGEUC	U1137112		Модель: Galaxy S26 Ultra 12/512Gb White\nВиробник: Samsung\nГарантія: 12 міс.	57719.86	1325.37	0	1	t	12	В'єтнам		{"ean": 8806097826873, "model": "Galaxy S26 Ultra 12/512Gb White", "uktved": 8517130000, "classid": 76, "groupid": 1050, "classname": "Мобільний телефон", "productid": 100583646}	2026-04-15 10:37:24.389255+03	2026-04-15 10:37:24.389263+03	0.00	0	15	14
710	Мобільний телефон Samsung Galaxy S26 Ultra 12/256Gb White (SM-S948BZWDEUC)	samsung-galaxy-s26-ultra-12256gb-white-sm-s948bzwdeuc	SM-S948BZWDEUC	U1137113		Модель: Galaxy S26 Ultra 12/256Gb White\nВиробник: Samsung\nГарантія: 12 міс.	52880.15	1214.24	0	1	t	12	В'єтнам		{"ean": 8806097826934, "model": "Galaxy S26 Ultra 12/256Gb White", "uktved": 8517130000, "classid": 76, "groupid": 1050, "classname": "Мобільний телефон", "productid": 100583647}	2026-04-15 10:37:24.393918+03	2026-04-15 10:37:24.393926+03	0.00	0	15	14
711	Мобільний телефон Samsung Galaxy S26 Ultra 12/256Gb Black (SM-S948BZKDEUC)	samsung-galaxy-s26-ultra-12256gb-black-sm-s948bzkdeuc	SM-S948BZKDEUC	U1137114		Модель: Galaxy S26 Ultra 12/256Gb Black\nВиробник: Samsung\nГарантія: 12 міс.	52880.15	1214.24	0	1	t	12	В'єтнам		{"ean": 8806097827238, "model": "Galaxy S26 Ultra 12/256Gb Black", "uktved": 8517130000, "classid": 76, "groupid": 1050, "classname": "Мобільний телефон", "productid": 100583648}	2026-04-15 10:37:24.398605+03	2026-04-15 10:37:24.398623+03	0.00	0	15	14
712	Мобільний телефон Samsung Galaxy S26 Ultra 12/256Gb Sky Blue (SM-S948BLBDEUC)	samsung-galaxy-s26-ultra-12256gb-sky-blue-sm-s948blbdeuc	SM-S948BLBDEUC	U1137115		Модель: Galaxy S26 Ultra 12/256Gb Sky Blue\nВиробник: Samsung\nГарантія: 12 міс.	52854.89	1213.66	0	1	t	12	В'єтнам		{"ean": 8806097826767, "model": "Galaxy S26 Ultra 12/256Gb Sky Blue", "uktved": 8517130000, "classid": 76, "groupid": 1050, "classname": "Мобільний телефон", "productid": 100583649}	2026-04-15 10:37:24.402807+03	2026-04-15 10:37:24.402814+03	0.00	0	15	14
713	Мобільний телефон Samsung Galaxy S26 Ultra 12/256Gb Cobalt Violet (SM-S948BZVDEUC)	samsung-galaxy-s26-ultra-12256gb-cobalt-violet-sm-s948bzvdeuc	SM-S948BZVDEUC	U1137116		Модель: Galaxy S26 Ultra 12/256Gb Cobalt Violet\nВиробник: Samsung\nГарантія: 12 міс.	52854.89	1213.66	0	1	t	12	В'єтнам		{"ean": 8806097827085, "model": "Galaxy S26 Ultra 12/256Gb Cobalt Violet", "uktved": 8517130000, "classid": 76, "groupid": 1050, "classname": "Мобільний телефон", "productid": 100583650}	2026-04-15 10:37:24.406934+03	2026-04-15 10:37:24.406942+03	0.00	0	15	14
714	Мобільний телефон Samsung Galaxy S26+ 12/512Gb Black (SM-S947BZKGEUC)	samsung-galaxy-s26-12512gb-black-sm-s947bzkgeuc	SM-S947BZKGEUC	U1137117		Модель: Galaxy S26+ 12/512Gb Black\nВиробник: Samsung\nГарантія: 12 міс.	49299.91	1132.03	0	1	t	12	В'єтнам		{"ean": 8806097828310, "model": "Galaxy S26+ 12/512Gb Black", "uktved": 8517130000, "classid": 76, "groupid": 1050, "classname": "Мобільний телефон", "productid": 100583651}	2026-04-15 10:37:24.41173+03	2026-04-15 10:37:24.411738+03	0.00	0	15	14
715	Мобільний телефон Samsung Galaxy S26+ 12/512Gb Sky Blue (SM-S947BLBGEUC)	samsung-galaxy-s26-12512gb-sky-blue-sm-s947blbgeuc	SM-S947BLBGEUC	U1137118		Модель: Galaxy S26+ 12/512Gb Sky Blue\nВиробник: Samsung\nГарантія: 12 міс.	49299.91	1132.03	0	1	t	12	В'єтнам		{"ean": 8806097828440, "model": "Galaxy S26+ 12/512Gb Sky Blue", "uktved": 8517130000, "classid": 76, "groupid": 1050, "classname": "Мобільний телефон", "productid": 100583652}	2026-04-15 10:37:24.417435+03	2026-04-15 10:37:24.417449+03	0.00	0	15	14
716	Мобільний телефон Samsung Galaxy S26+ 12/512Gb Cobalt Violet (SM-S947BZVGEUC)	samsung-galaxy-s26-12512gb-cobalt-violet-sm-s947bzvgeuc	SM-S947BZVGEUC	U1137119		Модель: Galaxy S26+ 12/512Gb Cobalt Violet\nВиробник: Samsung\nГарантія: 12 міс.	49299.91	1132.03	0	1	t	12	В'єтнам		{"ean": 8806097828204, "model": "Galaxy S26+ 12/512Gb Cobalt Violet", "uktved": 8517130000, "classid": 76, "groupid": 1050, "classname": "Мобільний телефон", "productid": 100583653}	2026-04-15 10:37:24.425829+03	2026-04-15 10:37:24.425845+03	0.00	0	15	14
717	Мобільний телефон Samsung Galaxy S26+ 12/512Gb White (SM-S947BZWGEUC)	samsung-galaxy-s26-12512gb-white-sm-s947bzwgeuc	SM-S947BZWGEUC	U1137120		Модель: Galaxy S26+ 12/512Gb White\nВиробник: Samsung\nГарантія: 12 міс.	49299.91	1132.03	0	1	t	12	В'єтнам		{"ean": 8806097828112, "model": "Galaxy S26+ 12/512Gb White", "uktved": 8517130000, "classid": 76, "groupid": 1050, "classname": "Мобільний телефон", "productid": 100583654}	2026-04-15 10:37:24.434493+03	2026-04-15 10:37:24.434508+03	0.00	0	15	14
718	Мобільний телефон Samsung Galaxy S26+ 12/256Gb Black (SM-S947BZKDEUC)	samsung-galaxy-s26-12256gb-black-sm-s947bzkdeuc	SM-S947BZKDEUC	U1137121		Модель: Galaxy S26+ 12/256Gb Black\nВиробник: Samsung\nГарантія: 12 міс.	44749.80	1027.55	0	1	t	12	В'єтнам		{"ean": 8806097828365, "model": "Galaxy S26+ 12/256Gb Black", "uktved": 8517130000, "classid": 76, "groupid": 1050, "classname": "Мобільний телефон", "productid": 100583655}	2026-04-15 10:37:24.443251+03	2026-04-15 10:37:24.443268+03	0.00	0	15	14
719	Мобільний телефон Samsung Galaxy S26+ 12/256Gb Sky Blue (SM-S947BLBDEUC)	samsung-galaxy-s26-12256gb-sky-blue-sm-s947blbdeuc	SM-S947BLBDEUC	U1137122		Модель: Galaxy S26+ 12/256Gb Sky Blue\nВиробник: Samsung\nГарантія: 12 міс.	44749.80	1027.55	0	1	t	12	В'єтнам		{"ean": 8806097828488, "model": "Galaxy S26+ 12/256Gb Sky Blue", "uktved": 8517130000, "classid": 76, "groupid": 1050, "classname": "Мобільний телефон", "productid": 100583656}	2026-04-15 10:37:24.450519+03	2026-04-15 10:37:24.450533+03	0.00	0	15	14
720	Мобільний телефон Samsung Galaxy S26+ 12/256Gb White (SM-S947BZWDEUC)	samsung-galaxy-s26-12256gb-white-sm-s947bzwdeuc	SM-S947BZWDEUC	U1137124		Модель: Galaxy S26+ 12/256Gb White\nВиробник: Samsung\nГарантія: 12 міс.	44749.80	1027.55	0	1	t	12	В'єтнам		{"ean": 8806097828167, "model": "Galaxy S26+ 12/256Gb White", "uktved": 8517130000, "classid": 76, "groupid": 1050, "classname": "Мобільний телефон", "productid": 100583658}	2026-04-15 10:37:24.457143+03	2026-04-15 10:37:24.457157+03	0.00	0	15	14
721	Мобільний телефон Samsung Galaxy S26 12/512Gb Black (SM-S942BZKHEUC)	samsung-galaxy-s26-12512gb-black-sm-s942bzkheuc	SM-S942BZKHEUC	U1137125		Модель: Galaxy S26 12/512Gb Black\nВиробник: Samsung\nГарантія: 12 міс.	42245.24	970.04	0	1	t	12	В'єтнам		{"ean": 8806097827429, "model": "Galaxy S26 12/512Gb Black", "uktved": 8517130000, "classid": 76, "groupid": 1050, "classname": "Мобільний телефон", "productid": 100583659}	2026-04-15 10:37:24.463494+03	2026-04-15 10:37:24.463508+03	0.00	0	15	14
722	Мобільний телефон Samsung Galaxy S26 12/512Gb Sky Blue (SM-S942BLBHEUC)	samsung-galaxy-s26-12512gb-sky-blue-sm-s942blbheuc	SM-S942BLBHEUC	U1137126		Модель: Galaxy S26 12/512Gb Sky Blue\nВиробник: Samsung\nГарантія: 12 міс.	42245.24	970.04	0	1	t	12	В'єтнам		{"ean": 8806097827573, "model": "Galaxy S26 12/512Gb Sky Blue", "uktved": 8517130000, "classid": 76, "groupid": 1050, "classname": "Мобільний телефон", "productid": 100583660}	2026-04-15 10:37:24.470574+03	2026-04-15 10:37:24.470589+03	0.00	0	15	14
723	Мобільний телефон Samsung Galaxy S26 12/512Gb Cobalt Violet (SM-S942BZVHEUC)	samsung-galaxy-s26-12512gb-cobalt-violet-sm-s942bzvheuc	SM-S942BZVHEUC	U1137127		Модель: Galaxy S26 12/512Gb Cobalt Violet\nВиробник: Samsung\nГарантія: 12 міс.	42245.24	970.04	0	1	t	12	В'єтнам		{"ean": 8806097827870, "model": "Galaxy S26 12/512Gb Cobalt Violet", "uktved": 8517130000, "classid": 76, "groupid": 1050, "classname": "Мобільний телефон", "productid": 100583661}	2026-04-15 10:37:24.477701+03	2026-04-15 10:37:24.477716+03	0.00	0	15	14
724	Мобільний телефон Samsung Galaxy S26 12/512Gb White (SM-S942BZWHEUC)	samsung-galaxy-s26-12512gb-white-sm-s942bzwheuc	SM-S942BZWHEUC	U1137128		Модель: Galaxy S26 12/512Gb White\nВиробник: Samsung\nГарантія: 12 міс.	42245.24	970.04	0	1	t	12	В'єтнам		{"ean": 8806097827726, "model": "Galaxy S26 12/512Gb White", "uktved": 8517130000, "classid": 76, "groupid": 1050, "classname": "Мобільний телефон", "productid": 100583662}	2026-04-15 10:37:24.485338+03	2026-04-15 10:37:24.485353+03	0.00	0	15	14
725	Мобільний телефон Samsung Galaxy S26 12/256Gb Black (SM-S942BZKGEUC)	samsung-galaxy-s26-12256gb-black-sm-s942bzkgeuc	SM-S942BZKGEUC	U1137129		Модель: Galaxy S26 12/256Gb Black\nВиробник: Samsung\nГарантія: 12 міс.	37379.84	858.32	0	1	t	12	В'єтнам		{"ean": 8806097827474, "model": "Galaxy S26 12/256Gb Black", "uktved": 8517130000, "classid": 76, "groupid": 1050, "classname": "Мобільний телефон", "productid": 100583663}	2026-04-15 10:37:24.492049+03	2026-04-15 10:37:24.492063+03	0.00	0	15	14
726	Мобільний телефон Samsung Galaxy S26 12/256Gb Sky Blue (SM-S942BLBGEUC)	samsung-galaxy-s26-12256gb-sky-blue-sm-s942blbgeuc	SM-S942BLBGEUC	U1137130		Модель: Galaxy S26 12/256Gb Sky Blue\nВиробник: Samsung\nГарантія: 12 міс.	37379.84	858.32	0	1	t	12	В'єтнам		{"ean": 8806097827627, "model": "Galaxy S26 12/256Gb Sky Blue", "uktved": 8517130000, "classid": 76, "groupid": 1050, "classname": "Мобільний телефон", "productid": 100583664}	2026-04-15 10:37:24.498542+03	2026-04-15 10:37:24.498557+03	0.00	0	15	14
727	Мобільний телефон Samsung Galaxy S26 12/256Gb Cobalt Violet (SM-S942BZVGEUC)	samsung-galaxy-s26-12256gb-cobalt-violet-sm-s942bzvgeuc	SM-S942BZVGEUC	U1137131		Модель: Galaxy S26 12/256Gb Cobalt Violet\nВиробник: Samsung\nГарантія: 12 міс.	37379.84	858.32	0	1	t	12	В'єтнам		{"ean": 8806097827320, "model": "Galaxy S26 12/256Gb Cobalt Violet", "uktved": 8517130000, "classid": 76, "groupid": 1050, "classname": "Мобільний телефон", "productid": 100583665}	2026-04-15 10:37:24.505487+03	2026-04-15 10:37:24.505501+03	0.00	0	15	14
728	Мобільний телефон Samsung Galaxy S26 12/256Gb White (SM-S942BZWGEUC)	samsung-galaxy-s26-12256gb-white-sm-s942bzwgeuc	SM-S942BZWGEUC	U1137132		Модель: Galaxy S26 12/256Gb White\nВиробник: Samsung\nГарантія: 12 міс.	37379.84	858.32	0	1	t	12	В'єтнам		{"ean": 8806097827771, "model": "Galaxy S26 12/256Gb White", "uktved": 8517130000, "classid": 76, "groupid": 1050, "classname": "Мобільний телефон", "productid": 100583666}	2026-04-15 10:37:24.512478+03	2026-04-15 10:37:24.512492+03	0.00	0	15	14
729	Мобільний телефон Oppo A6 6/256GB Sapphire Blue (OFCPH2817_BLUE)	oppo-a6-6256gb-sapphire-blue-ofcph2817_blue	OFCPH2817_BLUE	U1138122		Модель: A6 6/256GB Sapphire Blue\nВиробник: Oppo\nГарантія: 12 міс.	8499.65	195.17	0	1	t	12	Китай		{"ean": 6932169390668, "model": "A6 6/256GB Sapphire Blue", "uktved": 8517130000, "classid": 76, "groupid": 1050, "classname": "Мобільний телефон", "productid": 100584952}	2026-04-15 10:37:24.519263+03	2026-04-15 10:37:24.519278+03	0.00	0	21	14
730	Мобільний телефон Oppo A6 6/256GB Aurora Gold (OFCPH2817_GOLD)	oppo-a6-6256gb-aurora-gold-ofcph2817_gold	OFCPH2817_GOLD	U1138123		Модель: A6 6/256GB Aurora Gold\nВиробник: Oppo\nГарантія: 12 міс.	8499.65	195.17	0	1	t	12	Китай		{"ean": 6932169390675, "model": "A6 6/256GB Aurora Gold", "uktved": 8517130000, "classid": 76, "groupid": 1050, "classname": "Мобільний телефон", "productid": 100584953}	2026-04-15 10:37:24.528528+03	2026-04-15 10:37:24.528542+03	0.00	0	21	14
731	Мобільний телефон Oppo A6X NFC 4/128GB Plum Purple (OFCPH2819_PURPLE)	oppo-a6x-nfc-4128gb-plum-purple-ofcph2819_purple	OFCPH2819_PURPLE	U1138138		Модель: A6X NFC 4/128GB Plum Purple\nВиробник: Oppo\nГарантія: 12 міс.	5339.23	122.60	0	1	t	12	Китай		{"ean": 6932169394369, "model": "A6X NFC 4/128GB Plum Purple", "uktved": 8517130000, "classid": 76, "groupid": 1050, "classname": "Мобільний телефон", "productid": 100584954}	2026-04-15 10:37:24.53566+03	2026-04-15 10:37:24.535674+03	0.00	0	21	14
732	Мобільний телефон Oppo A6X NFC 4/128GB Ice Blue (OFCPH2819_BLUE)	oppo-a6x-nfc-4128gb-ice-blue-ofcph2819_blue	OFCPH2819_BLUE	U1138139		Модель: A6X NFC 4/128GB Ice Blue\nВиробник: Oppo\nГарантія: 12 міс.	5339.23	122.60	0	1	t	12	Китай		{"ean": 6932169394277, "model": "A6X NFC 4/128GB Ice Blue", "uktved": 8517130000, "classid": 76, "groupid": 1050, "classname": "Мобільний телефон", "productid": 100584955}	2026-04-15 10:37:24.543082+03	2026-04-15 10:37:24.543098+03	0.00	0	21	14
733	Мобільний телефон Nomi i2320 Red	nomi-i2320-red	i2320 Red	U1139852		Модель: i2320 Red\nВиробник: Nomi\nГарантія: 12 міс.	808.72	18.57	0	1	t	12	Китай		{"ean": 1012567178, "model": "i2320 Red", "uktved": 8517140000, "classid": 76, "groupid": 1050, "classname": "Мобільний телефон", "productid": 100586345}	2026-04-15 10:37:24.550371+03	2026-04-15 10:37:24.550387+03	0.00	0	13	14
734	Мобільний телефон OnePlus Nord CE 5 5G 8/256GB Black	oneplus-nord-ce-5-5g-8256gb-black	Nord CE 5  5G 8/256GB Black	U1140489		Модель: Nord CE 5  5G 8/256GB Black\nВиробник: OnePlus\nГарантія: 12 міс.	15904.02	16999.00	6	1	t	12	Китай		{"ean": 6921815629511, "model": "Nord CE 5  5G 8/256GB Black", "uktved": 8517130000, "classid": 76, "groupid": 1050, "classname": "Мобільний телефон", "productid": 100586963}	2026-04-15 10:37:24.557194+03	2026-04-15 10:37:24.557209+03	0.00	0	28	14
735	Мобільний телефон Ergo R202 Black	ergo-r202-black	R202 Black	U1140492		Модель: R202 Black\nВиробник: Ergo\nГарантія: 12 міс.	668.06	15.34	0	1	t	12	Китай		{"ean": 6900071372690, "model": "R202 Black", "uktved": 8517140000, "classid": 76, "groupid": 1050, "classname": "Мобільний телефон", "productid": 100586964}	2026-04-15 10:37:24.563817+03	2026-04-15 10:37:24.563832+03	0.00	0	11	14
736	Мобільний телефон Xiaomi Redmi Note 15 Pro 5G 8/512GB Black (1186955)	xiaomi-redmi-note-15-pro-5g-8512gb-black-1186955	1186955	U1140503		Модель: Redmi Note 15 Pro 5G 8/512GB Black\nВиробник: Xiaomi\nГарантія: 12 міс.	13048.89	299.63	0	1	t	12	Китай		{"ean": 6932554478346, "model": "Redmi Note 15 Pro 5G 8/512GB Black", "uktved": 8517130000, "classid": 76, "groupid": 1050, "classname": "Мобільний телефон", "productid": 100586965}	2026-04-15 10:37:24.571013+03	2026-04-15 10:37:24.571028+03	0.00	0	25	14
737	Мобільний телефон Xiaomi Redmi Note 15 Pro 5G 8/512GB Titanium Color (1186957)	xiaomi-redmi-note-15-pro-5g-8512gb-titanium-color-1186957	1186957	U1140504		Модель: Redmi Note 15 Pro 5G 8/512GB Titanium Color\nВиробник: Xiaomi\nГарантія: 12 міс.	13048.89	299.63	0	1	t	12	Китай		{"ean": 6932554485115, "model": "Redmi Note 15 Pro 5G 8/512GB Titanium Color", "uktved": 8517130000, "classid": 76, "groupid": 1050, "classname": "Мобільний телефон", "productid": 100586966}	2026-04-15 10:37:24.578116+03	2026-04-15 10:37:24.578133+03	0.00	0	25	14
738	Мобільний телефон Xiaomi Redmi Note 15 Pro 5G 8/512GB Glacier Blue (1186956)	xiaomi-redmi-note-15-pro-5g-8512gb-glacier-blue-1186956	1186956	U1140505		Модель: Redmi Note 15 Pro 5G 8/512GB Glacier Blue\nВиробник: Xiaomi\nГарантія: 12 міс.	13048.89	299.63	0	1	t	12	Китай		{"ean": 6932554485221, "model": "Redmi Note 15 Pro 5G 8/512GB Glacier Blue", "uktved": 8517130000, "classid": 76, "groupid": 1050, "classname": "Мобільний телефон", "productid": 100586967}	2026-04-15 10:37:24.585048+03	2026-04-15 10:37:24.585064+03	0.00	0	25	14
739	Мобільний телефон Motorola G77 8/256GB Black Olive (Black) (PBAW0026RS)	motorola-g77-8256gb-black-olive-black-pbaw0026rs	PBAW0026RS	U1140824		Модель: G77  8/256GB Black Olive (Black)\nВиробник: Motorola\nГарантія: 12 міс.	10438.93	239.70	0	1	t	12	Китай		{"ean": 840493616629, "model": "G77  8/256GB Black Olive (Black)", "uktved": 8517130000, "classid": 76, "groupid": 1050, "classname": "Мобільний телефон", "productid": 100587253}	2026-04-15 10:37:24.59201+03	2026-04-15 10:37:24.592026+03	0.00	0	18	14
740	Мобільний телефон Motorola G77 8/256GB Shaded Spruce (Green) (PBAW0027RS)	motorola-g77-8256gb-shaded-spruce-green-pbaw0027rs	PBAW0027RS	U1140826		Модель: G77  8/256GB Shaded Spruce (Green)\nВиробник: Motorola\nГарантія: 12 міс.	10438.93	239.70	0	1	t	12	Китай		{"ean": 840493616636, "model": "G77  8/256GB Shaded Spruce (Green)", "uktved": 8517130000, "classid": 76, "groupid": 1050, "classname": "Мобільний телефон", "productid": 100587254}	2026-04-15 10:37:24.598958+03	2026-04-15 10:37:24.598974+03	0.00	0	18	14
741	Мобільний телефон Motorola G17 Power 8/256GB Evening Blue (PBBM0005RS)	motorola-g17-power-8256gb-evening-blue-pbbm0005rs	PBBM0005RS	U1140828		Модель: G17 Power 8/256GB Evening Blue\nВиробник: Motorola\nГарантія: 12 міс.	7563.76	173.68	0	1	t	12	Китай		{"ean": 840493616445, "model": "G17 Power 8/256GB Evening Blue", "uktved": 8517130000, "classid": 76, "groupid": 1050, "classname": "Мобільний телефон", "productid": 100587255}	2026-04-15 10:37:24.605689+03	2026-04-15 10:37:24.605704+03	0.00	0	18	14
742	Мобільний телефон Motorola G17 Power 8/256GB Alaskan Blue (PBBM0004RS)	motorola-g17-power-8256gb-alaskan-blue-pbbm0004rs	PBBM0004RS	U1140830		Модель: G17 Power 8/256GB Alaskan Blue\nВиробник: Motorola\nГарантія: 12 міс.	7563.76	173.68	0	1	t	12	Китай		{"ean": 840493616414, "model": "G17 Power 8/256GB Alaskan Blue", "uktved": 8517130000, "classid": 76, "groupid": 1050, "classname": "Мобільний телефон", "productid": 100587256}	2026-04-15 10:37:24.613209+03	2026-04-15 10:37:24.613225+03	0.00	0	18	14
743	Мобільний телефон Tecno Camon 50 12/256Gb Moonshadow Black (4894947116216)	tecno-camon-50-12256gb-moonshadow-black-4894947116216	4894947116216	U1142325		Модель: Camon 50 12/256Gb Moonshadow Black\nВиробник: Tecno\nГарантія: 12 міс.	12851.61	295.10	0	1	t	12	Китай		{"ean": 4894947116216, "model": "Camon 50 12/256Gb Moonshadow Black", "uktved": 8517130000, "classid": 76, "groupid": 1050, "classname": "Мобільний телефон", "productid": 100588725}	2026-04-15 10:37:24.622+03	2026-04-15 10:37:24.622016+03	0.00	0	20	14
744	Мобільний телефон Ergo E182 Black	ergo-e182-black	E182 Black	U1142802		Модель: E182 Black\nВиробник: Ergo\nГарантія: 12 міс.	604.91	13.89	0	1	t	12	Китай		{"ean": 6900072164188, "model": "E182 Black", "uktved": 8517140000, "classid": 76, "groupid": 1050, "classname": "Мобільний телефон", "productid": 100588869}	2026-04-15 10:37:24.630745+03	2026-04-15 10:37:24.630761+03	0.00	0	11	14
745	Мобільний телефон Xiaomi 17 12/256GB Ice Blue (1186344)	xiaomi-17-12256gb-ice-blue-1186344	1186344	U1144596		Модель: 17 12/256GB Ice Blue\nВиробник: Xiaomi\nГарантія: 24 міс.	40039.00	919.38	0	1	t	24	Китай		{"ean": 6932554482169, "model": "17 12/256GB Ice Blue", "uktved": 8517130000, "classid": 76, "groupid": 1050, "classname": "Мобільний телефон", "productid": 100590981}	2026-04-15 10:37:24.639451+03	2026-04-15 10:37:24.639466+03	0.00	0	25	14
746	Мобільний телефон Xiaomi 17 12/512GB Alpine Pink (1186349)	xiaomi-17-12512gb-alpine-pink-1186349	1186349	U1144601		Модель: 17 12/512GB Alpine Pink\nВиробник: Xiaomi\nГарантія: 24 міс.	40498.89	929.94	0	1	t	24	Китай		{"ean": 6932554482145, "model": "17 12/512GB Alpine Pink", "uktved": 8517130000, "classid": 76, "groupid": 1050, "classname": "Мобільний телефон", "productid": 100590983}	2026-04-15 10:37:24.647328+03	2026-04-15 10:37:24.647343+03	0.00	0	25	14
747	Мобільний телефон Xiaomi 17 12/512GB Black (1186346)	xiaomi-17-12512gb-black-1186346	1186346	U1144603		Модель: 17 12/512GB Black\nВиробник: Xiaomi\nГарантія: 24 міс.	40498.89	929.94	0	1	t	24	Китай		{"ean": 6932554482084, "model": "17 12/512GB Black", "uktved": 8517130000, "classid": 76, "groupid": 1050, "classname": "Мобільний телефон", "productid": 100590984}	2026-04-15 10:37:24.654448+03	2026-04-15 10:37:24.654467+03	0.00	0	25	14
748	Мобільний телефон Xiaomi 17 12/512GB Ice Blue (1186347)	xiaomi-17-12512gb-ice-blue-1186347	1186347	U1144604		Модель: 17 12/512GB  Ice Blue\nВиробник: Xiaomi\nГарантія: 24 міс.	40498.89	929.94	0	1	t	24	Китай		{"ean": 6932554483418, "model": "17 12/512GB  Ice Blue", "uktved": 8517130000, "classid": 76, "groupid": 1050, "classname": "Мобільний телефон", "productid": 100590985}	2026-04-15 10:37:24.661335+03	2026-04-15 10:37:24.661349+03	0.00	0	25	14
749	Мобільний телефон Xiaomi 17 12/512GB Venture Green (1186348)	xiaomi-17-12512gb-venture-green-1186348	1186348	U1144605		Модель: 17 12/512GB Venture Green\nВиробник: Xiaomi\nГарантія: 24 міс.	40498.89	929.94	0	1	t	24	Китай		{"ean": 6932554482305, "model": "17 12/512GB Venture Green", "uktved": 8517130000, "classid": 76, "groupid": 1050, "classname": "Мобільний телефон", "productid": 100590986}	2026-04-15 10:37:24.668158+03	2026-04-15 10:37:24.668172+03	0.00	0	25	14
750	Мобільний телефон Xiaomi 17 Ultra 16/512GB Starlit Green (1186351)	xiaomi-17-ultra-16512gb-starlit-green-1186351	1186351	U1144606		Модель: 17 Ultra 16/512GB Starlit Green\nВиробник: Xiaomi\nГарантія: 24 міс.	56699.05	1301.93	0	1	t	24	Китай		{"ean": 6932554483685, "model": "17 Ultra 16/512GB Starlit Green", "uktved": 8517130000, "classid": 76, "groupid": 1050, "classname": "Мобільний телефон", "productid": 100590987}	2026-04-15 10:37:24.675501+03	2026-04-15 10:37:24.67552+03	0.00	0	25	14
751	Мобільний телефон Xiaomi 17 Ultra 16/512GB White (1186352)	xiaomi-17-ultra-16512gb-white-1186352	1186352	U1144607		Модель: 17 Ultra 16/512GB White\nВиробник: Xiaomi\nГарантія: 24 міс.	56699.05	1301.93	0	1	t	24	Китай		{"ean": 6932554483609, "model": "17 Ultra 16/512GB White", "uktved": 8517130000, "classid": 76, "groupid": 1050, "classname": "Мобільний телефон", "productid": 100590988}	2026-04-15 10:37:24.682883+03	2026-04-15 10:37:24.682898+03	0.00	0	25	14
752	Мобільний телефон Samsung Galaxy A57 5G 12/512Gb Dark Blue (SM-A576BDBHEUC)	samsung-galaxy-a57-5g-12512gb-dark-blue-sm-a576bdbheuc	SM-A576BDBHEUC	U1144642		Модель: Galaxy A57 5G 12/512Gb Dark Blue\nВиробник: Samsung\nГарантія: 12 міс.	27075.04	621.70	0	1	t	12	В'єтнам		{"ean": 8806099028237, "model": "Galaxy A57 5G 12/512Gb Dark Blue", "uktved": 8517130000, "classid": 76, "groupid": 1050, "classname": "Мобільний телефон", "productid": 100590989}	2026-04-15 10:37:24.689813+03	2026-04-15 10:37:24.689832+03	0.00	0	15	14
753	Мобільний телефон Samsung Galaxy A57 5G 12/512Gb Gray (SM-A576BZAHEUC)	samsung-galaxy-a57-5g-12512gb-gray-sm-a576bzaheuc	SM-A576BZAHEUC	U1144643		Модель: Galaxy A57 5G 12/512Gb Gray\nВиробник: Samsung\nГарантія: 12 міс.	27075.04	621.70	0	1	t	12	В'єтнам		{"ean": 8806099025830, "model": "Galaxy A57 5G 12/512Gb Gray", "uktved": 8517130000, "classid": 76, "groupid": 1050, "classname": "Мобільний телефон", "productid": 100590990}	2026-04-15 10:37:24.696933+03	2026-04-15 10:37:24.696947+03	0.00	0	15	14
754	Мобільний телефон Samsung Galaxy A57 5G 12/512Gb Light Blue (SM-A576BLBHEUC)	samsung-galaxy-a57-5g-12512gb-light-blue-sm-a576blbheuc	SM-A576BLBHEUC	U1144644		Модель: Galaxy A57 5G 12/512Gb Light Blue\nВиробник: Samsung\nГарантія: 12 міс.	27075.04	621.70	0	1	t	12	В'єтнам		{"ean": 8806099025878, "model": "Galaxy A57 5G 12/512Gb Light Blue", "uktved": 8517130000, "classid": 76, "groupid": 1050, "classname": "Мобільний телефон", "productid": 100590991}	2026-04-15 10:37:24.703897+03	2026-04-15 10:37:24.703912+03	0.00	0	15	14
755	Мобільний телефон Samsung Galaxy A57 5G 12/512Gb Violet (SM-A576BZVHEUC)	samsung-galaxy-a57-5g-12512gb-violet-sm-a576bzvheuc	SM-A576BZVHEUC	U1144645		Модель: Galaxy A57 5G 12/512Gb Violet\nВиробник: Samsung\nГарантія: 12 міс.	27075.04	621.70	0	1	t	12	В'єтнам		{"ean": 8806099025762, "model": "Galaxy A57 5G 12/512Gb Violet", "uktved": 8517130000, "classid": 76, "groupid": 1050, "classname": "Мобільний телефон", "productid": 100590992}	2026-04-15 10:37:24.710714+03	2026-04-15 10:37:24.710729+03	0.00	0	15	14
756	Мобільний телефон Samsung Galaxy A57 5G 8/256Gb Dark Blue (SM-A576BDBDEUC)	samsung-galaxy-a57-5g-8256gb-dark-blue-sm-a576bdbdeuc	SM-A576BDBDEUC	U1144646		Модель: Galaxy A57 5G 8/256Gb Dark Blue\nВиробник: Samsung\nГарантія: 12 міс.	22280.18	511.60	0	1	t	12	В'єтнам		{"ean": 8806099028268, "model": "Galaxy A57 5G 8/256Gb Dark Blue", "uktved": 8517130000, "classid": 76, "groupid": 1050, "classname": "Мобільний телефон", "productid": 100590993}	2026-04-15 10:37:24.717586+03	2026-04-15 10:37:24.717602+03	0.00	0	15	14
757	Мобільний телефон Samsung Galaxy A57 5G 8/256Gb Gray (SM-A576BZADEUC)	samsung-galaxy-a57-5g-8256gb-gray-sm-a576bzadeuc	SM-A576BZADEUC	U1144647		Модель: Galaxy A57 5G 8/256Gb Gray\nВиробник: Samsung\nГарантія: 12 міс.	22280.18	511.60	0	1	t	12	В'єтнам		{"ean": 8806099025854, "model": "Galaxy A57 5G 8/256Gb Gray", "uktved": 8517130000, "classid": 76, "groupid": 1050, "classname": "Мобільний телефон", "productid": 100590994}	2026-04-15 10:37:24.722296+03	2026-04-15 10:37:24.722304+03	0.00	0	15	14
758	Мобільний телефон Samsung Galaxy A57 5G 8/256Gb Light Blue (SM-A576BLBDEUC)	samsung-galaxy-a57-5g-8256gb-light-blue-sm-a576blbdeuc	SM-A576BLBDEUC	U1144648		Модель: Galaxy A57 5G 8/256Gb Light Blue\nВиробник: Samsung\nГарантія: 12 міс.	22280.18	511.60	0	1	t	12	В'єтнам		{"ean": 8806099025908, "model": "Galaxy A57 5G 8/256Gb Light Blue", "uktved": 8517130000, "classid": 76, "groupid": 1050, "classname": "Мобільний телефон", "productid": 100590995}	2026-04-15 10:37:24.726836+03	2026-04-15 10:37:24.726843+03	0.00	0	15	14
759	Мобільний телефон Samsung Galaxy A57 5G 8/256Gb Violet (SM-A576BZVDEUC)	samsung-galaxy-a57-5g-8256gb-violet-sm-a576bzvdeuc	SM-A576BZVDEUC	U1144649		Модель: Galaxy A57 5G 8/256Gb Violet\nВиробник: Samsung\nГарантія: 12 міс.	22280.18	511.60	0	1	t	12	В'єтнам		{"ean": 8806099025779, "model": "Galaxy A57 5G 8/256Gb Violet", "uktved": 8517130000, "classid": 76, "groupid": 1050, "classname": "Мобільний телефон", "productid": 100590996}	2026-04-15 10:37:24.731656+03	2026-04-15 10:37:24.731665+03	0.00	0	15	14
760	Мобільний телефон Samsung Galaxy A57 5G 8/128Gb Gray (SM-A576BZABEUC)	samsung-galaxy-a57-5g-8128gb-gray-sm-a576bzabeuc	SM-A576BZABEUC	U1144651		Модель: Galaxy A57 5G 8/128Gb Gray\nВиробник: Samsung\nГарантія: 12 міс.	19915.41	457.30	0	1	t	12	В'єтнам		{"ean": 8806099028138, "model": "Galaxy A57 5G 8/128Gb Gray", "uktved": 8517130000, "classid": 76, "groupid": 1050, "classname": "Мобільний телефон", "productid": 100590998}	2026-04-15 10:37:24.73644+03	2026-04-15 10:37:24.736448+03	0.00	0	15	14
761	Мобільний телефон Samsung Galaxy A57 5G 8/128Gb Light Blue (SM-A576BLBBEUC)	samsung-galaxy-a57-5g-8128gb-light-blue-sm-a576blbbeuc	SM-A576BLBBEUC	U1144652		Модель: Galaxy A57 5G 8/128Gb Light Blue\nВиробник: Samsung\nГарантія: 12 міс.	19915.41	457.30	0	1	t	12	В'єтнам		{"ean": 8806099025946, "model": "Galaxy A57 5G 8/128Gb Light Blue", "uktved": 8517130000, "classid": 76, "groupid": 1050, "classname": "Мобільний телефон", "productid": 100590999}	2026-04-15 10:37:24.740775+03	2026-04-15 10:37:24.740783+03	0.00	0	15	14
762	Мобільний телефон Samsung Galaxy A57 5G 8/128Gb Violet (SM-A576BZVBEUC)	samsung-galaxy-a57-5g-8128gb-violet-sm-a576bzvbeuc	SM-A576BZVBEUC	U1144653		Модель: Galaxy A57 5G 8/128Gb Violet\nВиробник: Samsung\nГарантія: 12 міс.	19915.41	457.30	0	1	t	12	В'єтнам		{"ean": 8806099025793, "model": "Galaxy A57 5G 8/128Gb Violet", "uktved": 8517130000, "classid": 76, "groupid": 1050, "classname": "Мобільний телефон", "productid": 100591000}	2026-04-15 10:37:24.745018+03	2026-04-15 10:37:24.745026+03	0.00	0	15	14
763	Мобільний телефон Samsung Galaxy A37 5G 8/256Gb Dark Green (SM-A376BDGGEUC)	samsung-galaxy-a37-5g-8256gb-dark-green-sm-a376bdggeuc	SM-A376BDGGEUC	U1144654		Модель: Galaxy A37 5G 8/256Gb Dark Green\nВиробник: Samsung\nГарантія: 12 міс.	18179.95	417.45	0	1	t	12	В'єтнам		{"ean": 8806099035389, "model": "Galaxy A37 5G 8/256Gb Dark Green", "uktved": 8517130000, "classid": 76, "groupid": 1050, "classname": "Мобільний телефон", "productid": 100591001}	2026-04-15 10:37:24.749705+03	2026-04-15 10:37:24.749714+03	0.00	0	15	14
764	Мобільний телефон Samsung Galaxy A37 5G 8/256Gb Gray (SM-A376BZAGEUC)	samsung-galaxy-a37-5g-8256gb-gray-sm-a376bzageuc	SM-A376BZAGEUC	U1144655		Модель: Galaxy A37 5G 8/256Gb Gray\nВиробник: Samsung\nГарантія: 12 міс.	18179.95	417.45	0	1	t	12	В'єтнам		{"ean": 8806099035174, "model": "Galaxy A37 5G 8/256Gb Gray", "uktved": 8517130000, "classid": 76, "groupid": 1050, "classname": "Мобільний телефон", "productid": 100591002}	2026-04-15 10:37:24.754471+03	2026-04-15 10:37:24.754479+03	0.00	0	15	14
765	Мобільний телефон Samsung Galaxy A37 5G 8/256Gb Light Violet (SM-A376BLVGEUC)	samsung-galaxy-a37-5g-8256gb-light-violet-sm-a376blvgeuc	SM-A376BLVGEUC	U1144656		Модель: Galaxy A37 5G 8/256Gb Light Violet\nВиробник: Samsung\nГарантія: 12 міс.	18179.95	417.45	0	1	t	12	В'єтнам		{"ean": 8806099035297, "model": "Galaxy A37 5G 8/256Gb Light Violet", "uktved": 8517130000, "classid": 76, "groupid": 1050, "classname": "Мобільний телефон", "productid": 100591003}	2026-04-15 10:37:24.758965+03	2026-04-15 10:37:24.758973+03	0.00	0	15	14
766	Мобільний телефон Samsung Galaxy A37 5G 8/256Gb White (SM-A376BZWGEUC)	samsung-galaxy-a37-5g-8256gb-white-sm-a376bzwgeuc	SM-A376BZWGEUC	U1144657		Модель: Galaxy A37 5G 8/256Gb White\nВиробник: Samsung\nГарантія: 12 міс.	18179.95	417.45	0	1	t	12	В'єтнам		{"ean": 8806099035129, "model": "Galaxy A37 5G 8/256Gb White", "uktved": 8517130000, "classid": 76, "groupid": 1050, "classname": "Мобільний телефон", "productid": 100591004}	2026-04-15 10:37:24.763498+03	2026-04-15 10:37:24.763506+03	0.00	0	15	14
767	Мобільний телефон Samsung Galaxy A37 5G 6/128Gb Gray (SM-A376BZABEUC)	samsung-galaxy-a37-5g-6128gb-gray-sm-a376bzabeuc	SM-A376BZABEUC	U1144659		Модель: Galaxy A37 5G 6/128Gb Gray\nВиробник: Samsung\nГарантія: 12 міс.	15720.24	360.97	0	1	t	12	В'єтнам		{"ean": 8806099035266, "model": "Galaxy A37 5G 6/128Gb Gray", "uktved": 8517130000, "classid": 76, "groupid": 1050, "classname": "Мобільний телефон", "productid": 100591006}	2026-04-15 10:37:24.767766+03	2026-04-15 10:37:24.767774+03	0.00	0	15	14
777	Мобільний телефон Apple iPhone 15 Pro Max 256Gb Blue Titanium (REF B) BREEZY (2BMU7A3)	apple-iphone-15-pro-max-256gb-blue-titanium-ref-b-breezy-2bmu7a3	2BMU7A3	U1146823		Модель: iPhone 15 Pro Max 256Gb Blue Titanium (REF B) BREE\nВиробник: Apple\nГарантія: 12 міс.	41823.24	960.35	0	1	t	12	Китай	products/777/U1146823.jpg	{"ean": 5906110009115, "model": "iPhone 15 Pro Max 256Gb Blue Titanium (REF B) BREE", "uktved": 8517130000, "classid": 76, "groupid": 1050, "classname": "Мобільний телефон", "productid": 100592648}	2026-04-15 10:37:24.813359+03	2026-04-15 13:12:05.565507+03	0.00	0	5	14
776	Мобільний телефон Apple iPhone 14 Pro Max 128Gb Space Black (REF B) BREEZY (2BMQ9P3)	apple-iphone-14-pro-max-128gb-space-black-ref-b-breezy-2bmq9p3	2BMQ9P3	U1146807		Модель: iPhone 14 Pro Max 128Gb Space Black (REF B) BREEZY\nВиробник: Apple\nГарантія: 12 міс.	32394.23	743.84	0	1	t	12	Китай	products/776/U1146807.jpg	{"ean": 5906110009702, "model": "iPhone 14 Pro Max 128Gb Space Black (REF B) BREEZY", "uktved": 8517130000, "classid": 76, "groupid": 1050, "classname": "Мобільний телефон", "productid": 100592632}	2026-04-15 10:37:24.808411+03	2026-04-15 13:12:06.02148+03	0.00	0	5	14
775	Мобільний телефон Apple iPhone 14 Pro Max 128Gb Space Black (REF A) BREEZY (2AMQ9P3)	apple-iphone-14-pro-max-128gb-space-black-ref-a-breezy-2amq9p3	2AMQ9P3	U1146806		Модель: iPhone 14 Pro Max 128Gb Space Black (REF A) BREEZY\nВиробник: Apple\nГарантія: 12 міс.	34008.20	780.90	0	1	t	12	Китай	products/775/U1146806.jpg	{"ean": 5906110000709, "model": "iPhone 14 Pro Max 128Gb Space Black (REF A) BREEZY", "uktved": 8517130000, "classid": 76, "groupid": 1050, "classname": "Мобільний телефон", "productid": 100592631}	2026-04-15 10:37:24.803444+03	2026-04-15 13:12:06.486198+03	0.00	0	5	14
774	Мобільний телефон Apple iPhone 14 Pro 128Gb Space Black (REF B) BREEZY (2BMPXV3)	apple-iphone-14-pro-128gb-space-black-ref-b-breezy-2bmpxv3	2BMPXV3	U1146797		Модель: iPhone 14 Pro 128Gb Space Black (REF B) BREEZY\nВиробник: Apple\nГарантія: 12 міс.	28974.25	665.31	0	1	t	12	Китай	products/774/U1146797.jpg	{"ean": 5906110009863, "model": "iPhone 14 Pro 128Gb Space Black (REF B) BREEZY", "uktved": 8517130000, "classid": 76, "groupid": 1050, "classname": "Мобільний телефон", "productid": 100592622}	2026-04-15 10:37:24.799043+03	2026-04-15 13:12:06.937772+03	0.00	0	5	14
773	Мобільний телефон Apple iPhone 13 Pro Max 256Gb Graphite (REF A) BREEZY (2AMLLA3)	apple-iphone-13-pro-max-256gb-graphite-ref-a-breezy-2amlla3	2AMLLA3	U1146794		Модель: iPhone 13 Pro Max 256Gb Graphite (REF A) BREEZY\nВиробник: Apple\nГарантія: 12 міс.	30099.58	691.15	0	1	t	12	Китай	products/773/U1146794.jpg	{"ean": 5906110001461, "model": "iPhone 13 Pro Max 256Gb Graphite (REF A) BREEZY", "uktved": 8517130000, "classid": 76, "groupid": 1050, "classname": "Мобільний телефон", "productid": 100592619}	2026-04-15 10:37:24.794385+03	2026-04-15 13:12:07.434909+03	0.00	0	5	14
772	Мобільний телефон Apple iPhone 13 Pro Max 128Gb Graphite (REF B) BREEZY (2BMLL63)	apple-iphone-13-pro-max-128gb-graphite-ref-b-breezy-2bmll63	2BMLL63	U1146791		Модель: iPhone 13 Pro Max 128Gb Graphite (REF B) BREEZY\nВиробник: Apple\nГарантія: 12 міс.	26282.86	603.51	0	1	t	12	Китай	products/772/U1146791.jpg	{"ean": 5906110010517, "model": "iPhone 13 Pro Max 128Gb Graphite (REF B) BREEZY", "uktved": 8517130000, "classid": 76, "groupid": 1050, "classname": "Мобільний телефон", "productid": 100592616}	2026-04-15 10:37:24.789827+03	2026-04-15 13:12:07.905115+03	0.00	0	5	14
771	Мобільний телефон Xiaomi 17 Ultra 16/512GB Black (1186350)	xiaomi-17-ultra-16512gb-black-1186350	1186350	U1145645		Модель: 17 Ultra 16/512GB Black\nВиробник: Xiaomi\nГарантія: 24 міс.	56699.05	1301.93	0	1	t	24	Китай	products/771/U1145645.jpg	{"ean": 6932554483753, "model": "17 Ultra 16/512GB Black", "uktved": 8517130000, "classid": 76, "groupid": 1050, "classname": "Мобільний телефон", "productid": 100591724}	2026-04-15 10:37:24.785178+03	2026-04-15 13:12:08.354572+03	0.00	0	25	14
770	Мобільний телефон Xiaomi 17 12/256GB Black (1186343)	xiaomi-17-12256gb-black-1186343	1186343	U1145644		Модель: 17 12/256GB Black\nВиробник: Xiaomi\nГарантія: 24 міс.	40039.00	919.38	0	1	t	24	Китай	products/770/U1145644.jpg	{"ean": 6932554482060, "model": "17 12/256GB Black", "uktved": 8517130000, "classid": 76, "groupid": 1050, "classname": "Мобільний телефон", "productid": 100591723}	2026-04-15 10:37:24.780502+03	2026-04-15 13:12:08.812401+03	0.00	0	25	14
769	Мобільний телефон Samsung Galaxy A37 5G 6/128Gb White (SM-A376BZWBEUC)	samsung-galaxy-a37-5g-6128gb-white-sm-a376bzwbeuc	SM-A376BZWBEUC	U1144661		Модель: Galaxy A37 5G 6/128Gb White\nВиробник: Samsung\nГарантія: 12 міс.	15720.24	360.97	0	1	t	12	В'єтнам	products/769/U1144661.jpg	{"ean": 8806099035150, "model": "Galaxy A37 5G 6/128Gb White", "uktved": 8517130000, "classid": 76, "groupid": 1050, "classname": "Мобільний телефон", "productid": 100591008}	2026-04-15 10:37:24.776277+03	2026-04-15 13:12:09.292096+03	0.00	0	15	14
768	Мобільний телефон Samsung Galaxy A37 5G 6/128Gb Light Violet (SM-A376BLVBEUC)	samsung-galaxy-a37-5g-6128gb-light-violet-sm-a376blvbeuc	SM-A376BLVBEUC	U1144660		Модель: Galaxy A37 5G 6/128Gb Light Violet\nВиробник: Samsung\nГарантія: 12 міс.	15720.24	360.97	0	1	t	12	В'єтнам	products/768/U1144660.jpg	{"ean": 8806099035358, "model": "Galaxy A37 5G 6/128Gb Light Violet", "uktved": 8517130000, "classid": 76, "groupid": 1050, "classname": "Мобільний телефон", "productid": 100591007}	2026-04-15 10:37:24.772002+03	2026-04-15 13:12:09.754271+03	0.00	0	15	14
790	Мобільний телефон Motorola Edge 70 Fusion 8/256GB Silhouette (PBBD0022RS)	motorola-edge-70-fusion-8256gb-silhouette-pbbd0022rs	PBBD0022RS	U1155779		Модель: Edge 70 Fusion 8/256GB Silhouette\nВиробник: Motorola\nГарантія: 12 міс.	15659.27	359.57	0	1	t	12	Китай	products/790/U1155779.jpg	{"ean": 840493619934, "model": "Edge 70 Fusion 8/256GB Silhouette", "uktved": 8517130000, "classid": 76, "groupid": 1050, "classname": "Мобільний телефон", "productid": 100601205}	2026-04-15 10:37:24.875903+03	2026-04-15 13:11:59.560705+03	0.00	0	18	14
789	Мобільний телефон Oppo A6k 4/256GB Crystal Blue (OFCPH2891_BLUE)	oppo-a6k-4256gb-crystal-blue-ofcph2891_blue	OFCPH2891_BLUE	U1150967		Модель: A6k 4/256GB Crystal Blue\nВиробник: Oppo\nГарантія: 12 міс.	6799.03	156.12	0	1	t	12	Китай	products/789/U1150967.jpg	{"ean": 6932169399432, "model": "A6k 4/256GB Crystal Blue", "uktved": 8517130000, "classid": 76, "groupid": 1050, "classname": "Мобільний телефон", "productid": 100596517}	2026-04-15 10:37:24.869897+03	2026-04-15 13:11:59.999999+03	0.00	0	21	14
788	Мобільний телефон Motorola Edge 70 Fusion 12/256GB Silhouette (PBBE0042UA)	motorola-edge-70-fusion-12256gb-silhouette-pbbe0042ua	PBBE0042UA	U1150273		Модель: Edge 70 Fusion 12/256GB Silhouette\nВиробник: Motorola\nГарантія: 12 міс.	17399.10	399.52	0	1	t	12	Китай	products/788/U1150273.jpg	{"ean": 840493620541, "model": "Edge 70 Fusion 12/256GB Silhouette", "uktved": 8517130000, "classid": 76, "groupid": 1050, "classname": "Мобільний телефон", "productid": 100595864}	2026-04-15 10:37:24.863782+03	2026-04-15 13:12:00.443544+03	0.00	0	18	14
787	Мобільний телефон Xiaomi Poco X8 Pro Max 12/256GB White (1191431)	xiaomi-poco-x8-pro-max-12256gb-white-1191431	1191431	U1150108		Модель: Poco X8 Pro Max 12/256GB White\nВиробник: Xiaomi\nГарантія: 12 міс.	20699.31	475.30	0	1	t	12	Китай	products/787/U1150108.jpg	{"ean": 6932554496913, "model": "Poco X8 Pro Max 12/256GB White", "uktved": 8517130000, "classid": 76, "groupid": 1050, "classname": "Мобільний телефон", "productid": 100595841}	2026-04-15 10:37:24.857353+03	2026-04-15 13:12:00.89752+03	0.00	0	25	14
786	Мобільний телефон Xiaomi Poco X8 Pro Max 12/256GB Blue (1191430)	xiaomi-poco-x8-pro-max-12256gb-blue-1191430	1191430	U1150107		Модель: Poco X8 Pro Max 12/256GB Blue\nВиробник: Xiaomi\nГарантія: 12 міс.	20699.31	475.30	0	1	t	12	Китай	products/786/U1150107.jpg	{"ean": 6932554496883, "model": "Poco X8 Pro Max 12/256GB Blue", "uktved": 8517130000, "classid": 76, "groupid": 1050, "classname": "Мобільний телефон", "productid": 100595840}	2026-04-15 10:37:24.851957+03	2026-04-15 13:12:01.33974+03	0.00	0	25	14
785	Мобільний телефон Xiaomi Poco X8 Pro Max 12/256GB Black (1191429)	xiaomi-poco-x8-pro-max-12256gb-black-1191429	1191429	U1150106		Модель: Poco X8 Pro Max 12/256GB Black\nВиробник: Xiaomi\nГарантія: 12 міс.	20699.31	475.30	0	1	t	12	Китай	products/785/U1150106.jpg	{"ean": 6932554496951, "model": "Poco X8 Pro Max 12/256GB Black", "uktved": 8517130000, "classid": 76, "groupid": 1050, "classname": "Мобільний телефон", "productid": 100595839}	2026-04-15 10:37:24.847212+03	2026-04-15 13:12:01.77646+03	0.00	0	25	14
784	Мобільний телефон Xiaomi Poco X8 Pro 8/256GB White (1191425)	xiaomi-poco-x8-pro-8256gb-white-1191425	1191425	U1150105		Модель: Poco X8 Pro 8/256GB White\nВиробник: Xiaomi\nГарантія: 12 міс.	15299.11	351.30	0	1	t	12	Китай	products/784/U1150105.jpg	{"ean": 6932554492519, "model": "Poco X8 Pro 8/256GB White", "uktved": 8517130000, "classid": 76, "groupid": 1050, "classname": "Мобільний телефон", "productid": 100595838}	2026-04-15 10:37:24.843318+03	2026-04-15 13:12:02.229631+03	0.00	0	25	14
783	Мобільний телефон Xiaomi Poco X8 Pro 8/256GB Green (1191424)	xiaomi-poco-x8-pro-8256gb-green-1191424	1191424	U1150103		Модель: Poco X8 Pro 8/256GB Green\nВиробник: Xiaomi\nГарантія: 12 міс.	15299.11	351.30	0	1	t	12	Китай	products/783/U1150103.jpg	{"ean": 6932554492489, "model": "Poco X8 Pro 8/256GB Green", "uktved": 8517130000, "classid": 76, "groupid": 1050, "classname": "Мобільний телефон", "productid": 100595837}	2026-04-15 10:37:24.839483+03	2026-04-15 13:12:02.690356+03	0.00	0	25	14
782	Мобільний телефон Xiaomi Poco X8 Pro 8/256GB Black (1191423)	xiaomi-poco-x8-pro-8256gb-black-1191423	1191423	U1150102		Модель: Poco X8 Pro 8/256GB Black\nВиробник: Xiaomi\nГарантія: 12 міс.	15299.11	351.30	0	1	t	12	Китай	products/782/U1150102.jpg	{"ean": 6932554488345, "model": "Poco X8 Pro 8/256GB Black", "uktved": 8517130000, "classid": 76, "groupid": 1050, "classname": "Мобільний телефон", "productid": 100595836}	2026-04-15 10:37:24.835662+03	2026-04-15 13:12:03.187888+03	0.00	0	25	14
781	Мобільний телефон Xiaomi Poco X8 Pro 12/512GB White (1191428)	xiaomi-poco-x8-pro-12512gb-white-1191428	1191428	U1150101		Модель: Poco X8 Pro 12/512GB White\nВиробник: Xiaomi\nГарантія: 12 міс.	17999.21	413.30	0	1	t	12	Китай	products/781/U1150101.jpg	{"ean": 6932554492533, "model": "Poco X8 Pro 12/512GB White", "uktved": 8517130000, "classid": 76, "groupid": 1050, "classname": "Мобільний телефон", "productid": 100595835}	2026-04-15 10:37:24.83173+03	2026-04-15 13:12:03.682319+03	0.00	0	25	14
780	Мобільний телефон Xiaomi Poco X8 Pro 12/512GB Green (1191427)	xiaomi-poco-x8-pro-12512gb-green-1191427	1191427	U1150100		Модель: Poco X8 Pro 12/512GB Green\nВиробник: Xiaomi\nГарантія: 12 міс.	17999.21	413.30	0	1	t	12	Китай	products/780/U1150100.jpg	{"ean": 6932554492496, "model": "Poco X8 Pro 12/512GB Green", "uktved": 8517130000, "classid": 76, "groupid": 1050, "classname": "Мобільний телефон", "productid": 100595834}	2026-04-15 10:37:24.827619+03	2026-04-15 13:12:04.137023+03	0.00	0	25	14
779	Мобільний телефон Xiaomi Poco X8 Pro 12/512GB Black (1191426)	xiaomi-poco-x8-pro-12512gb-black-1191426	1191426	U1150098		Модель: Poco X8 Pro 12/512GB Black\nВиробник: Xiaomi\nГарантія: 12 міс.	17999.21	413.30	0	1	t	12	Китай	products/779/U1150098.jpg	{"ean": 6932554488277, "model": "Poco X8 Pro 12/512GB Black", "uktved": 8517130000, "classid": 76, "groupid": 1050, "classname": "Мобільний телефон", "productid": 100595833}	2026-04-15 10:37:24.823055+03	2026-04-15 13:12:04.586927+03	0.00	0	25	14
798	Мобільний телефон Nokia 110 DS Power Grey	nokia-110-ds-power-grey	110 DS Power Grey	U1159825		Модель: 110 DS Power Grey\nВиробник: Nokia\nГарантія: 12 міс.	1230.72	28.26	0	1	t	12	Китай	products/798/U1159825.jpg	{"ean": 6438409107350, "model": "110 DS Power Grey", "uktved": 8517140000, "classid": 76, "groupid": 1050, "classname": "Мобільний телефон", "productid": 100604933}	2026-04-15 10:37:24.93294+03	2026-04-15 13:11:55.958673+03	0.00	0	12	14
806	Монітор AOC 22B2H/EU	aoc-22b2heu	22B2H/EU	U0553418		Модель: 22B2H/EU\nВиробник: AOC\nГарантія: 36 міс.	2643.49	60.70	0	1	t	36	Китай	products/806/U0553418.jpg	{"ean": 4038986127165, "model": "22B2H/EU", "uktved": 8528521000, "classid": 45, "groupid": 1005, "classname": "Монітор", "productid": 734682}	2026-04-15 10:57:38.060913+03	2026-04-15 13:11:52.824458+03	0.00	0	30	12
805	Монітор Philips 322E1C/00	philips-322e1c00	322E1C/00	U0375609		Модель: 322E1C/00\nВиробник: Philips\nГарантія: 24 міс.	8230.95	189.00	0	1	t	24	Китай	products/805/U0375609.jpg	{"ean": 8712581758479, "model": "322E1C/00", "uktved": 8528521000, "classid": 45, "groupid": 1005, "classname": "Монітор", "productid": 578652}	2026-04-15 10:57:38.051938+03	2026-04-15 13:11:53.271761+03	0.00	0	29	12
803	Мобільний телефон HMD 102 DS Grey	hmd-102-ds-grey	102 DS Grey	U1159832		Модель: 102 DS Grey\nВиробник: HMD\nГарантія: 12 міс.	738.61	16.96	0	1	t	12	Китай	products/803/U1159832.jpg	{"ean": 6438409107336, "model": "102 DS Grey", "uktved": 8517140000, "classid": 76, "groupid": 1050, "classname": "Мобільний телефон", "productid": 100604938}	2026-04-15 10:37:24.967764+03	2026-04-15 13:11:53.715911+03	0.00	0	24	14
802	Мобільний телефон HMD 102 DS Blue	hmd-102-ds-blue	102 DS Blue	U1159830		Модель: 102 DS Blue\nВиробник: HMD\nГарантія: 12 міс.	738.61	16.96	0	1	t	12	Китай	products/802/U1159830.jpg	{"ean": 6438409107343, "model": "102 DS Blue", "uktved": 8517140000, "classid": 76, "groupid": 1050, "classname": "Мобільний телефон", "productid": 100604937}	2026-04-15 10:37:24.960623+03	2026-04-15 13:11:54.174677+03	0.00	0	24	14
801	Мобільний телефон HMD 100 DS Grey	hmd-100-ds-grey	100 DS Grey	U1159828		Модель: 100 DS Grey\nВиробник: HMD\nГарантія: 12 міс.	568.76	13.06	0	1	t	12	Китай	products/801/U1159828.jpg	{"ean": 6438409107312, "model": "100 DS Grey", "uktved": 8517140000, "classid": 76, "groupid": 1050, "classname": "Мобільний телефон", "productid": 100604936}	2026-04-15 10:37:24.953521+03	2026-04-15 13:11:54.609542+03	0.00	0	24	14
799	Мобільний телефон Nokia 110 DS Power Purple	nokia-110-ds-power-purple	110 DS Power Purple	U1159826		Модель: 110 DS Power Purple\nВиробник: Nokia\nГарантія: 12 міс.	1230.72	28.26	0	1	t	12	Китай	products/799/U1159826.jpg	{"ean": 6438409107367, "model": "110 DS Power Purple", "uktved": 8517140000, "classid": 76, "groupid": 1050, "classname": "Мобільний телефон", "productid": 100604934}	2026-04-15 10:37:24.939843+03	2026-04-15 13:11:55.508037+03	5.00	1	12	14
797	Мобільний телефон Xiaomi Redmi A7 Pro 4/64GB Palm Green (1195179)	xiaomi-redmi-a7-pro-464gb-palm-green-1195179	1195179	U1158428		Модель: Redmi A7 Pro 4/64GB Palm Green\nВиробник: Xiaomi\nГарантія: 12 міс.	5185.93	119.08	0	1	t	12	Китай	products/797/U1158428.jpg	{"ean": 6932554496968, "model": "Redmi A7 Pro 4/64GB Palm Green", "uktved": 8517130000, "classid": 76, "groupid": 1050, "classname": "Мобільний телефон", "productid": 100603656}	2026-04-15 10:37:24.926018+03	2026-04-15 13:11:56.406508+03	0.00	0	25	14
796	Мобільний телефон Xiaomi Redmi A7 Pro 4/64GB Black (1195178)	xiaomi-redmi-a7-pro-464gb-black-1195178	1195178	U1158426		Модель: Redmi A7 Pro 4/64GB Black\nВиробник: Xiaomi\nГарантія: 12 міс.	5185.93	119.08	0	1	t	12	Китай	products/796/U1158426.jpg	{"ean": 6932554493271, "model": "Redmi A7 Pro 4/64GB Black", "uktved": 8517130000, "classid": 76, "groupid": 1050, "classname": "Мобільний телефон", "productid": 100603654}	2026-04-15 10:37:24.919301+03	2026-04-15 13:11:56.862347+03	0.00	0	25	14
795	Мобільний телефон Xiaomi Redmi A7 Pro 4/128GB Black (1195181)	xiaomi-redmi-a7-pro-4128gb-black-1195181	1195181	U1158423		Модель: Redmi A7 Pro 4/128GB Black\nВиробник: Xiaomi\nГарантія: 12 міс.	5858.35	134.52	0	1	t	12	Китай	products/795/U1158423.jpg	{"ean": 6932554493257, "model": "Redmi A7 Pro 4/128GB Black", "uktved": 8517130000, "classid": 76, "groupid": 1050, "classname": "Мобільний телефон", "productid": 100603651}	2026-04-15 10:37:24.911702+03	2026-04-15 13:11:57.301279+03	0.00	0	25	14
794	Мобільний телефон Motorola G06 4/128GB Tendril (PBA20021RS)	motorola-g06-4128gb-tendril-pba20021rs	PBA20021RS	U1158340		Модель: G06 4/128GB Tendril\nВиробник: Motorola\nГарантія: 12 міс.	4908.96	112.72	0	1	t	12	Китай	products/794/U1158340.jpg	{"ean": 840493608952, "model": "G06 4/128GB Tendril", "uktved": 8517130000, "classid": 76, "groupid": 1050, "classname": "Мобільний телефон", "productid": 100603649}	2026-04-15 10:37:24.903291+03	2026-04-15 13:11:57.757817+03	0.00	0	18	14
793	Мобільний телефон Motorola G06 4/128GB Tapestry (PBA20018RS)	motorola-g06-4128gb-tapestry-pba20018rs	PBA20018RS	U1158339		Модель: G06 4/128GB Tapestry\nВиробник: Motorola\nГарантія: 12 міс.	4908.96	112.72	0	1	t	12	Китай	products/793/U1158339.jpg	{"ean": 840493608921, "model": "G06 4/128GB Tapestry", "uktved": 8517130000, "classid": 76, "groupid": 1050, "classname": "Мобільний телефон", "productid": 100603367}	2026-04-15 10:37:24.894915+03	2026-04-15 13:11:58.192774+03	0.00	0	18	14
792	Мобільний телефон Motorola G06 4/128GB Arabesque (PBA20019RS)	motorola-g06-4128gb-arabesque-pba20019rs	PBA20019RS	U1158338		Модель: G06 4/128GB Arabesque\nВиробник: Motorola\nГарантія: 12 міс.	4908.96	112.72	0	1	t	12	Китай	products/792/U1158338.jpg	{"ean": 840493608938, "model": "G06 4/128GB Arabesque", "uktved": 8517130000, "classid": 76, "groupid": 1050, "classname": "Мобільний телефон", "productid": 100603366}	2026-04-15 10:37:24.887928+03	2026-04-15 13:11:58.636057+03	0.00	0	18	14
835	Монітор Dell SE2725HM (210-BQZW)	dell-se2725hm-210-bqzw	210-BQZW	U1061510		Модель: SE2725HM\nВиробник: Dell\nГарантія: 36 міс.	5269.55	121.00	0	1	t	36	Китай	products/835/U1061510.jpg	{"ean": 5397184962558, "model": "SE2725HM", "uktved": 8528521000, "classid": 45, "groupid": 1005, "classname": "Монітор", "productid": 100515919}	2026-04-15 10:57:38.254508+03	2026-04-15 13:11:39.778981+03	0.00	0	2	12
834	Монітор AOC 25G4SXU	aoc-25g4sxu	25G4SXU	U1055233		Модель: 25G4SXU\nВиробник: AOC\nГарантія: 36 міс.	8653.38	198.70	0	1	t	36	Китай	products/834/U1055233.jpg	{"ean": 4038986182577, "model": "25G4SXU", "uktved": 8528521000, "classid": 45, "groupid": 1005, "classname": "Монітор", "productid": 100510046}	2026-04-15 10:57:38.249533+03	2026-04-15 13:11:40.24002+03	0.00	0	30	12
833	Монітор AOC 24B31H	aoc-24b31h	24B31H	U1055125		Модель: 24B31H\nВиробник: AOC\nГарантія: 24 міс.	2991.88	68.70	0	1	t	24	Китай	products/833/U1055125.jpg	{"ean": 4038986142199, "model": "24B31H", "uktved": 8528521000, "classid": 45, "groupid": 1005, "classname": "Монітор", "productid": 100508900}	2026-04-15 10:57:38.244512+03	2026-04-15 13:11:40.692563+03	0.00	0	30	12
832	Монітор Dell SE2425HM (210-BQZT)	dell-se2425hm-210-bqzt	210-BQZT	U1046344		Модель: SE2425HM\nВиробник: Dell\nГарантія: 24 міс.	4159.02	95.50	0	1	t	24	Китай	products/832/U1046344.jpg	{"ean": 5397184962541, "model": "SE2425HM", "uktved": 8528521000, "classid": 45, "groupid": 1005, "classname": "Монітор", "productid": 100501532}	2026-04-15 10:57:38.239319+03	2026-04-15 13:11:41.134662+03	0.00	0	2	12
831	Монітор MSI MAG 255PXF	msi-mag-255pxf	MAG 255PXF	U1027732		Модель: MAG 255PXF\nВиробник: MSI\nГарантія: 36 міс.	8318.05	8899.00	6	1	t	36	Китай	products/831/U1027732.jpg	{"ean": 4711377259279, "model": "MAG 255PXF", "uktved": 8528521000, "classid": 45, "groupid": 1005, "classname": "Монітор", "productid": 100482875}	2026-04-15 10:57:38.232656+03	2026-04-15 13:11:41.583404+03	0.00	0	34	12
830	Монітор LG 24GS60F-B	lg-24gs60f-b	24GS60F-B	U1007830		Модель: 24GS60F-B\nВиробник: LG\nГарантія: 24 міс.	5131.93	5199.00	1	1	t	24	Польща	products/830/U1007830.jpg	{"ean": 8806096066409, "model": "24GS60F-B", "uktved": 8528521000, "classid": 45, "groupid": 1005, "classname": "Монітор", "productid": 100465371}	2026-04-15 10:57:38.227377+03	2026-04-15 13:11:42.019973+03	0.00	0	35	12
828	Монітор MSI PRO MP252 E2	msi-pro-mp252-e2	PRO MP252 E2	U0995387		Модель: PRO MP252 E2\nВиробник: MSI\nГарантія: 24 міс.	4192.56	4399.00	4	1	t	24	Китай	products/828/U0995387.jpg	{"ean": 4711377235198, "model": "PRO MP252 E2", "uktved": 8528521000, "classid": 45, "groupid": 1005, "classname": "Монітор", "productid": 100453655}	2026-04-15 10:57:38.214154+03	2026-04-15 13:11:42.916435+03	0.00	0	34	12
827	Монітор Philips 32M2N8900/00	philips-32m2n890000	32M2N8900/00	U0978625		Модель: 32M2N8900/00\nВиробник: Philips\nГарантія: 36 міс.	38759.50	890.00	0	1	t	36	Китай	products/827/U0978625.jpg	{"ean": 8712581806347, "model": "32M2N8900/00", "uktved": 8528521000, "classid": 45, "groupid": 1005, "classname": "Монітор", "productid": 100438197}	2026-04-15 10:57:38.204487+03	2026-04-15 13:11:43.370127+03	0.00	0	29	12
826	Монітор Philips 27M2N3201A/00	philips-27m2n3201a00	27M2N3201A/00	U0978621		Модель: 27M2N3201A/00\nВиробник: Philips\nГарантія: 36 міс.	6663.15	153.00	0	1	t	36	Китай	products/826/U0978621.jpg	{"ean": 8721038001693, "model": "27M2N3201A/00", "uktved": 8528521000, "classid": 45, "groupid": 1005, "classname": "Монітор", "productid": 100438193}	2026-04-15 10:57:38.19873+03	2026-04-15 13:11:43.813845+03	0.00	0	29	12
825	Монітор AOC Q27G4XF	aoc-q27g4xf	Q27G4XF	U0978616		Модель: Q27G4XF\nВиробник: AOC\nГарантія: 36 міс.	7973.57	183.09	0	1	t	36	Китай	products/825/U0978616.jpg	{"ean": 4038986182485, "model": "Q27G4XF", "uktved": 8528521000, "classid": 45, "groupid": 1005, "classname": "Монітор", "productid": 100438188}	2026-04-15 10:57:38.192429+03	2026-04-15 13:11:44.257893+03	0.00	0	30	12
824	Монітор ASUS ZenScreen MB166CR (90LM07D3-B03170)	asus-zenscreen-mb166cr-90lm07d3-b03170	90LM07D3-B03170	U0954012		Модель: ZenScreen MB166CR\nВиробник: ASUS\nГарантія: 24 міс.	7403.50	170.00	0	1	t	24	Китай	products/824/U0954012.jpg	{"ean": 4711387387702, "model": "ZenScreen MB166CR", "uktved": 8528521000, "classid": 45, "groupid": 1005, "classname": "Монітор", "productid": 100414835}	2026-04-15 10:57:38.18675+03	2026-04-15 13:11:44.699217+03	0.00	0	1	12
823	Монітор Vinga 27S218-21B	vinga-27s218-21b	27S218-21B	U0951643		Модель: 27S218-21B\nВиробник: Vinga\nГарантія: 12 міс.	6663.15	7199.00	7	1	t	12	Китай	products/823/U0951643.jpg	{"ean": 4823093318847, "model": "27S218-21B", "uktved": 8528521000, "classid": 45, "groupid": 100172, "classname": "Монітор", "exclusive": 1, "productid": 100412795}	2026-04-15 10:57:38.17636+03	2026-04-15 13:11:45.14225+03	0.00	0	33	12
822	Монітор Vinga 27S118-21B	vinga-27s118-21b	27S118-21B	U0951642		Модель: 27S118-21B\nВиробник: Vinga\nГарантія: 12 міс.	5269.55	5699.00	7	1	t	12	Китай	products/822/U0951642.jpg	{"ean": 4823093318830, "model": "27S118-21B", "uktved": 8528521000, "classid": 45, "groupid": 100172, "classname": "Монітор", "exclusive": 1, "productid": 100412794}	2026-04-15 10:57:38.166251+03	2026-04-15 13:11:45.608191+03	0.00	0	33	12
821	Монітор Vinga 27S110-11B	vinga-27s110-11b	27S110-11B	U0951641		Модель: 27S110-11B\nВиробник: Vinga\nГарантія: 12 міс.	3701.75	3999.00	7	1	t	12	Китай	products/821/U0951641.jpg	{"ean": 4823093318823, "model": "27S110-11B", "uktved": 8528521000, "classid": 45, "groupid": 100172, "classname": "Монітор", "exclusive": 1, "productid": 100412793}	2026-04-15 10:57:38.157913+03	2026-04-15 13:11:46.060354+03	0.00	0	33	12
820	Монітор Vinga 24S110-11B	vinga-24s110-11b	24S110-11B	U0951639		Модель: 24S110-11B\nВиробник: Vinga\nГарантія: 12 міс.	2917.85	3199.00	8	1	t	12	Китай	products/820/U0951639.jpg	{"ean": 4823093318816, "model": "24S110-11B", "uktved": 8528521000, "classid": 45, "groupid": 100172, "classname": "Монітор", "exclusive": 1, "productid": 100412792}	2026-04-15 10:57:38.152016+03	2026-04-15 13:11:46.503891+03	0.00	0	33	12
852	Монітор ASUS VP227HF (90LM0880-B01O71)	asus-vp227hf-90lm0880-b01o71	90LM0880-B01O71	U1123456		Модель: VP227HF\nВиробник: ASUS\nГарантія: 36 міс.	3092.05	71.00	0	1	t	36	Китай	products/852/U1123456.jpg	{"ean": 4711387948576, "model": "VP227HF", "uktved": 8528521000, "classid": 45, "groupid": 1005, "classname": "Монітор", "productid": 100572465}	2026-04-15 10:57:38.34946+03	2026-04-15 13:11:31.491468+03	0.00	0	1	12
851	Монітор Lenovo Legion 24-10 (68C4GAC4UA)	lenovo-legion-24-10-68c4gac4ua	68C4GAC4UA	U1118056		Модель: Legion 24-10\nВиробник: Lenovo\nГарантія: 36 міс.	5563.95	5699.00	2	1	t	36	Китай	products/851/U1118056.jpg	{"ean": 198156958785, "model": "Legion 24-10", "uktved": 8528521000, "classid": 45, "groupid": 1005, "classname": "Монітор", "productid": 100567670}	2026-04-15 10:57:38.343841+03	2026-04-15 13:11:31.954211+03	0.00	0	4	12
849	Монітор Samsung LS22D300GAIXUA	samsung-ls22d300gaixua	LS22D300GAIXUA	U1116148		Модель: LS22D300GAIXUA\nВиробник: Samsung\nГарантія: 24 міс.	3292.38	3399.00	3	1	t	24	Китай	products/849/U1116148.jpg	{"ean": 8806097466352, "model": "LS22D300GAIXUA", "uktved": 8528521000, "classid": 45, "groupid": 1005, "classname": "Монітор", "productid": 100565964}	2026-04-15 10:57:38.331422+03	2026-04-15 13:11:32.864009+03	0.00	0	15	12
848	Монітор ASRock CL25FFB	asrock-cl25ffb	CL25FFB	U1116021		Модель: CL25FFB\nВиробник: ASRock\nГарантія: 24 міс.	3541.92	81.33	0	1	t	24	Китай	products/848/U1116021.jpg	{"ean": 4710483943560, "model": "CL25FFB", "uktved": 8528521000, "classid": 45, "groupid": 1005, "classname": "Монітор", "productid": 100565720}	2026-04-15 10:57:38.323876+03	2026-04-15 13:11:33.383085+03	0.00	0	36	12
847	Монітор iiyama G2771HS-B1	iiyama-g2771hs-b1	G2771HS-B1	U1116016		Модель: G2771HS-B1\nВиробник: iiyama\nГарантія: 36 міс.	6663.15	153.00	0	1	t	36	Китай	products/847/U1116016.jpg	{"ean": 4948570126491, "model": "G2771HS-B1", "uktved": 8528521000, "classid": 45, "groupid": 1005, "classname": "Монітор", "productid": 100565715}	2026-04-15 10:57:38.315459+03	2026-04-15 13:11:33.935712+03	0.00	0	31	12
846	Монітор iiyama XUB2395WSU-B5	iiyama-xub2395wsu-b5	XUB2395WSU-B5	U1116010		Модель: XUB2395WSU-B5\nВиробник: iiyama\nГарантія: 36 міс.	6358.30	146.00	0	1	t	36	Китай	products/846/U1116010.jpg	{"ean": 4948570121458, "model": "XUB2395WSU-B5", "uktved": 8528521000, "classid": 45, "groupid": 1005, "classname": "Монітор", "productid": 100565709}	2026-04-15 10:57:38.31029+03	2026-04-15 13:11:34.465109+03	0.00	0	31	12
845	Монітор Samsung LS24DG300EIXUA	samsung-ls24dg300eixua	LS24DG300EIXUA	U1114287		Модель: LS24DG300EIXUA\nВиробник: Samsung\nГарантія: 24 міс.	5349.68	5499.00	2	1	t	24	Китай	products/845/U1114287.jpg	{"ean": 8806097471387, "model": "LS24DG300EIXUA", "uktved": 8528521000, "classid": 45, "groupid": 1005, "classname": "Монітор", "productid": 100564408}	2026-04-15 10:57:38.305477+03	2026-04-15 13:11:34.977268+03	0.00	0	15	12
844	Монітор MSI MAG 272UP QD-OLED X24	msi-mag-272up-qd-oled-x24	MAG 272UP QD-OLED X24	U1096525		Модель: MAG 272UP QD-OLED X24\nВиробник: MSI\nГарантія: 24 міс.	38541.75	41599.00	7	1	t	24	Китай	products/844/U1096525.jpg	{"ean": 4711377304450, "model": "MAG 272UP QD-OLED X24", "uktved": 8528521000, "classid": 45, "groupid": 1005, "classname": "Монітор", "productid": 100548209}	2026-04-15 10:57:38.300279+03	2026-04-15 13:11:35.503211+03	0.00	0	34	12
843	Монітор Lenovo R27qe (68C7GAC3UA)	lenovo-r27qe-68c7gac3ua	68C7GAC3UA	U1093880		Модель: R27qe\nВиробник: Lenovo\nГарантія: 36 міс.	9007.01	9499.00	5	1	t	36	Китай	products/843/U1093880.jpg	{"ean": 198157072466, "model": "R27qe", "uktved": 8528521000, "classid": 45, "groupid": 1005, "classname": "Монітор", "productid": 100546127}	2026-04-15 10:57:38.29531+03	2026-04-15 13:11:36.021746+03	0.00	0	4	12
842	Монітор Philips 24M2N3200NF/00	philips-24m2n3200nf00	24M2N3200NF/00	U1090880		Модель: 24M2N3200NF/00\nВиробник: Philips\nГарантія: 36 міс.	3899.90	89.55	0	1	t	36	Китай	products/842/U1090880.jpg	{"ean": 8721038004038, "model": "24M2N3200NF/00", "uktved": 8528521000, "classid": 45, "groupid": 1005, "classname": "Монітор", "productid": 100542944}	2026-04-15 10:57:38.290215+03	2026-04-15 13:11:36.562373+03	0.00	0	29	12
841	Монітор Lenovo T34WD-40 (64AEGAT1UA)	lenovo-t34wd-40-64aegat1ua	64AEGAT1UA	U1088735		Модель: T34WD-40\nВиробник: Lenovo\nГарантія: 36 міс.	17028.05	391.00	0	1	t	36	Китай	products/841/U1088735.jpg	{"ean": 198155878688, "model": "T34WD-40", "uktved": 8528521000, "classid": 45, "groupid": 1005, "classname": "Монітор", "productid": 100541248}	2026-04-15 10:57:38.285313+03	2026-04-15 13:11:37.069094+03	0.00	0	4	12
840	Монітор HP OMEN 27k (780G8AA)	hp-omen-27k-780g8aa	780G8AA	U1083908		Модель: OMEN 27k\nВиробник: HP\nГарантія: 24 міс.	20250.75	465.00	0	1	t	24	Китай	products/840/U1083908.jpg	{"ean": 197029615961, "model": "OMEN 27k", "uktved": 8528521000, "classid": 45, "groupid": 1005, "classname": "Монітор", "productid": 100536147}	2026-04-15 10:57:38.27991+03	2026-04-15 13:11:37.523951+03	0.00	0	3	12
839	Монітор HP S3 Pro 322ph (B0BN7UT)	hp-s3-pro-322ph-b0bn7ut	B0BN7UT	U1083901		Модель: S3 Pro 322ph\nВиробник: HP\nГарантія: 24 міс.	5226.00	120.00	0	1	t	24	Китай	products/839/U1083901.jpg	{"ean": 198828032928, "model": "S3 Pro 322ph", "uktved": 8528521000, "classid": 45, "groupid": 1005, "classname": "Монітор", "productid": 100536140}	2026-04-15 10:57:38.275047+03	2026-04-15 13:11:37.971386+03	0.00	0	3	12
838	Монітор AOC 27B31H	aoc-27b31h	27B31H	U1075500		Модель: 27B31H\nВиробник: AOC\nГарантія: 36 міс.	4271.38	98.08	0	1	t	36	Китай	products/838/U1075500.jpg	{"ean": 4038986182225, "model": "27B31H", "uktved": 8528521000, "classid": 45, "groupid": 1005, "classname": "Монітор", "productid": 100529250}	2026-04-15 10:57:38.27006+03	2026-04-15 13:11:38.418409+03	0.00	0	30	12
837	Монітор Dell AW2725Q (210-BQWV)	dell-aw2725q-210-bqwv	210-BQWV	U1074291		Модель: AW2725Q\nВиробник: Dell\nГарантія: 36 міс.	36816.30	845.38	0	1	t	36	Китай	products/837/U1074291.jpg	{"ean": 5397184962749, "model": "AW2725Q", "uktved": 8528521000, "classid": 45, "groupid": 1005, "classname": "Монітор", "productid": 100527938}	2026-04-15 10:57:38.264913+03	2026-04-15 13:11:38.860141+03	0.00	0	2	12
868	Монітор ViewSonic VA24G1-H	viewsonic-va24g1-h	VA24G1-H	U1143073		Модель: VA24G1-H\nВиробник: ViewSonic\nГарантія: 12 міс.	4085.86	93.82	0	1	t	12	Китай	products/868/U1143073.jpg	{"ean": 766907035759, "model": "VA24G1-H", "uktved": 8528521000, "classid": 45, "groupid": 1005, "classname": "Монітор", "productid": 100589186}	2026-04-15 10:57:38.442542+03	2026-04-15 13:10:53.057156+03	0.00	0	37	12
867	Монітор ASUS ROG Strix XG27AQDNG (90LM0CH0-B01971)	asus-rog-strix-xg27aqdng-90lm0ch0-b01971	90LM0CH0-B01971	U1137079		Модель: ROG Strix XG27AQDNG\nВиробник: ASUS\nГарантія: 36 міс.	33010.90	758.00	0	1	t	36	Китай	products/867/U1137079.jpg	{"ean": 4711636206037, "model": "ROG Strix XG27AQDNG", "uktved": 8528521000, "classid": 45, "groupid": 1005, "classname": "Монітор", "productid": 100583599}	2026-04-15 10:57:38.436242+03	2026-04-15 13:10:53.510179+03	0.00	0	1	12
866	Монітор Vinga 27S416-11B	vinga-27s416-11b	27S416-11B	U1094721		Модель: 27S416-11B\nВиробник: Vinga\nГарантія: 12 міс.	16505.45	17999.00	8	1	t	12	Китай	products/866/U1094721.jpg	{"ean": 4823093321144, "model": "27S416-11B", "uktved": 8528521000, "classid": 45, "groupid": 100172, "classname": "Монітор", "exclusive": 1, "productid": 100583596}	2026-04-15 10:57:38.431406+03	2026-04-15 13:10:53.996631+03	0.00	0	33	12
865	Монітор Vinga 27S406-11B	vinga-27s406-11b	27S406-11B	U1094720		Модель: 27S406-11B\nВиробник: Vinga\nГарантія: 12 міс.	7882.55	8599.00	8	1	t	12	Китай	products/865/U1094720.jpg	{"ean": 4823093321137, "model": "27S406-11B", "uktved": 8528521000, "classid": 45, "groupid": 100172, "classname": "Монітор", "exclusive": 1, "productid": 100583595}	2026-04-15 10:57:38.426864+03	2026-04-15 13:11:25.396463+03	0.00	0	33	12
864	Монітор Vinga 27S207-11B	vinga-27s207-11b	27S207-11B	U1094719		Модель: 27S207-11B\nВиробник: Vinga\nГарантія: 12 міс.	5095.35	5599.00	8	1	t	12	Китай	products/864/U1094719.jpg	{"ean": 4823093321120, "model": "27S207-11B", "uktved": 8528521000, "classid": 45, "groupid": 100172, "classname": "Монітор", "exclusive": 1, "productid": 100583594}	2026-04-15 10:57:38.421502+03	2026-04-15 13:11:25.866715+03	0.00	0	33	12
863	Монітор Philips 27M2N6501L/00	philips-27m2n6501l00	27M2N6501L/00	U1134675		Модель: 27M2N6501L/00\nВиробник: Philips\nГарантія: 36 міс.	20512.05	471.00	0	1	t	36	Китай	products/863/U1134675.jpg	{"ean": 8721038006322, "model": "27M2N6501L/00", "uktved": 8528521000, "classid": 45, "groupid": 1005, "classname": "Монітор", "productid": 100581415}	2026-04-15 10:57:38.416221+03	2026-04-15 13:11:26.320527+03	0.00	0	29	12
862	Монітор Dell S2725HSM (210-BSZF)	dell-s2725hsm-210-bszf	210-BSZF	U1132024		Модель: S2725HSM\nВиробник: Dell\nГарантія: 36 міс.	8122.07	186.50	0	1	t	36	Китай	products/862/U1132024.jpg	{"ean": 5397184962985, "model": "S2725HSM", "uktved": 8528521000, "classid": 45, "groupid": 1005, "classname": "Монітор", "productid": 100579642}	2026-04-15 10:57:38.411248+03	2026-04-15 13:11:26.774611+03	0.00	0	2	12
861	Монітор iiyama GB2471HS-B1	iiyama-gb2471hs-b1	GB2471HS-B1	U1129189		Модель: GB2471HS-B1\nВиробник: iiyama\nГарантія: 36 міс.	6184.10	142.00	0	1	t	36	Китай	products/861/U1129189.jpg	{"ean": 4948570126392, "model": "GB2471HS-B1", "uktved": 8528521000, "classid": 45, "groupid": 1005, "classname": "Монітор", "productid": 100576722}	2026-04-15 10:57:38.404534+03	2026-04-15 13:11:27.226361+03	0.00	0	31	12
860	Монітор Samsung LS32FM803UZXUA	samsung-ls32fm803uzxua	LS32FM803UZXUA	U1127928		Модель: LS32FM803UZXUA\nВиробник: Samsung\nГарантія: 24 міс.	18193.88	18999.00	4	1	t	24	Китай	products/860/U1127928.jpg	{"ean": 8806097614661, "model": "LS32FM803UZXUA", "uktved": 8528521000, "classid": 45, "groupid": 1005, "classname": "Монітор", "productid": 100576165}	2026-04-15 10:57:38.398332+03	2026-04-15 13:11:27.680756+03	0.00	0	15	12
859	Монітор Lenovo L24-4C (67DDKAC6UA)	lenovo-l24-4c-67ddkac6ua	67DDKAC6UA	U1127927		Модель: L24-4C\nВиробник: Lenovo\nГарантія: 36 міс.	4180.80	4399.00	4	1	t	36	Китай	products/859/U1127927.jpg	{"ean": 199271706466, "model": "L24-4C", "uktved": 8528521000, "classid": 45, "groupid": 1005, "classname": "Монітор", "productid": 100576164}	2026-04-15 10:57:38.391992+03	2026-04-15 13:11:28.143157+03	0.00	0	4	12
858	Монітор Samsung LS27D390GAIXUA	samsung-ls27d390gaixua	LS27D390GAIXUA	U1127683		Модель: LS27D390GAIXUA\nВиробник: Samsung\nГарантія: 24 міс.	5058.33	5199.00	2	1	t	24	Китай	products/858/U1127683.jpg	{"ean": 8806097466444, "model": "LS27D390GAIXUA", "uktved": 8528521000, "classid": 45, "groupid": 1005, "classname": "Монітор", "productid": 100575909}	2026-04-15 10:57:38.386002+03	2026-04-15 13:11:28.614571+03	0.00	0	15	12
856	Монітор iiyama GB2741QSU-B1	iiyama-gb2741qsu-b1	GB2741QSU-B1	U1126911		Модель: GB2741QSU-B1\nВиробник: iiyama\nГарантія: 36 міс.	8971.30	206.00	0	1	t	36	Китай	products/856/U1126911.jpg	{"ean": 4948570127450, "model": "GB2741QSU-B1", "uktved": 8528521000, "classid": 45, "groupid": 1005, "classname": "Монітор", "productid": 100575157}	2026-04-15 10:57:38.373892+03	2026-04-15 13:11:29.688537+03	0.00	0	31	12
855	Монітор Samsung LS27F320GAIXUA	samsung-ls27f320gaixua	LS27F320GAIXUA	U1124288		Модель: LS27F320GAIXUA\nВиробник: Samsung\nГарантія: 24 міс.	4986.48	5099.00	2	1	t	24	Китай	products/855/U1124288.jpg	{"ean": 8806097601333, "model": "LS27F320GAIXUA", "uktved": 8528521000, "classid": 45, "groupid": 1005, "classname": "Монітор", "productid": 100573332}	2026-04-15 10:57:38.368449+03	2026-04-15 13:11:30.129857+03	0.00	0	15	12
854	Монітор Samsung LS27CG550EIXUA	samsung-ls27cg550eixua	LS27CG550EIXUA	U1124145		Модель: LS27CG550EIXUA\nВиробник: Samsung\nГарантія: 24 міс.	7795.45	8299.00	6	1	t	24	Китай	products/854/U1124145.jpg	{"ean": 8806097471271, "model": "LS27CG550EIXUA", "uktved": 8528521000, "classid": 45, "groupid": 1005, "classname": "Монітор", "productid": 100572976}	2026-04-15 10:57:38.361671+03	2026-04-15 13:11:30.580271+03	0.00	0	15	12
857	Монітор GIGABYTE M27Q2 QD ICE Gaming Monitor	gigabyte-m27q2-qd-ice-gaming-monitor	M27Q2 QD ICE Gaming Monitor	U1126912		Модель: M27Q2 QD ICE Gaming Monitor\nВиробник: GIGABYTE\nГарантія: 36 міс.	11865.63	11999.00	1	1	t	36	Китай	products/857/U1126912.jpg	{"ean": 4719331871253, "model": "M27Q2 QD ICE Gaming Monitor", "uktved": 8528521000, "classid": 45, "groupid": 1005, "classname": "Монітор", "productid": 100575158}	2026-04-15 10:57:38.380108+03	2026-04-15 13:11:29.14295+03	0.00	0	32	12
853	Монітор ASUS VZ249HG (90LM0BV1-B01A71)	asus-vz249hg-90lm0bv1-b01a71	90LM0BV1-B01A71	U1123466		Модель: VZ249HG\nВиробник: ASUS\nГарантія: 36 міс.	3662.99	84.11	0	1	t	36	Китай	products/853/U1123466.jpg	{"ean": 4711636043304, "model": "VZ249HG", "uktved": 8528521000, "classid": 45, "groupid": 1005, "classname": "Монітор", "productid": 100572466}	2026-04-15 10:57:38.355721+03	2026-04-15 13:11:31.039038+03	0.00	0	1	12
850	Монітор Samsung LS24D360GAIXUA	samsung-ls24d360gaixua	LS24D360GAIXUA	U1116149		Модель: LS24D360GAIXUA\nВиробник: Samsung\nГарантія: 24 міс.	3832.40	3999.00	4	1	t	24	Китай	products/850/U1116149.jpg	{"ean": 8806097470021, "model": "LS24D360GAIXUA", "uktved": 8528521000, "classid": 45, "groupid": 1005, "classname": "Монітор", "productid": 100565965}	2026-04-15 10:57:38.338147+03	2026-04-15 13:11:32.392919+03	0.00	0	15	12
836	Монітор MSI MAG 242F	msi-mag-242f	MAG 242F	U1063495		Модель: MAG 242F\nВиробник: MSI\nГарантія: 36 міс.	5093.17	5299.00	3	1	t	36	Китай	products/836/U1063495.jpg	{"ean": 4711377289795, "model": "MAG 242F", "uktved": 8528521000, "classid": 45, "groupid": 1005, "classname": "Монітор", "productid": 100518046}	2026-04-15 10:57:38.259655+03	2026-04-15 13:11:39.311481+03	0.00	0	34	12
829	Монітор MSI G255PF E2	msi-g255pf-e2	G255PF E2	U0995388		Модель: G255PF E2\nВиробник: MSI\nГарантія: 36 міс.	5934.12	6199.00	4	1	t	36	Китай	products/829/U0995388.jpg	{"ean": 4711377142755, "model": "G255PF E2", "uktved": 8528521000, "classid": 45, "groupid": 1005, "classname": "Монітор", "productid": 100453656}	2026-04-15 10:57:38.220561+03	2026-04-15 13:11:42.475895+03	0.00	0	34	12
819	Монітор Vinga 22V107-11B	vinga-22v107-11b	22V107-11B	U0951636		Модель: 22V107-11B\nВиробник: Vinga\nГарантія: 12 міс.	2569.45	2799.00	8	1	t	12	Китай	products/819/U0951636.jpg	{"ean": 4823093318809, "model": "22V107-11B", "uktved": 8528521000, "classid": 45, "groupid": 100172, "classname": "Монітор", "exclusive": 1, "productid": 100412791}	2026-04-15 10:57:38.144952+03	2026-04-15 13:11:46.95686+03	0.00	0	33	12
818	Монітор GIGABYTE M28U-EK	gigabyte-m28u-ek	M28U-EK	U0949647		Модель: M28U-EK\nВиробник: GIGABYTE\nГарантія: 36 міс.	14850.55	15499.00	4	1	t	36	Китай	products/818/U0949647.jpg	{"ean": 4719331810887, "model": "M28U-EK", "uktved": 8528521000, "classid": 45, "groupid": 1005, "classname": "Монітор", "productid": 100411059}	2026-04-15 10:57:38.137215+03	2026-04-15 13:11:47.407136+03	0.00	0	32	12
817	Монітор AOC 27B3HA2	aoc-27b3ha2	27B3HA2	U0940134		Модель: 27B3HA2\nВиробник: AOC\nГарантія: 36 міс.	4407.26	101.20	0	1	t	36	Китай	products/817/U0940134.jpg	{"ean": 4038986181532, "model": "27B3HA2", "uktved": 8528521000, "classid": 45, "groupid": 1005, "classname": "Монітор", "productid": 100403080}	2026-04-15 10:57:38.128906+03	2026-04-15 13:11:47.859784+03	0.00	0	30	12
816	Монітор Philips 27E1N1100A/00	philips-27e1n1100a00	27E1N1100A/00	U0940126		Модель: 27E1N1100A/00\nВиробник: Philips\nГарантія: 12 міс.	4455.17	102.30	0	1	t	12	Китай	products/816/U0940126.jpg	{"ean": 8712581804282, "model": "27E1N1100A/00", "uktved": 8528521000, "classid": 45, "groupid": 1005, "classname": "Монітор", "productid": 100403072}	2026-04-15 10:57:38.122695+03	2026-04-15 13:11:48.308675+03	0.00	0	29	12
815	Монітор Philips 241V8AW/00	philips-241v8aw00	241V8AW/00	U0940124		Модель: 241V8AW/00\nВиробник: Philips\nГарантія: 12 міс.	3918.63	89.98	0	1	t	12	Китай	products/815/U0940124.jpg	{"ean": 8712581804343, "model": "241V8AW/00", "uktved": 8528521000, "classid": 45, "groupid": 1005, "classname": "Монітор", "productid": 100403070}	2026-04-15 10:57:38.11737+03	2026-04-15 13:11:48.787777+03	0.00	0	29	12
814	Монітор Dell P2425E (210-BMJF)	dell-p2425e-210-bmjf	210-BMJF	U0933422		Модель: P2425E\nВиробник: Dell\nГарантія: 36 міс.	10713.30	246.00	0	1	t	36	Китай	products/814/U0933422.jpg	{"ean": 5397184821688, "model": "P2425E", "uktved": 8528521000, "classid": 45, "groupid": 1005, "classname": "Монітор", "productid": 100396895}	2026-04-15 10:57:38.111969+03	2026-04-15 13:11:49.245147+03	0.00	0	2	12
813	Монітор Philips 271V8AW/00	philips-271v8aw00	271V8AW/00	U0917276		Модель: 271V8AW/00\nВиробник: Philips\nГарантія: 36 міс.	4921.15	113.00	0	1	t	36	Китай	products/813/U0917276.jpg	{"ean": 8712581804398, "model": "271V8AW/00", "uktved": 8528521000, "classid": 45, "groupid": 1005, "classname": "Монітор", "productid": 100382373}	2026-04-15 10:57:38.106385+03	2026-04-15 13:11:49.676949+03	0.00	0	29	12
812	Монітор Dell U2424H (210-BKTZ)	dell-u2424h-210-bktz	210-BKTZ	U0917124		Модель: U2424H\nВиробник: Dell\nГарантія: 36 міс.	10582.65	243.00	0	1	t	36	Китай	products/812/U0917124.jpg	{"ean": 5397184821381, "model": "U2424H", "uktved": 8528521000, "classid": 45, "groupid": 1005, "classname": "Монітор", "productid": 100382307}	2026-04-15 10:57:38.101087+03	2026-04-15 13:11:50.119326+03	0.00	0	2	12
811	Монітор ASUS TUF Gaming VG27VQM (90LM0510-B03E70)	asus-tuf-gaming-vg27vqm-90lm0510-b03e70	90LM0510-B03E70	U0914871		Модель: TUF Gaming VG27VQM\nВиробник: ASUS\nГарантія: 24 міс.	9276.15	213.00	0	1	t	24	Китай	products/811/U0914871.jpg	{"ean": 4711081714033, "model": "TUF Gaming VG27VQM", "uktved": 8528521000, "classid": 45, "groupid": 1005, "classname": "Монітор", "productid": 100380100}	2026-04-15 10:57:38.095644+03	2026-04-15 13:11:50.569603+03	0.00	0	1	12
810	Монітор iiyama XU2292HSU-B6	iiyama-xu2292hsu-b6	XU2292HSU-B6	U0902927		Модель: XU2292HSU-B6\nВиробник: iiyama\nГарантія: 36 міс.	4442.10	102.00	0	1	t	36	Китай	products/810/U0902927.jpg	{"ean": 4948570122561, "model": "XU2292HSU-B6", "uktved": 8528521000, "classid": 45, "groupid": 1005, "classname": "Монітор", "productid": 100369514}	2026-04-15 10:57:38.089282+03	2026-04-15 13:11:51.013035+03	0.00	0	31	12
809	Монітор HP P22H G5 (64W30AA)	hp-p22h-g5-64w30aa	64W30AA	U0889618		Модель: P22H G5\nВиробник: HP\nГарантія: 36 міс.	4355.00	100.00	0	1	t	36	Китай	products/809/U0889618.jpg	{"ean": 196548131686, "model": "P22H G5", "uktved": 8528521000, "classid": 45, "groupid": 1005, "classname": "Монітор", "productid": 100358064}	2026-04-15 10:57:38.081234+03	2026-04-15 13:11:51.483431+03	0.00	0	3	12
808	Монітор AOC 25G3ZM/BK	aoc-25g3zmbk	25G3ZM/BK	U0870804		Модель: 25G3ZM/BK\nВиробник: AOC\nГарантія: 36 міс.	6009.90	138.00	0	1	t	36	Китай	products/808/U0870804.jpg	{"ean": 4038986140911, "model": "25G3ZM/BK", "uktved": 8528521000, "classid": 45, "groupid": 1005, "classname": "Монітор", "productid": 100341336}	2026-04-15 10:57:38.073963+03	2026-04-15 13:11:51.932612+03	0.00	0	30	12
807	Монітор ASUS ROG Strix XG27AQ-W (90LM06U0-B03370)	asus-rog-strix-xg27aq-w-90lm06u0-b03370	90LM06U0-B03370	U0804252		Модель: ROG Strix XG27AQ-W\nВиробник: ASUS\nГарантія: 36 міс.	26260.65	603.00	0	1	t	36	Китай	products/807/U0804252.jpg	{"ean": 4711081747581, "model": "ROG Strix XG27AQ-W", "uktved": 8528521000, "classid": 45, "groupid": 1005, "classname": "Монітор", "productid": 100282018}	2026-04-15 10:57:38.066863+03	2026-04-15 13:11:52.382167+03	0.00	0	1	12
800	Мобільний телефон HMD 100 DS Teal	hmd-100-ds-teal	100 DS Teal	U1159827		Модель: 100 DS Teal\nВиробник: HMD\nГарантія: 12 міс.	568.76	13.06	0	1	t	12	Китай	products/800/U1159827.jpg	{"ean": 6438409107329, "model": "100 DS Teal", "uktved": 8517140000, "classid": 76, "groupid": 1050, "classname": "Мобільний телефон", "productid": 100604935}	2026-04-15 10:37:24.946592+03	2026-04-15 13:11:55.056881+03	0.00	0	24	14
791	Мобільний телефон Apple iPhone 15 Pro 256Gb Black Titanium (REF B) BREEZY (2BMTV13)	apple-iphone-15-pro-256gb-black-titanium-ref-b-breezy-2bmtv13	2BMTV13	U1157810		Модель: iPhone 15 Pro 256Gb Black Titanium (REF B) BREEZY\nВиробник: Apple\nГарантія: 12 міс.	36669.10	842.00	0	1	t	12	Китай	products/791/U1157810.jpg	{"ean": 5906110009207, "model": "iPhone 15 Pro 256Gb Black Titanium (REF B) BREEZY", "uktved": 8517130000, "classid": 76, "groupid": 1050, "classname": "Мобільний телефон", "productid": 100602699}	2026-04-15 10:37:24.881967+03	2026-04-15 13:11:59.092589+03	0.00	0	5	14
778	Мобільний телефон Apple iPhone 14 Pro 128Gb Space Black (REF A) BREEZY (2AMPXV3)	apple-iphone-14-pro-128gb-space-black-ref-a-breezy-2ampxv3	2AMPXV3	U1149019		Модель: iPhone 14 Pro 128Gb Space Black (REF A) BREEZY\nВиробник: Apple\nГарантія: 12 міс.	30494.15	700.21	0	1	t	12	Китай	products/778/U1149019.jpg	{"ean": 5906110000860, "model": "iPhone 14 Pro 128Gb Space Black (REF A) BREEZY", "uktved": 8517130000, "classid": 76, "groupid": 1050, "classname": "Мобільний телефон", "productid": 100594818}	2026-04-15 10:37:24.818477+03	2026-04-15 13:12:05.080331+03	0.00	0	5	14
\.


--
-- Data for Name: shop_product_promotions; Type: TABLE DATA; Schema: public; Owner: shop_user
--

COPY public.shop_product_promotions (id, product_id, promotion_id) FROM stdin;
1	1	1
2	2	2
3	3	1
\.


--
-- Data for Name: shop_product_property_values; Type: TABLE DATA; Schema: public; Owner: shop_user
--

COPY public.shop_product_property_values (id, product_id, propertyvalue_id) FROM stdin;
1	1	1
2	1	9
3	1	12
4	1	14
5	2	4
6	2	5
7	3	3
8	3	7
9	4	2
10	4	19
11	4	5
\.


--
-- Data for Name: shop_productimage; Type: TABLE DATA; Schema: public; Owner: shop_user
--

COPY public.shop_productimage (id, image, alt_text, "order", created_at, product_id) FROM stdin;
1	products/asus_vivobook_15_2.jpg	Ноутбук ASUS VivoBook 15 фото 1	0	2026-04-15 01:33:41.577026+03	1
2	products/asus_vivobook_15_3.jpg	Ноутбук ASUS VivoBook 15 фото 2	1	2026-04-15 01:33:41.580128+03	1
\.


--
-- Data for Name: shop_promotion; Type: TABLE DATA; Schema: public; Owner: shop_user
--

COPY public.shop_promotion (id, name, slug, promotion_type, discount_percent, is_active, start_date, end_date, description) FROM stdin;
1	Новинка	new	new	0	t	2026-03-16 00:33:41.406208+02	2027-04-15 01:33:41.406208+03	
2	Хіт продажів	bestseller	bestseller	0	t	2026-03-16 00:33:41.406208+02	2027-04-15 01:33:41.406208+03	
3	Розпродаж	sale	sale	15	t	2026-04-05 01:33:41.406208+03	2026-05-05 01:33:41.406208+03	
4	Знижка на мишки	mouse-discount	discount	10	t	2026-04-10 01:33:41.406208+03	2026-04-30 01:33:41.406208+03	
\.


--
-- Data for Name: shop_property; Type: TABLE DATA; Schema: public; Owner: shop_user
--

COPY public.shop_property (id, name, slug) FROM stdin;
1	Бренд	brand
2	Колір	color
3	Оперативна пам'ять (GB)	ram
4	Накопичувач	storage
5	Процесор	cpu
6	Діагональ екрану (")	screen-size
\.


--
-- Data for Name: shop_property_categories; Type: TABLE DATA; Schema: public; Owner: shop_user
--

COPY public.shop_property_categories (id, property_id, category_id) FROM stdin;
\.


--
-- Data for Name: shop_propertyvalue; Type: TABLE DATA; Schema: public; Owner: shop_user
--

COPY public.shop_propertyvalue (id, value, property_id) FROM stdin;
1	ASUS	1
2	Dell	1
3	Logitech	1
4	A4Tech	1
5	Чорний	2
6	Білий	2
7	Сірий	2
8	8	3
9	16	3
10	32	3
11	256GB SSD	4
12	512GB SSD	4
13	1TB SSD	4
14	Intel Core i5	5
15	Intel Core i7	5
16	AMD Ryzen 5	5
17	13.3	6
18	15.6	6
19	27	6
\.


--
-- Data for Name: shop_review; Type: TABLE DATA; Schema: public; Owner: shop_user
--

COPY public.shop_review (id, user_name, email, rating, comment, is_approved, created_at, product_id) FROM stdin;
1	sebastian		5	gut	t	2026-04-15 10:47:20.719977+03	799
\.


--
-- Data for Name: shop_visitlog; Type: TABLE DATA; Schema: public; Owner: shop_user
--

COPY public.shop_visitlog (id, date, page, ip_address, user_id) FROM stdin;
\.


--
-- Name: accounts_user_groups_id_seq; Type: SEQUENCE SET; Schema: public; Owner: shop_user
--

SELECT pg_catalog.setval('public.accounts_user_groups_id_seq', 1, false);


--
-- Name: accounts_user_id_seq; Type: SEQUENCE SET; Schema: public; Owner: shop_user
--

SELECT pg_catalog.setval('public.accounts_user_id_seq', 1, true);


--
-- Name: accounts_user_user_permissions_id_seq; Type: SEQUENCE SET; Schema: public; Owner: shop_user
--

SELECT pg_catalog.setval('public.accounts_user_user_permissions_id_seq', 1, false);


--
-- Name: auth_group_id_seq; Type: SEQUENCE SET; Schema: public; Owner: shop_user
--

SELECT pg_catalog.setval('public.auth_group_id_seq', 1, false);


--
-- Name: auth_group_permissions_id_seq; Type: SEQUENCE SET; Schema: public; Owner: shop_user
--

SELECT pg_catalog.setval('public.auth_group_permissions_id_seq', 1, false);


--
-- Name: auth_permission_id_seq; Type: SEQUENCE SET; Schema: public; Owner: shop_user
--

SELECT pg_catalog.setval('public.auth_permission_id_seq', 68, true);


--
-- Name: django_admin_log_id_seq; Type: SEQUENCE SET; Schema: public; Owner: shop_user
--

SELECT pg_catalog.setval('public.django_admin_log_id_seq', 402, true);


--
-- Name: django_content_type_id_seq; Type: SEQUENCE SET; Schema: public; Owner: shop_user
--

SELECT pg_catalog.setval('public.django_content_type_id_seq', 17, true);


--
-- Name: django_migrations_id_seq; Type: SEQUENCE SET; Schema: public; Owner: shop_user
--

SELECT pg_catalog.setval('public.django_migrations_id_seq', 20, true);


--
-- Name: shop_brand_id_seq; Type: SEQUENCE SET; Schema: public; Owner: shop_user
--

SELECT pg_catalog.setval('public.shop_brand_id_seq', 37, true);


--
-- Name: shop_cart_id_seq; Type: SEQUENCE SET; Schema: public; Owner: shop_user
--

SELECT pg_catalog.setval('public.shop_cart_id_seq', 1, false);


--
-- Name: shop_category_id_seq; Type: SEQUENCE SET; Schema: public; Owner: shop_user
--

SELECT pg_catalog.setval('public.shop_category_id_seq', 14, true);


--
-- Name: shop_order_id_seq; Type: SEQUENCE SET; Schema: public; Owner: shop_user
--

SELECT pg_catalog.setval('public.shop_order_id_seq', 1, false);


--
-- Name: shop_product_id_seq; Type: SEQUENCE SET; Schema: public; Owner: shop_user
--

SELECT pg_catalog.setval('public.shop_product_id_seq', 868, true);


--
-- Name: shop_product_promotions_id_seq; Type: SEQUENCE SET; Schema: public; Owner: shop_user
--

SELECT pg_catalog.setval('public.shop_product_promotions_id_seq', 6, true);


--
-- Name: shop_product_property_values_id_seq; Type: SEQUENCE SET; Schema: public; Owner: shop_user
--

SELECT pg_catalog.setval('public.shop_product_property_values_id_seq', 22, true);


--
-- Name: shop_productimage_id_seq; Type: SEQUENCE SET; Schema: public; Owner: shop_user
--

SELECT pg_catalog.setval('public.shop_productimage_id_seq', 2, true);


--
-- Name: shop_promotion_id_seq; Type: SEQUENCE SET; Schema: public; Owner: shop_user
--

SELECT pg_catalog.setval('public.shop_promotion_id_seq', 4, true);


--
-- Name: shop_property_categories_id_seq; Type: SEQUENCE SET; Schema: public; Owner: shop_user
--

SELECT pg_catalog.setval('public.shop_property_categories_id_seq', 1, false);


--
-- Name: shop_property_id_seq; Type: SEQUENCE SET; Schema: public; Owner: shop_user
--

SELECT pg_catalog.setval('public.shop_property_id_seq', 6, true);


--
-- Name: shop_propertyvalue_id_seq; Type: SEQUENCE SET; Schema: public; Owner: shop_user
--

SELECT pg_catalog.setval('public.shop_propertyvalue_id_seq', 19, true);


--
-- Name: shop_review_id_seq; Type: SEQUENCE SET; Schema: public; Owner: shop_user
--

SELECT pg_catalog.setval('public.shop_review_id_seq', 1, true);


--
-- Name: shop_visitlog_id_seq; Type: SEQUENCE SET; Schema: public; Owner: shop_user
--

SELECT pg_catalog.setval('public.shop_visitlog_id_seq', 1, false);


--
-- Name: accounts_user_groups accounts_user_groups_pkey; Type: CONSTRAINT; Schema: public; Owner: shop_user
--

ALTER TABLE ONLY public.accounts_user_groups
    ADD CONSTRAINT accounts_user_groups_pkey PRIMARY KEY (id);


--
-- Name: accounts_user_groups accounts_user_groups_user_id_group_id_59c0b32f_uniq; Type: CONSTRAINT; Schema: public; Owner: shop_user
--

ALTER TABLE ONLY public.accounts_user_groups
    ADD CONSTRAINT accounts_user_groups_user_id_group_id_59c0b32f_uniq UNIQUE (user_id, group_id);


--
-- Name: accounts_user accounts_user_pkey; Type: CONSTRAINT; Schema: public; Owner: shop_user
--

ALTER TABLE ONLY public.accounts_user
    ADD CONSTRAINT accounts_user_pkey PRIMARY KEY (id);


--
-- Name: accounts_user_user_permissions accounts_user_user_permi_user_id_permission_id_2ab516c2_uniq; Type: CONSTRAINT; Schema: public; Owner: shop_user
--

ALTER TABLE ONLY public.accounts_user_user_permissions
    ADD CONSTRAINT accounts_user_user_permi_user_id_permission_id_2ab516c2_uniq UNIQUE (user_id, permission_id);


--
-- Name: accounts_user_user_permissions accounts_user_user_permissions_pkey; Type: CONSTRAINT; Schema: public; Owner: shop_user
--

ALTER TABLE ONLY public.accounts_user_user_permissions
    ADD CONSTRAINT accounts_user_user_permissions_pkey PRIMARY KEY (id);


--
-- Name: accounts_user accounts_user_username_key; Type: CONSTRAINT; Schema: public; Owner: shop_user
--

ALTER TABLE ONLY public.accounts_user
    ADD CONSTRAINT accounts_user_username_key UNIQUE (username);


--
-- Name: auth_group auth_group_name_key; Type: CONSTRAINT; Schema: public; Owner: shop_user
--

ALTER TABLE ONLY public.auth_group
    ADD CONSTRAINT auth_group_name_key UNIQUE (name);


--
-- Name: auth_group_permissions auth_group_permissions_group_id_permission_id_0cd325b0_uniq; Type: CONSTRAINT; Schema: public; Owner: shop_user
--

ALTER TABLE ONLY public.auth_group_permissions
    ADD CONSTRAINT auth_group_permissions_group_id_permission_id_0cd325b0_uniq UNIQUE (group_id, permission_id);


--
-- Name: auth_group_permissions auth_group_permissions_pkey; Type: CONSTRAINT; Schema: public; Owner: shop_user
--

ALTER TABLE ONLY public.auth_group_permissions
    ADD CONSTRAINT auth_group_permissions_pkey PRIMARY KEY (id);


--
-- Name: auth_group auth_group_pkey; Type: CONSTRAINT; Schema: public; Owner: shop_user
--

ALTER TABLE ONLY public.auth_group
    ADD CONSTRAINT auth_group_pkey PRIMARY KEY (id);


--
-- Name: auth_permission auth_permission_content_type_id_codename_01ab375a_uniq; Type: CONSTRAINT; Schema: public; Owner: shop_user
--

ALTER TABLE ONLY public.auth_permission
    ADD CONSTRAINT auth_permission_content_type_id_codename_01ab375a_uniq UNIQUE (content_type_id, codename);


--
-- Name: auth_permission auth_permission_pkey; Type: CONSTRAINT; Schema: public; Owner: shop_user
--

ALTER TABLE ONLY public.auth_permission
    ADD CONSTRAINT auth_permission_pkey PRIMARY KEY (id);


--
-- Name: django_admin_log django_admin_log_pkey; Type: CONSTRAINT; Schema: public; Owner: shop_user
--

ALTER TABLE ONLY public.django_admin_log
    ADD CONSTRAINT django_admin_log_pkey PRIMARY KEY (id);


--
-- Name: django_content_type django_content_type_app_label_model_76bd3d3b_uniq; Type: CONSTRAINT; Schema: public; Owner: shop_user
--

ALTER TABLE ONLY public.django_content_type
    ADD CONSTRAINT django_content_type_app_label_model_76bd3d3b_uniq UNIQUE (app_label, model);


--
-- Name: django_content_type django_content_type_pkey; Type: CONSTRAINT; Schema: public; Owner: shop_user
--

ALTER TABLE ONLY public.django_content_type
    ADD CONSTRAINT django_content_type_pkey PRIMARY KEY (id);


--
-- Name: django_migrations django_migrations_pkey; Type: CONSTRAINT; Schema: public; Owner: shop_user
--

ALTER TABLE ONLY public.django_migrations
    ADD CONSTRAINT django_migrations_pkey PRIMARY KEY (id);


--
-- Name: django_session django_session_pkey; Type: CONSTRAINT; Schema: public; Owner: shop_user
--

ALTER TABLE ONLY public.django_session
    ADD CONSTRAINT django_session_pkey PRIMARY KEY (session_key);


--
-- Name: shop_brand shop_brand_name_key; Type: CONSTRAINT; Schema: public; Owner: shop_user
--

ALTER TABLE ONLY public.shop_brand
    ADD CONSTRAINT shop_brand_name_key UNIQUE (name);


--
-- Name: shop_brand shop_brand_pkey; Type: CONSTRAINT; Schema: public; Owner: shop_user
--

ALTER TABLE ONLY public.shop_brand
    ADD CONSTRAINT shop_brand_pkey PRIMARY KEY (id);


--
-- Name: shop_brand shop_brand_slug_key; Type: CONSTRAINT; Schema: public; Owner: shop_user
--

ALTER TABLE ONLY public.shop_brand
    ADD CONSTRAINT shop_brand_slug_key UNIQUE (slug);


--
-- Name: shop_cart shop_cart_pkey; Type: CONSTRAINT; Schema: public; Owner: shop_user
--

ALTER TABLE ONLY public.shop_cart
    ADD CONSTRAINT shop_cart_pkey PRIMARY KEY (id);


--
-- Name: shop_cart shop_cart_session_key_key; Type: CONSTRAINT; Schema: public; Owner: shop_user
--

ALTER TABLE ONLY public.shop_cart
    ADD CONSTRAINT shop_cart_session_key_key UNIQUE (session_key);


--
-- Name: shop_category shop_category_name_key; Type: CONSTRAINT; Schema: public; Owner: shop_user
--

ALTER TABLE ONLY public.shop_category
    ADD CONSTRAINT shop_category_name_key UNIQUE (name);


--
-- Name: shop_category shop_category_pkey; Type: CONSTRAINT; Schema: public; Owner: shop_user
--

ALTER TABLE ONLY public.shop_category
    ADD CONSTRAINT shop_category_pkey PRIMARY KEY (id);


--
-- Name: shop_category shop_category_slug_key; Type: CONSTRAINT; Schema: public; Owner: shop_user
--

ALTER TABLE ONLY public.shop_category
    ADD CONSTRAINT shop_category_slug_key UNIQUE (slug);


--
-- Name: shop_order shop_order_pkey; Type: CONSTRAINT; Schema: public; Owner: shop_user
--

ALTER TABLE ONLY public.shop_order
    ADD CONSTRAINT shop_order_pkey PRIMARY KEY (id);


--
-- Name: shop_product shop_product_pkey; Type: CONSTRAINT; Schema: public; Owner: shop_user
--

ALTER TABLE ONLY public.shop_product
    ADD CONSTRAINT shop_product_pkey PRIMARY KEY (id);


--
-- Name: shop_product_promotions shop_product_promotions_pkey; Type: CONSTRAINT; Schema: public; Owner: shop_user
--

ALTER TABLE ONLY public.shop_product_promotions
    ADD CONSTRAINT shop_product_promotions_pkey PRIMARY KEY (id);


--
-- Name: shop_product_promotions shop_product_promotions_product_id_promotion_id_13da5f7c_uniq; Type: CONSTRAINT; Schema: public; Owner: shop_user
--

ALTER TABLE ONLY public.shop_product_promotions
    ADD CONSTRAINT shop_product_promotions_product_id_promotion_id_13da5f7c_uniq UNIQUE (product_id, promotion_id);


--
-- Name: shop_product_property_values shop_product_property_va_product_id_propertyvalue_4a85546e_uniq; Type: CONSTRAINT; Schema: public; Owner: shop_user
--

ALTER TABLE ONLY public.shop_product_property_values
    ADD CONSTRAINT shop_product_property_va_product_id_propertyvalue_4a85546e_uniq UNIQUE (product_id, propertyvalue_id);


--
-- Name: shop_product_property_values shop_product_property_values_pkey; Type: CONSTRAINT; Schema: public; Owner: shop_user
--

ALTER TABLE ONLY public.shop_product_property_values
    ADD CONSTRAINT shop_product_property_values_pkey PRIMARY KEY (id);


--
-- Name: shop_product shop_product_slug_key; Type: CONSTRAINT; Schema: public; Owner: shop_user
--

ALTER TABLE ONLY public.shop_product
    ADD CONSTRAINT shop_product_slug_key UNIQUE (slug);


--
-- Name: shop_productimage shop_productimage_pkey; Type: CONSTRAINT; Schema: public; Owner: shop_user
--

ALTER TABLE ONLY public.shop_productimage
    ADD CONSTRAINT shop_productimage_pkey PRIMARY KEY (id);


--
-- Name: shop_promotion shop_promotion_pkey; Type: CONSTRAINT; Schema: public; Owner: shop_user
--

ALTER TABLE ONLY public.shop_promotion
    ADD CONSTRAINT shop_promotion_pkey PRIMARY KEY (id);


--
-- Name: shop_promotion shop_promotion_slug_key; Type: CONSTRAINT; Schema: public; Owner: shop_user
--

ALTER TABLE ONLY public.shop_promotion
    ADD CONSTRAINT shop_promotion_slug_key UNIQUE (slug);


--
-- Name: shop_property_categories shop_property_categories_pkey; Type: CONSTRAINT; Schema: public; Owner: shop_user
--

ALTER TABLE ONLY public.shop_property_categories
    ADD CONSTRAINT shop_property_categories_pkey PRIMARY KEY (id);


--
-- Name: shop_property_categories shop_property_categories_property_id_category_id_f74dd0d3_uniq; Type: CONSTRAINT; Schema: public; Owner: shop_user
--

ALTER TABLE ONLY public.shop_property_categories
    ADD CONSTRAINT shop_property_categories_property_id_category_id_f74dd0d3_uniq UNIQUE (property_id, category_id);


--
-- Name: shop_property shop_property_pkey; Type: CONSTRAINT; Schema: public; Owner: shop_user
--

ALTER TABLE ONLY public.shop_property
    ADD CONSTRAINT shop_property_pkey PRIMARY KEY (id);


--
-- Name: shop_property shop_property_slug_key; Type: CONSTRAINT; Schema: public; Owner: shop_user
--

ALTER TABLE ONLY public.shop_property
    ADD CONSTRAINT shop_property_slug_key UNIQUE (slug);


--
-- Name: shop_propertyvalue shop_propertyvalue_pkey; Type: CONSTRAINT; Schema: public; Owner: shop_user
--

ALTER TABLE ONLY public.shop_propertyvalue
    ADD CONSTRAINT shop_propertyvalue_pkey PRIMARY KEY (id);


--
-- Name: shop_propertyvalue shop_propertyvalue_property_id_value_3da43139_uniq; Type: CONSTRAINT; Schema: public; Owner: shop_user
--

ALTER TABLE ONLY public.shop_propertyvalue
    ADD CONSTRAINT shop_propertyvalue_property_id_value_3da43139_uniq UNIQUE (property_id, value);


--
-- Name: shop_review shop_review_pkey; Type: CONSTRAINT; Schema: public; Owner: shop_user
--

ALTER TABLE ONLY public.shop_review
    ADD CONSTRAINT shop_review_pkey PRIMARY KEY (id);


--
-- Name: shop_visitlog shop_visitlog_pkey; Type: CONSTRAINT; Schema: public; Owner: shop_user
--

ALTER TABLE ONLY public.shop_visitlog
    ADD CONSTRAINT shop_visitlog_pkey PRIMARY KEY (id);


--
-- Name: accounts_user_groups_group_id_bd11a704; Type: INDEX; Schema: public; Owner: shop_user
--

CREATE INDEX accounts_user_groups_group_id_bd11a704 ON public.accounts_user_groups USING btree (group_id);


--
-- Name: accounts_user_groups_user_id_52b62117; Type: INDEX; Schema: public; Owner: shop_user
--

CREATE INDEX accounts_user_groups_user_id_52b62117 ON public.accounts_user_groups USING btree (user_id);


--
-- Name: accounts_user_user_permissions_permission_id_113bb443; Type: INDEX; Schema: public; Owner: shop_user
--

CREATE INDEX accounts_user_user_permissions_permission_id_113bb443 ON public.accounts_user_user_permissions USING btree (permission_id);


--
-- Name: accounts_user_user_permissions_user_id_e4f0a161; Type: INDEX; Schema: public; Owner: shop_user
--

CREATE INDEX accounts_user_user_permissions_user_id_e4f0a161 ON public.accounts_user_user_permissions USING btree (user_id);


--
-- Name: accounts_user_username_6088629e_like; Type: INDEX; Schema: public; Owner: shop_user
--

CREATE INDEX accounts_user_username_6088629e_like ON public.accounts_user USING btree (username varchar_pattern_ops);


--
-- Name: auth_group_name_a6ea08ec_like; Type: INDEX; Schema: public; Owner: shop_user
--

CREATE INDEX auth_group_name_a6ea08ec_like ON public.auth_group USING btree (name varchar_pattern_ops);


--
-- Name: auth_group_permissions_group_id_b120cbf9; Type: INDEX; Schema: public; Owner: shop_user
--

CREATE INDEX auth_group_permissions_group_id_b120cbf9 ON public.auth_group_permissions USING btree (group_id);


--
-- Name: auth_group_permissions_permission_id_84c5c92e; Type: INDEX; Schema: public; Owner: shop_user
--

CREATE INDEX auth_group_permissions_permission_id_84c5c92e ON public.auth_group_permissions USING btree (permission_id);


--
-- Name: auth_permission_content_type_id_2f476e4b; Type: INDEX; Schema: public; Owner: shop_user
--

CREATE INDEX auth_permission_content_type_id_2f476e4b ON public.auth_permission USING btree (content_type_id);


--
-- Name: django_admin_log_content_type_id_c4bce8eb; Type: INDEX; Schema: public; Owner: shop_user
--

CREATE INDEX django_admin_log_content_type_id_c4bce8eb ON public.django_admin_log USING btree (content_type_id);


--
-- Name: django_admin_log_user_id_c564eba6; Type: INDEX; Schema: public; Owner: shop_user
--

CREATE INDEX django_admin_log_user_id_c564eba6 ON public.django_admin_log USING btree (user_id);


--
-- Name: django_session_expire_date_a5c62663; Type: INDEX; Schema: public; Owner: shop_user
--

CREATE INDEX django_session_expire_date_a5c62663 ON public.django_session USING btree (expire_date);


--
-- Name: django_session_session_key_c0390e0f_like; Type: INDEX; Schema: public; Owner: shop_user
--

CREATE INDEX django_session_session_key_c0390e0f_like ON public.django_session USING btree (session_key varchar_pattern_ops);


--
-- Name: shop_brand_name_048a0bbd_like; Type: INDEX; Schema: public; Owner: shop_user
--

CREATE INDEX shop_brand_name_048a0bbd_like ON public.shop_brand USING btree (name varchar_pattern_ops);


--
-- Name: shop_brand_slug_5d7ff4c0_like; Type: INDEX; Schema: public; Owner: shop_user
--

CREATE INDEX shop_brand_slug_5d7ff4c0_like ON public.shop_brand USING btree (slug varchar_pattern_ops);


--
-- Name: shop_cart_session_key_71d15f67_like; Type: INDEX; Schema: public; Owner: shop_user
--

CREATE INDEX shop_cart_session_key_71d15f67_like ON public.shop_cart USING btree (session_key varchar_pattern_ops);


--
-- Name: shop_category_name_11b68823_like; Type: INDEX; Schema: public; Owner: shop_user
--

CREATE INDEX shop_category_name_11b68823_like ON public.shop_category USING btree (name varchar_pattern_ops);


--
-- Name: shop_category_parent_id_901626c9; Type: INDEX; Schema: public; Owner: shop_user
--

CREATE INDEX shop_category_parent_id_901626c9 ON public.shop_category USING btree (parent_id);


--
-- Name: shop_category_slug_4508178e_like; Type: INDEX; Schema: public; Owner: shop_user
--

CREATE INDEX shop_category_slug_4508178e_like ON public.shop_category USING btree (slug varchar_pattern_ops);


--
-- Name: shop_category_tree_id_c48d9e64; Type: INDEX; Schema: public; Owner: shop_user
--

CREATE INDEX shop_category_tree_id_c48d9e64 ON public.shop_category USING btree (tree_id);


--
-- Name: shop_order_is_paid_462761_idx; Type: INDEX; Schema: public; Owner: shop_user
--

CREATE INDEX shop_order_is_paid_462761_idx ON public.shop_order USING btree (is_paid);


--
-- Name: shop_order_status_63c2c0_idx; Type: INDEX; Schema: public; Owner: shop_user
--

CREATE INDEX shop_order_status_63c2c0_idx ON public.shop_order USING btree (status);


--
-- Name: shop_produc_brand_i_835a1f_idx; Type: INDEX; Schema: public; Owner: shop_user
--

CREATE INDEX shop_produc_brand_i_835a1f_idx ON public.shop_product USING btree (brand_id);


--
-- Name: shop_produc_categor_322d96_idx; Type: INDEX; Schema: public; Owner: shop_user
--

CREATE INDEX shop_produc_categor_322d96_idx ON public.shop_product USING btree (category_id, available);


--
-- Name: shop_produc_price_3b79b5_idx; Type: INDEX; Schema: public; Owner: shop_user
--

CREATE INDEX shop_produc_price_3b79b5_idx ON public.shop_product USING btree (price);


--
-- Name: shop_produc_slug_76971b_idx; Type: INDEX; Schema: public; Owner: shop_user
--

CREATE INDEX shop_produc_slug_76971b_idx ON public.shop_product USING btree (slug);


--
-- Name: shop_product_brand_id_505fec11; Type: INDEX; Schema: public; Owner: shop_user
--

CREATE INDEX shop_product_brand_id_505fec11 ON public.shop_product USING btree (brand_id);


--
-- Name: shop_product_category_id_14d7eea8; Type: INDEX; Schema: public; Owner: shop_user
--

CREATE INDEX shop_product_category_id_14d7eea8 ON public.shop_product USING btree (category_id);


--
-- Name: shop_product_created_at_bba1b989; Type: INDEX; Schema: public; Owner: shop_user
--

CREATE INDEX shop_product_created_at_bba1b989 ON public.shop_product USING btree (created_at);


--
-- Name: shop_product_promotions_product_id_f09db85a; Type: INDEX; Schema: public; Owner: shop_user
--

CREATE INDEX shop_product_promotions_product_id_f09db85a ON public.shop_product_promotions USING btree (product_id);


--
-- Name: shop_product_promotions_promotion_id_82d8f922; Type: INDEX; Schema: public; Owner: shop_user
--

CREATE INDEX shop_product_promotions_promotion_id_82d8f922 ON public.shop_product_promotions USING btree (promotion_id);


--
-- Name: shop_product_property_values_product_id_8c27bf60; Type: INDEX; Schema: public; Owner: shop_user
--

CREATE INDEX shop_product_property_values_product_id_8c27bf60 ON public.shop_product_property_values USING btree (product_id);


--
-- Name: shop_product_property_values_propertyvalue_id_e6775285; Type: INDEX; Schema: public; Owner: shop_user
--

CREATE INDEX shop_product_property_values_propertyvalue_id_e6775285 ON public.shop_product_property_values USING btree (propertyvalue_id);


--
-- Name: shop_product_slug_30bd2d5d_like; Type: INDEX; Schema: public; Owner: shop_user
--

CREATE INDEX shop_product_slug_30bd2d5d_like ON public.shop_product USING btree (slug varchar_pattern_ops);


--
-- Name: shop_productimage_product_id_65b3b20c; Type: INDEX; Schema: public; Owner: shop_user
--

CREATE INDEX shop_productimage_product_id_65b3b20c ON public.shop_productimage USING btree (product_id);


--
-- Name: shop_promotion_slug_03bd4431_like; Type: INDEX; Schema: public; Owner: shop_user
--

CREATE INDEX shop_promotion_slug_03bd4431_like ON public.shop_promotion USING btree (slug varchar_pattern_ops);


--
-- Name: shop_property_categories_category_id_05abbde5; Type: INDEX; Schema: public; Owner: shop_user
--

CREATE INDEX shop_property_categories_category_id_05abbde5 ON public.shop_property_categories USING btree (category_id);


--
-- Name: shop_property_categories_property_id_051db831; Type: INDEX; Schema: public; Owner: shop_user
--

CREATE INDEX shop_property_categories_property_id_051db831 ON public.shop_property_categories USING btree (property_id);


--
-- Name: shop_property_slug_24664dd3_like; Type: INDEX; Schema: public; Owner: shop_user
--

CREATE INDEX shop_property_slug_24664dd3_like ON public.shop_property USING btree (slug varchar_pattern_ops);


--
-- Name: shop_propertyvalue_property_id_ca89ba9b; Type: INDEX; Schema: public; Owner: shop_user
--

CREATE INDEX shop_propertyvalue_property_id_ca89ba9b ON public.shop_propertyvalue USING btree (property_id);


--
-- Name: shop_review_product_id_f74dddfd; Type: INDEX; Schema: public; Owner: shop_user
--

CREATE INDEX shop_review_product_id_f74dddfd ON public.shop_review USING btree (product_id);


--
-- Name: shop_visitlog_user_id_6cae6e8a; Type: INDEX; Schema: public; Owner: shop_user
--

CREATE INDEX shop_visitlog_user_id_6cae6e8a ON public.shop_visitlog USING btree (user_id);


--
-- Name: accounts_user_groups accounts_user_groups_group_id_bd11a704_fk_auth_group_id; Type: FK CONSTRAINT; Schema: public; Owner: shop_user
--

ALTER TABLE ONLY public.accounts_user_groups
    ADD CONSTRAINT accounts_user_groups_group_id_bd11a704_fk_auth_group_id FOREIGN KEY (group_id) REFERENCES public.auth_group(id) DEFERRABLE INITIALLY DEFERRED;


--
-- Name: accounts_user_groups accounts_user_groups_user_id_52b62117_fk_accounts_user_id; Type: FK CONSTRAINT; Schema: public; Owner: shop_user
--

ALTER TABLE ONLY public.accounts_user_groups
    ADD CONSTRAINT accounts_user_groups_user_id_52b62117_fk_accounts_user_id FOREIGN KEY (user_id) REFERENCES public.accounts_user(id) DEFERRABLE INITIALLY DEFERRED;


--
-- Name: accounts_user_user_permissions accounts_user_user_p_permission_id_113bb443_fk_auth_perm; Type: FK CONSTRAINT; Schema: public; Owner: shop_user
--

ALTER TABLE ONLY public.accounts_user_user_permissions
    ADD CONSTRAINT accounts_user_user_p_permission_id_113bb443_fk_auth_perm FOREIGN KEY (permission_id) REFERENCES public.auth_permission(id) DEFERRABLE INITIALLY DEFERRED;


--
-- Name: accounts_user_user_permissions accounts_user_user_p_user_id_e4f0a161_fk_accounts_; Type: FK CONSTRAINT; Schema: public; Owner: shop_user
--

ALTER TABLE ONLY public.accounts_user_user_permissions
    ADD CONSTRAINT accounts_user_user_p_user_id_e4f0a161_fk_accounts_ FOREIGN KEY (user_id) REFERENCES public.accounts_user(id) DEFERRABLE INITIALLY DEFERRED;


--
-- Name: auth_group_permissions auth_group_permissio_permission_id_84c5c92e_fk_auth_perm; Type: FK CONSTRAINT; Schema: public; Owner: shop_user
--

ALTER TABLE ONLY public.auth_group_permissions
    ADD CONSTRAINT auth_group_permissio_permission_id_84c5c92e_fk_auth_perm FOREIGN KEY (permission_id) REFERENCES public.auth_permission(id) DEFERRABLE INITIALLY DEFERRED;


--
-- Name: auth_group_permissions auth_group_permissions_group_id_b120cbf9_fk_auth_group_id; Type: FK CONSTRAINT; Schema: public; Owner: shop_user
--

ALTER TABLE ONLY public.auth_group_permissions
    ADD CONSTRAINT auth_group_permissions_group_id_b120cbf9_fk_auth_group_id FOREIGN KEY (group_id) REFERENCES public.auth_group(id) DEFERRABLE INITIALLY DEFERRED;


--
-- Name: auth_permission auth_permission_content_type_id_2f476e4b_fk_django_co; Type: FK CONSTRAINT; Schema: public; Owner: shop_user
--

ALTER TABLE ONLY public.auth_permission
    ADD CONSTRAINT auth_permission_content_type_id_2f476e4b_fk_django_co FOREIGN KEY (content_type_id) REFERENCES public.django_content_type(id) DEFERRABLE INITIALLY DEFERRED;


--
-- Name: django_admin_log django_admin_log_content_type_id_c4bce8eb_fk_django_co; Type: FK CONSTRAINT; Schema: public; Owner: shop_user
--

ALTER TABLE ONLY public.django_admin_log
    ADD CONSTRAINT django_admin_log_content_type_id_c4bce8eb_fk_django_co FOREIGN KEY (content_type_id) REFERENCES public.django_content_type(id) DEFERRABLE INITIALLY DEFERRED;


--
-- Name: django_admin_log django_admin_log_user_id_c564eba6_fk_accounts_user_id; Type: FK CONSTRAINT; Schema: public; Owner: shop_user
--

ALTER TABLE ONLY public.django_admin_log
    ADD CONSTRAINT django_admin_log_user_id_c564eba6_fk_accounts_user_id FOREIGN KEY (user_id) REFERENCES public.accounts_user(id) DEFERRABLE INITIALLY DEFERRED;


--
-- Name: shop_category shop_category_parent_id_901626c9_fk_shop_category_id; Type: FK CONSTRAINT; Schema: public; Owner: shop_user
--

ALTER TABLE ONLY public.shop_category
    ADD CONSTRAINT shop_category_parent_id_901626c9_fk_shop_category_id FOREIGN KEY (parent_id) REFERENCES public.shop_category(id) DEFERRABLE INITIALLY DEFERRED;


--
-- Name: shop_product shop_product_brand_id_505fec11_fk_shop_brand_id; Type: FK CONSTRAINT; Schema: public; Owner: shop_user
--

ALTER TABLE ONLY public.shop_product
    ADD CONSTRAINT shop_product_brand_id_505fec11_fk_shop_brand_id FOREIGN KEY (brand_id) REFERENCES public.shop_brand(id) DEFERRABLE INITIALLY DEFERRED;


--
-- Name: shop_product shop_product_category_id_14d7eea8_fk_shop_category_id; Type: FK CONSTRAINT; Schema: public; Owner: shop_user
--

ALTER TABLE ONLY public.shop_product
    ADD CONSTRAINT shop_product_category_id_14d7eea8_fk_shop_category_id FOREIGN KEY (category_id) REFERENCES public.shop_category(id) DEFERRABLE INITIALLY DEFERRED;


--
-- Name: shop_product_promotions shop_product_promoti_promotion_id_82d8f922_fk_shop_prom; Type: FK CONSTRAINT; Schema: public; Owner: shop_user
--

ALTER TABLE ONLY public.shop_product_promotions
    ADD CONSTRAINT shop_product_promoti_promotion_id_82d8f922_fk_shop_prom FOREIGN KEY (promotion_id) REFERENCES public.shop_promotion(id) DEFERRABLE INITIALLY DEFERRED;


--
-- Name: shop_product_promotions shop_product_promotions_product_id_f09db85a_fk_shop_product_id; Type: FK CONSTRAINT; Schema: public; Owner: shop_user
--

ALTER TABLE ONLY public.shop_product_promotions
    ADD CONSTRAINT shop_product_promotions_product_id_f09db85a_fk_shop_product_id FOREIGN KEY (product_id) REFERENCES public.shop_product(id) DEFERRABLE INITIALLY DEFERRED;


--
-- Name: shop_product_property_values shop_product_propert_product_id_8c27bf60_fk_shop_prod; Type: FK CONSTRAINT; Schema: public; Owner: shop_user
--

ALTER TABLE ONLY public.shop_product_property_values
    ADD CONSTRAINT shop_product_propert_product_id_8c27bf60_fk_shop_prod FOREIGN KEY (product_id) REFERENCES public.shop_product(id) DEFERRABLE INITIALLY DEFERRED;


--
-- Name: shop_product_property_values shop_product_propert_propertyvalue_id_e6775285_fk_shop_prop; Type: FK CONSTRAINT; Schema: public; Owner: shop_user
--

ALTER TABLE ONLY public.shop_product_property_values
    ADD CONSTRAINT shop_product_propert_propertyvalue_id_e6775285_fk_shop_prop FOREIGN KEY (propertyvalue_id) REFERENCES public.shop_propertyvalue(id) DEFERRABLE INITIALLY DEFERRED;


--
-- Name: shop_productimage shop_productimage_product_id_65b3b20c_fk_shop_product_id; Type: FK CONSTRAINT; Schema: public; Owner: shop_user
--

ALTER TABLE ONLY public.shop_productimage
    ADD CONSTRAINT shop_productimage_product_id_65b3b20c_fk_shop_product_id FOREIGN KEY (product_id) REFERENCES public.shop_product(id) DEFERRABLE INITIALLY DEFERRED;


--
-- Name: shop_property_categories shop_property_catego_category_id_05abbde5_fk_shop_cate; Type: FK CONSTRAINT; Schema: public; Owner: shop_user
--

ALTER TABLE ONLY public.shop_property_categories
    ADD CONSTRAINT shop_property_catego_category_id_05abbde5_fk_shop_cate FOREIGN KEY (category_id) REFERENCES public.shop_category(id) DEFERRABLE INITIALLY DEFERRED;


--
-- Name: shop_property_categories shop_property_catego_property_id_051db831_fk_shop_prop; Type: FK CONSTRAINT; Schema: public; Owner: shop_user
--

ALTER TABLE ONLY public.shop_property_categories
    ADD CONSTRAINT shop_property_catego_property_id_051db831_fk_shop_prop FOREIGN KEY (property_id) REFERENCES public.shop_property(id) DEFERRABLE INITIALLY DEFERRED;


--
-- Name: shop_propertyvalue shop_propertyvalue_property_id_ca89ba9b_fk_shop_property_id; Type: FK CONSTRAINT; Schema: public; Owner: shop_user
--

ALTER TABLE ONLY public.shop_propertyvalue
    ADD CONSTRAINT shop_propertyvalue_property_id_ca89ba9b_fk_shop_property_id FOREIGN KEY (property_id) REFERENCES public.shop_property(id) DEFERRABLE INITIALLY DEFERRED;


--
-- Name: shop_review shop_review_product_id_f74dddfd_fk_shop_product_id; Type: FK CONSTRAINT; Schema: public; Owner: shop_user
--

ALTER TABLE ONLY public.shop_review
    ADD CONSTRAINT shop_review_product_id_f74dddfd_fk_shop_product_id FOREIGN KEY (product_id) REFERENCES public.shop_product(id) DEFERRABLE INITIALLY DEFERRED;


--
-- Name: shop_visitlog shop_visitlog_user_id_6cae6e8a_fk_accounts_user_id; Type: FK CONSTRAINT; Schema: public; Owner: shop_user
--

ALTER TABLE ONLY public.shop_visitlog
    ADD CONSTRAINT shop_visitlog_user_id_6cae6e8a_fk_accounts_user_id FOREIGN KEY (user_id) REFERENCES public.accounts_user(id) DEFERRABLE INITIALLY DEFERRED;


--
-- PostgreSQL database dump complete
--

\unrestrict 0UJ5hZw0bP8gyjuMKSF1Yt75b1BoGQfpEnPCcXmWM2c14htkZOoexNdiOYmm0nn

